FIPS,2014 DR,2015 DR,2016 DR,2017 DR,2018 DR,2019 DR,2020 DR,2021 DR,2022 DR,2023 DR
01001,145.3,129.9,129.6,113.3,96.7,102.8,95.2,91.3,78.1,42.7
01003,143.5,132.1,123.8,107.1,93.6,67.9,64.1,61.7,61.7,62.6
01005,102.0,93.3,92.7,90.5,86.0,27.6,22.5,15.4,9.4,15.4
01007,75.8,69.4,97.2,91.1,81.1,21.0,24.7,29.1,33.7,37.3
01009,63.2,57.9,56.9,50.4,45.4,23.8,22.3,22.9,19.0,15.7
01011,34.3,23.4,19.8,20.4,24.8,24.7,21.5,17.4,18.9,20.2
01013,145.0,140.5,135.4,119.6,106.0,40.6,35.9,34.4,29.0,17.3
01015,180.0,165.4,161.0,140.9,129.9,106.4,95.8,93.5,83.2,82.8
01017,163.1,147.3,140.6,127.2,117.1,58.2,57.5,60.8,62.0,59.5
01019,175.1,169.2,157.7,135.1,129.2,46.5,53.3,45.3,36.4,33.3
01021,132.1,120.6,120.4,107.4,96.0,41.2,38.8,35.2,32.7,31.9
01023,141.2,97.0,97.8,91.5,67.4,37.5,37.2,32.8,28.2,29.5
01025,184.3,165.6,164.7,156.1,144.4,66.3,66.8,57.4,56.7,48.9
01027,150.6,139.7,133.7,117.4,105.7,84.7,75.6,74.9,68.1,63.2
01029,48.2,51.1,44.2,47.8,38.2,14.5,5.7,5.5,4.4,5.0
01031,143.2,131.9,129.5,121.5,114.2,79.9,74.0,67.3,103.5,104.2
01033,234.3,222.9,208.1,188.0,167.0,157.0,145.1,136.5,135.6,127.9
01035,154.4,102.8,93.9,88.6,88.5,110.7,116.3,129.3,127.5,127.9
01037,35.7,26.8,25.4,24.1,24.4,0.0,0.0,0.0,0.0,0.0
01039,216.2,198.8,170.9,147.5,135.1,94.2,84.1,81.7,63.3,58.7
01041,101.5,94.0,90.9,80.9,59.8,33.2,34.7,34.7,30.8,29.4
01043,182.6,172.0,166.2,144.7,126.7,87.3,77.9,71.7,69.1,75.8
01045,71.5,63.8,78.7,69.4,69.6,34.0,31.7,35.6,32.3,30.4
01047,123.3,115.7,117.8,102.1,82.0,65.1,59.3,57.5,54.1,52.2
01049,122.7,117.6,114.4,105.0,98.2,62.6,64.3,68.8,60.8,50.0
01051,122.7,113.1,117.3,113.6,98.5,28.1,25.1,24.3,19.2,15.2
01053,166.8,174.3,173.9,156.5,137.4,76.7,80.4,65.6,66.8,63.4
01055,191.4,171.9,156.8,132.5,126.1,102.9,102.1,101.8,77.9,80.0
01057,162.5,162.0,133.3,113.6,92.2,48.5,53.3,41.7,32.7,26.3
01059,225.5,222.4,223.3,184.9,152.3,92.3,87.9,75.6,69.0,65.7
01061,50.4,56.4,50.2,44.1,38.9,15.1,16.8,18.4,18.7,16.4
01063,98.6,78.7,79.8,53.9,36.8,25.2,17.1,16.7,14.8,14.4
01065,100.2,85.1,97.7,99.3,74.6,22.3,22.5,21.7,17.2,14.9
01067,37.3,49.2,30.7,26.5,21.3,52.3,46.3,43.4,39.5,37.6
01069,161.1,146.6,142.8,136.4,127.8,146.2,135.8,140.2,132.4,129.8
01071,135.6,117.3,144.6,142.9,130.5,82.3,70.4,65.8,62.8,62.0
01073,130.2,123.4,116.7,105.1,95.8,144.2,135.8,136.8,131.2,124.0
01075,105.8,107.9,104.7,81.2,82.0,13.8,10.6,11.5,11.0,10.2
01077,151.0,140.2,127.5,112.8,100.8,58.5,56.9,60.4,59.4,59.2
01079,140.5,126.2,114.1,101.8,88.0,30.5,28.2,28.1,32.2,34.0
01081,70.0,63.2,64.5,58.7,52.2,39.6,33.9,31.2,27.5,27.7
01083,79.1,70.2,76.5,69.4,61.4,33.1,26.4,28.1,27.0,27.7
01085,1.9,0.4,0.7,0.4,-9.0,9.2,7.8,7.0,0.9,0.7
01087,67.2,62.3,60.1,45.5,42.4,10.6,10.4,18.2,6.7,9.4
01089,122.0,117.4,113.7,101.1,85.4,98.0,85.0,84.5,83.5,79.7
01091,140.9,130.8,131.7,130.1,147.9,72.3,57.2,47.9,58.5,62.1
01093,207.3,192.9,182.1,164.7,140.2,108.8,108.0,101.6,93.0,89.8
01095,221.2,200.4,191.1,166.6,151.9,97.4,91.7,85.6,84.9,81.4
01097,158.5,143.0,133.5,119.3,107.6,108.5,97.7,95.1,92.3,87.6
01099,143.8,134.5,135.7,125.3,109.8,49.0,55.8,56.9,51.7,59.9
01101,101.7,87.0,88.0,84.9,70.3,93.7,85.4,87.1,81.7,88.3
01103,142.7,138.0,135.4,117.8,108.9,69.5,66.3,65.6,59.7,59.1
01105,5.2,4.0,3.6,3.6,0.1,15.3,17.8,17.0,16.3,20.7
01107,124.7,98.9,81.5,71.5,63.4,33.6,45.6,47.1,45.3,42.3
01109,112.7,104.7,105.5,99.7,90.1,36.6,38.6,36.3,34.5,31.9
01111,126.3,112.1,108.8,100.0,86.0,56.1,48.8,49.9,50.7,48.6
01113,128.9,117.9,110.6,103.1,92.9,34.7,35.4,33.9,33.2,33.3
01115,112.9,107.6,114.4,106.9,100.1,62.3,63.0,61.0,64.0,68.8
01117,110.5,103.4,100.7,90.4,81.2,77.2,64.1,62.9,70.3,64.9
01119,45.7,41.3,40.5,37.5,27.8,38.0,42.0,25.5,20.1,21.9
01121,154.4,140.1,138.9,124.3,108.5,41.3,38.9,38.3,37.1,33.1
01123,109.8,103.1,108.0,100.8,93.0,47.1,42.2,43.2,45.7,40.6
01125,116.7,114.0,111.2,100.4,89.1,96.6,78.9,72.8,75.9,67.7
01127,291.1,249.9,235.4,218.8,204.8,133.2,119.7,106.5,101.1,92.2
01129,36.8,37.8,44.3,52.4,44.0,28.1,30.6,27.1,24.3,19.2
01131,62.1,63.5,66.4,56.6,50.9,26.5,15.5,15.0,12.9,14.7
01133,179.6,169.3,172.5,159.8,143.4,67.0,65.2,64.1,65.4,65.7
02013,-9.0,-9.0,-9.0,-9.0,-9.0,10.6,9.5,4.7,0.0,0.5
02016,-9.0,-9.0,-9.0,-9.0,-9.0,2.5,2.3,2.6,3.5,6.3
02020,68.0,68.2,66.3,59.7,51.2,56.2,46.7,44.6,41.5,40.6
02050,-9.0,-9.0,-9.0,-9.0,-9.0,6.9,8.8,12.5,10.4,8.8
02060,-9.0,-9.0,-9.0,-9.0,-9.0,4.1,6.1,0.7,2.4,8.2
02063,-9.0,-9.0,-9.0,-9.0,-9.0,0.0,0.0,0.0,0.0,0.0
02066,-9.0,-9.0,-9.0,-9.0,-9.0,0.0,0.0,0.0,0.0,0.0
02068,-9.0,-9.0,-9.0,-9.0,-9.0,8.3,6.7,3.7,1.2,9.9
02070,-9.0,-9.0,-9.0,-9.0,-9.0,4.9,1.7,3.6,2.0,1.3
02090,54.3,50.5,48.4,42.5,36.8,29.6,29.9,29.5,28.1,24.4
02100,-9.0,-9.0,-9.0,-9.0,-9.0,1.2,0.6,0.6,0.3,0.9
02105,-9.0,-9.0,-9.0,-9.0,-9.0,5.3,2.7,2.1,1.9,1.4
02110,87.6,81.3,79.8,66.3,54.9,36.4,29.0,30.0,27.9,23.6
02122,100.0,100.1,97.9,82.7,76.3,53.1,47.8,49.1,44.2,40.9
02130,100.6,101.8,91.5,76.5,58.6,50.7,49.1,42.9,40.8,34.1
02150,38.6,34.2,33.6,28.4,23.2,18.3,17.9,18.1,17.2,15.2
02158,-9.0,-9.0,-9.0,-9.0,-9.0,0.0,0.9,0.0,0.0,0.0
02164,-9.0,-9.0,-9.0,-9.0,-9.0,0.3,0.0,0.0,0.0,0.0
02170,86.2,78.9,76.4,69.2,60.8,30.8,39.1,35.9,32.3,31.1
02180,-9.0,-9.0,-9.0,-9.0,-9.0,2.2,3.0,2.2,2.3,1.8
02185,-9.0,-9.0,-9.0,-9.0,-9.0,3.1,1.9,0.8,0.4,0.4
02188,-9.0,-9.0,-9.0,-9.0,-9.0,2.7,11.0,15.0,11.5,1.0
02195,92.2,80.3,71.0,64.2,65.0,68.8,64.9,78.0,80.4,67.6
02198,59.0,63.9,56.4,38.9,29.0,23.5,19.3,19.7,19.4,20.6
02220,14.1,10.5,9.5,7.3,0.1,16.6,14.8,22.1,23.2,28.2
02230,-9.0,-9.0,-9.0,-9.0,-9.0,5.2,9.9,10.8,4.5,4.7
02240,-9.0,-9.0,-9.0,-9.0,-9.0,13.5,14.7,5.2,2.5,1.1
02261,,,,,,18.0,0.0,0.0,0.0,0.0
02275,0.4,0.4,0.6,0.2,-9.0,6.7,4.6,3.8,1.2,1.9
02282,-9.0,-9.0,-9.0,-9.0,-9.0,5.3,7.6,18.1,14.3,13.8
02290,-9.0,-9.0,-9.0,-9.0,-9.0,1.2,2.5,3.5,5.7,2.1
04001,21.5,18.8,18.5,18.6,15.9,7.3,5.3,12.5,11.7,4.5
04003,82.7,83.5,79.0,68.5,60.3,38.3,35.3,37.2,33.9,30.4
04005,60.4,56.2,51.4,42.2,34.7,35.0,31.7,28.6,26.4,30.0
04007,124.3,116.3,110.0,87.2,73.7,46.6,43.8,44.1,44.2,42.0
04009,106.0,99.2,84.1,74.0,66.2,44.1,53.0,49.0,25.3,24.8
04011,1.3,0.5,0.0,0.0,-9.0,2.5,1.5,2.1,2.8,1.4
04012,89.7,82.6,78.3,66.0,50.3,18.8,19.4,18.3,17.1,20.2
04013,77.9,73.7,68.2,58.8,48.6,46.6,43.9,42.3,39.3,37.1
04015,142.2,133.9,127.5,113.2,94.1,70.6,67.3,62.8,53.5,41.6
04017,74.7,70.3,67.5,65.4,56.5,47.1,45.8,41.4,37.9,34.8
04019,84.2,79.4,74.0,64.7,56.5,52.5,47.8,45.4,42.1,39.6
04021,65.6,63.2,58.3,49.6,40.2,11.5,11.8,11.1,9.3,9.5
04023,27.4,24.8,29.3,21.3,16.6,8.4,5.8,5.8,5.2,4.9
04025,110.6,104.5,97.8,86.9,71.9,49.6,49.4,48.3,43.5,40.1
04027,57.6,58.0,56.6,47.4,37.2,24.7,30.0,26.7,29.0,26.4
05001,92.8,84.3,129.1,125.1,110.4,74.7,71.8,75.0,73.1,64.0
05003,126.5,120.7,115.8,110.1,100.7,28.3,26.6,27.1,24.4,22.3
05005,148.0,140.5,142.7,133.3,107.3,127.0,139.0,152.4,163.9,167.3
05007,95.1,93.2,87.8,78.8,69.1,44.5,37.5,38.5,36.9,36.9
05009,168.8,169.5,156.4,140.8,126.0,73.9,67.7,66.6,58.9,57.9
05011,149.6,129.3,116.5,108.8,97.7,80.7,74.9,75.8,82.0,76.4
05013,84.4,88.7,83.6,78.2,65.4,16.2,16.5,17.4,17.3,21.8
05015,78.2,72.2,89.2,79.3,70.3,37.2,37.5,33.6,30.9,29.8
05017,88.9,85.4,77.7,79.3,79.5,93.5,88.0,87.2,104.1,108.1
05019,116.9,99.7,100.9,94.6,97.4,56.8,56.6,65.9,60.7,59.3
05021,140.3,144.2,134.6,117.7,105.9,76.3,72.0,73.9,64.2,51.1
05023,118.7,111.9,115.9,111.6,102.7,50.6,54.4,57.3,57.8,59.3
05025,0.4,0.6,1.1,0.8,9.7,2.5,5.2,6.9,7.4,7.7
05027,133.0,116.6,106.6,99.8,93.9,52.2,53.2,53.8,53.7,54.6
05029,130.5,133.7,131.7,124.5,103.3,38.0,38.7,35.9,29.8,29.6
05031,166.0,164.4,157.3,144.4,125.8,168.0,165.2,153.6,142.6,138.2
05033,169.4,164.7,158.0,145.6,132.1,55.1,54.2,52.3,49.2,45.0
05035,107.0,106.5,108.7,105.4,93.5,69.0,59.0,56.0,58.4,54.9
05037,138.5,128.1,120.3,109.1,98.5,60.3,57.4,55.8,67.9,66.8
05039,112.6,106.5,101.6,77.1,74.2,40.2,33.4,43.9,44.3,47.5
05041,166.6,163.3,143.8,131.1,102.2,94.2,83.6,87.5,88.6,85.3
05043,117.8,116.6,131.8,126.4,113.0,93.5,94.7,107.0,108.0,105.8
05045,100.7,97.4,97.9,90.0,76.0,63.3,65.9,72.5,82.2,82.1
05047,28.0,29.5,22.2,19.1,13.7,42.7,42.0,39.1,26.1,23.1
05049,104.2,93.7,116.7,109.6,98.9,63.1,63.8,61.5,64.8,65.8
05051,194.9,182.5,176.3,157.9,138.6,120.1,112.8,115.4,128.7,125.3
05053,88.4,80.9,77.5,73.9,61.1,13.7,12.9,17.7,19.5,25.8
05055,185.6,174.4,177.8,172.5,155.7,100.5,98.3,79.4,75.7,68.6
05057,131.5,119.6,115.7,114.5,100.9,39.9,42.7,45.2,43.2,36.2
05059,114.1,104.3,105.3,96.8,82.6,40.2,38.9,35.7,31.7,33.0
05061,180.7,170.8,161.6,148.1,138.0,70.0,60.8,41.4,41.1,28.8
05063,178.7,164.7,159.8,149.7,129.3,140.3,132.0,129.6,132.2,120.0
05065,93.9,76.7,104.0,99.8,93.4,80.7,70.6,64.6,62.8,60.6
05067,160.1,148.4,150.4,135.1,115.6,46.4,54.6,55.2,43.2,43.1
05069,114.9,112.4,108.6,102.4,96.0,106.2,96.7,96.3,95.6,94.6
05071,147.7,136.0,127.4,109.9,104.3,62.9,53.9,46.0,50.3,44.3
05073,4.2,1.7,111.2,110.4,99.8,92.1,96.3,101.8,108.4,54.0
05075,48.2,39.5,37.5,35.1,27.0,42.6,45.7,44.7,41.2,44.9
05077,55.3,51.3,68.2,67.7,56.4,69.5,81.9,66.2,43.1,50.4
05079,81.1,81.8,67.6,60.6,50.6,13.3,11.1,9.3,10.5,13.8
05081,164.3,163.8,163.5,154.9,145.3,87.6,98.2,82.6,50.2,27.0
05083,40.6,39.8,41.2,37.2,27.8,21.1,24.9,29.5,30.1,27.0
05085,111.4,110.1,101.5,94.9,85.5,18.8,16.8,17.1,15.8,14.8
05087,83.5,79.7,79.3,80.0,69.5,34.9,29.7,27.3,26.4,22.9
05089,95.6,85.4,83.3,77.4,56.3,10.0,7.1,8.3,9.3,7.9
05091,138.1,129.7,109.3,101.9,94.2,80.1,85.2,85.3,79.6,93.0
05093,144.8,137.0,138.6,136.2,125.5,60.4,58.8,58.8,55.2,51.5
05095,109.2,102.8,92.6,85.6,75.6,11.6,5.7,6.1,8.3,7.9
05097,108.1,108.4,93.4,82.5,74.4,80.9,85.6,77.7,33.7,12.6
05099,-9.0,-9.0,-9.0,-9.0,-9.0,20.9,21.2,26.5,32.7,28.5
05101,2.8,1.8,0.8,1.0,-9.0,2.2,1.5,2.0,0.8,1.9
05103,139.8,142.5,143.4,137.9,123.8,69.5,72.6,74.0,64.4,65.8
05105,94.9,48.3,51.2,27.9,48.3,13.0,12.4,9.0,4.1,4.3
05107,173.6,161.4,159.8,160.7,120.8,92.0,88.6,86.2,82.8,96.5
05109,10.6,4.7,97.6,85.9,76.2,37.8,31.9,24.6,10.0,17.6
05111,105.5,98.4,120.7,121.2,109.2,81.2,70.1,69.3,59.5,48.1
05113,133.2,123.3,117.8,104.9,97.1,54.2,54.3,59.1,55.4,60.8
05115,138.2,134.1,132.6,111.2,95.3,46.5,41.9,37.0,35.0,34.8
05117,91.3,88.6,82.1,76.2,68.9,19.4,13.4,8.1,1.1,2.4
05119,117.5,111.6,105.2,98.3,87.1,149.9,139.9,135.8,126.5,129.6
05121,116.2,114.4,114.2,103.8,83.6,31.3,20.0,21.0,27.5,40.3
05123,96.4,92.4,94.8,88.4,76.3,44.9,51.1,54.1,48.4,47.9
05125,106.9,96.9,97.4,92.4,80.8,43.6,38.4,36.1,35.0,34.2
05127,154.2,155.5,124.7,115.8,110.0,57.3,64.1,59.9,61.6,69.3
05129,99.7,86.0,82.6,79.7,74.3,29.3,28.3,24.6,25.4,25.2
05131,186.1,174.6,169.0,155.0,141.9,131.6,121.4,126.1,114.3,121.8
05133,82.9,65.2,65.5,56.6,43.4,17.7,12.4,7.5,5.4,9.0
05135,136.4,147.0,138.5,131.8,116.3,48.4,44.0,44.6,45.1,55.5
05137,169.7,159.5,152.7,153.0,145.4,94.5,73.3,70.8,66.9,63.1
05139,141.9,136.3,131.5,117.8,107.1,121.3,111.7,118.5,116.3,102.5
05141,114.4,109.0,103.1,101.8,97.8,43.9,39.8,35.2,29.5,24.6
05143,104.4,101.6,98.5,91.5,76.2,83.3,69.6,69.2,62.9,60.3
05145,138.1,125.3,123.5,116.9,98.6,55.9,56.1,54.1,53.7,56.2
05147,32.0,4.7,3.8,2.7,8.1,27.3,14.9,18.3,17.3,18.4
05149,72.3,69.3,66.9,56.7,55.2,35.6,41.6,32.7,30.7,32.1
06001,38.0,33.6,31.1,26.2,22.0,20.5,18.1,17.6,16.3,15.1
06003,-9.0,-9.0,-9.0,-9.0,-9.0,24.5,21.4,1.7,1.7,1.8
06005,136.6,114.7,112.3,99.0,85.1,29.4,31.4,30.9,24.7,19.4
06007,143.9,136.9,125.4,105.6,89.4,70.8,64.8,58.3,48.2,45.0
06009,98.6,92.2,83.5,69.9,58.7,27.8,25.3,22.2,21.2,23.2
06011,44.9,41.2,45.2,34.6,30.9,27.3,24.4,24.5,21.3,20.4
06013,51.8,45.8,40.8,35.9,31.4,26.0,22.8,22.7,21.4,20.0
06015,168.6,147.0,133.7,117.3,97.3,56.5,57.1,56.4,54.0,51.7
06017,75.6,68.8,63.7,55.0,47.2,30.0,28.8,26.8,24.8,22.6
06019,66.1,59.6,57.8,52.9,48.3,46.4,41.7,37.8,34.2,30.6
06021,68.9,66.8,85.0,79.0,67.4,36.5,24.7,23.1,19.0,17.9
06023,113.6,100.7,92.2,77.5,67.0,55.7,46.4,44.7,41.4,43.6
06025,59.5,53.7,52.4,48.8,44.1,27.7,27.9,29.1,24.9,23.6
06027,63.6,60.7,61.3,50.0,41.6,26.3,25.3,27.5,29.8,28.8
06029,64.4,62.4,60.3,55.0,48.5,37.5,35.0,33.2,31.1,28.7
06031,78.5,67.7,64.8,58.8,54.5,36.2,36.2,32.9,27.7,25.9
06033,167.6,137.0,116.4,95.1,77.3,34.6,25.5,20.9,17.8,20.3
06035,104.2,93.4,81.7,66.2,51.7,46.6,33.8,23.3,24.0,24.5
06037,39.8,35.3,33.4,30.3,27.4,26.8,24.5,23.8,22.1,20.3
06039,58.4,52.6,49.7,42.3,37.0,19.4,20.5,18.6,16.4,14.1
06041,44.1,39.4,36.7,32.5,28.4,22.8,21.1,19.2,17.4,17.3
06043,67.8,69.8,67.6,55.7,47.6,17.4,15.8,15.2,13.8,8.3
06045,127.2,118.2,105.1,90.5,81.7,59.4,53.8,52.0,46.4,43.4
06047,74.0,68.5,65.3,56.6,47.9,36.5,32.6,27.3,23.5,20.3
06049,111.5,100.2,96.4,81.3,50.5,31.2,36.7,33.7,27.3,20.0
06051,53.0,54.0,54.4,44.5,37.9,30.8,35.0,36.5,33.3,27.7
06053,60.3,55.6,50.6,44.1,38.2,28.7,25.5,26.8,23.7,20.9
06055,50.9,46.4,40.4,35.5,32.1,27.2,22.6,22.8,23.1,20.1
06057,97.4,86.0,83.0,70.3,61.8,42.1,37.7,36.6,35.9,34.5
06059,47.6,43.9,42.1,37.7,33.8,31.9,29.7,29.3,27.2,25.7
06061,72.9,66.5,62.9,56.2,49.3,49.0,46.0,44.2,43.1,39.2
06063,109.7,90.2,85.5,73.1,66.6,46.9,40.7,35.6,27.5,51.6
06065,56.9,52.4,49.4,44.7,39.8,29.7,30.0,29.2,26.5,24.9
06067,60.1,53.8,50.3,44.1,38.2,37.1,33.6,32.0,29.8,28.0
06069,54.0,50.4,43.7,39.6,36.1,16.1,12.8,12.2,10.7,10.7
06071,58.7,54.8,52.2,47.4,41.6,37.5,34.6,32.6,29.3,26.4
06073,46.7,42.7,39.2,34.7,29.9,27.9,25.9,25.0,23.2,21.6
06075,38.6,35.4,32.2,27.0,23.0,34.6,30.5,32.1,30.2,27.9
06077,69.4,59.2,54.5,47.5,40.4,27.4,24.3,23.3,21.1,19.2
06079,86.0,77.3,71.6,63.8,58.6,45.3,42.7,37.2,35.0,33.6
06081,36.1,33.2,31.5,27.2,23.8,19.9,17.7,17.7,16.1,15.3
06083,62.4,57.6,54.7,49.1,42.4,43.1,38.9,38.1,34.2,32.9
06085,28.9,26.1,24.2,20.7,18.3,20.2,18.4,18.7,17.8,16.2
06087,70.3,62.3,57.0,48.9,41.6,29.1,27.9,27.4,24.2,23.8
06089,151.7,132.5,118.0,101.1,84.3,71.2,60.5,57.4,55.2,51.9
06091,35.1,28.7,21.3,12.3,5.5,5.5,5.2,1.0,11.9,14.9
06093,114.7,124.0,117.2,96.8,93.3,61.3,52.8,44.5,41.5,41.2
06095,52.9,46.7,43.0,37.3,31.8,22.9,21.3,22.2,21.1,18.8
06097,65.5,58.0,52.5,45.9,40.1,33.4,31.9,31.7,29.9,27.7
06099,103.9,90.8,85.1,75.6,65.6,59.7,54.2,53.0,50.6,47.7
06101,111.5,108.8,102.9,95.0,76.3,75.6,68.1,63.7,58.0,54.3
06103,119.4,103.9,94.8,82.8,70.8,42.7,34.4,32.3,28.2,28.5
06105,119.6,110.2,98.5,80.6,72.7,36.1,24.1,24.7,24.1,19.8
06107,78.8,68.8,65.1,58.5,51.2,39.4,34.6,34.0,35.9,34.3
06109,142.8,126.4,114.6,104.8,85.8,66.3,64.7,64.9,54.1,50.4
06111,60.2,56.7,54.0,48.6,43.9,32.9,30.8,29.8,28.3,27.4
06113,51.8,47.6,46.7,41.2,35.7,24.7,23.3,22.2,20.1,19.2
06115,96.2,92.0,83.2,68.3,61.7,32.2,28.6,20.9,23.2,21.2
08001,60.6,56.6,52.5,46.7,39.7,32.1,28.0,27.7,26.5,26.5
08003,175.8,165.5,152.4,119.1,98.4,42.5,35.4,36.2,36.3,35.3
08005,66.7,63.6,58.2,50.0,44.0,44.3,42.7,40.7,38.5,38.1
08007,75.6,77.6,72.3,65.1,59.1,38.1,39.4,36.0,32.8,25.9
08009,95.0,81.2,86.8,78.0,67.6,48.6,46.3,35.0,29.4,34.2
08011,59.1,65.5,59.6,44.2,34.3,48.8,49.7,46.2,42.6,6.4
08013,53.6,51.3,47.7,41.8,37.0,44.2,39.6,39.8,35.6,32.2
08014,61.5,55.4,52.9,46.3,41.1,42.7,42.7,39.2,38.0,37.1
08015,102.2,97.9,94.4,83.2,71.9,40.5,39.7,42.4,41.5,33.0
08017,74.0,73.0,68.1,62.1,48.6,16.8,28.3,53.7,53.5,59.4
08019,38.1,36.1,34.8,30.8,27.3,2.7,4.8,8.5,7.4,8.0
08021,2.2,1.3,1.2,0.8,0.0,30.7,31.7,27.3,20.1,20.3
08023,-9.0,-9.0,-9.0,-9.0,-9.0,1.2,0.7,4.1,3.8,4.8
08025,32.4,32.3,29.7,25.1,23.1,4.9,5.3,4.8,2.0,3.4
08027,-9.0,-9.0,-9.0,-9.0,-9.0,3.5,2.3,2.0,1.5,4.3
08029,96.5,90.4,83.6,76.0,65.6,37.6,37.7,41.6,40.9,40.2
08031,48.2,44.3,39.4,34.8,29.2,40.2,38.1,37.4,34.4,33.0
08033,-9.0,-9.0,-9.0,-9.0,-9.0,74.7,68.8,65.2,61.7,30.2
08035,55.9,54.9,50.5,45.5,41.7,26.8,26.9,27.3,24.2,22.9
08037,53.0,48.6,46.3,40.7,33.4,49.8,47.2,41.1,42.8,44.3
08039,36.6,35.1,34.9,31.0,27.4,10.5,10.1,9.2,8.6,8.0
08041,75.1,72.5,67.4,59.8,51.9,48.8,47.4,45.8,43.8,41.3
08043,80.0,76.4,72.7,66.4,55.9,37.0,37.1,38.8,33.7,32.6
08045,92.9,86.2,78.5,64.3,51.0,33.1,29.4,27.6,24.8,24.6
08047,-9.0,-9.0,-9.0,-9.0,-9.0,0.5,0.1,3.2,3.6,0.0
08049,50.3,47.4,43.3,37.2,33.5,12.7,12.7,13.2,12.7,14.9
08051,59.4,54.5,51.6,43.8,36.7,24.4,21.8,21.0,19.9,20.6
08053,-9.0,-9.0,-9.0,-9.0,-9.0,14.9,17.5,20.6,3.0,8.6
08055,87.8,77.7,80.6,87.4,74.1,45.0,34.1,25.3,20.5,13.5
08057,-9.0,-9.0,-9.0,-9.0,-9.0,18.4,11.4,9.9,9.4,7.5
08059,81.4,76.3,70.4,61.1,53.2,40.1,36.1,34.5,32.6,31.0
08061,148.3,131.5,112.7,96.6,93.2,18.0,25.5,30.3,30.0,30.1
08063,26.7,42.6,41.0,45.5,45.0,36.8,24.5,17.2,13.1,16.0
08065,68.6,53.5,49.7,44.4,39.2,13.0,12.1,9.8,10.0,9.6
08067,69.0,63.6,58.0,51.1,42.5,54.0,49.8,50.7,48.9,49.3
08069,78.5,70.0,62.2,52.3,44.8,41.0,39.2,37.4,34.6,29.9
08071,150.0,135.6,126.0,114.3,100.8,70.3,65.7,64.9,59.2,41.5
08073,1.3,1.2,29.0,40.6,34.2,18.6,18.6,17.2,20.6,22.3
08075,102.6,90.9,81.6,77.3,68.9,31.9,31.3,33.4,28.7,26.9
08077,87.9,86.2,78.6,71.4,59.5,57.6,53.1,51.1,47.3,46.8
08079,-9.0,-9.0,-9.0,-9.0,-9.0,0.1,0.0,0.0,0.0,0.2
08081,129.5,109.8,108.0,96.2,75.8,38.4,33.2,30.9,29.8,22.5
08083,105.2,99.5,90.8,76.1,63.8,37.2,30.5,30.0,26.6,26.3
08085,93.8,88.9,80.7,75.8,65.8,42.0,37.5,34.8,30.6,28.1
08087,97.1,74.4,65.4,59.2,50.5,24.9,24.9,23.2,19.0,19.0
08089,117.6,111.4,107.7,97.6,84.2,45.6,33.4,32.6,34.9,33.9
08091,45.4,39.9,34.4,28.1,1.5,17.0,16.4,16.6,15.1,14.5
08093,5.3,0.0,-9.0,-9.0,-9.0,0.5,0.7,2.0,1.5,1.5
08095,43.6,33.2,0.1,-9.0,-9.0,31.2,30.5,24.3,25.9,21.7
08097,34.6,28.4,26.1,21.9,17.9,33.2,28.9,29.7,26.8,22.1
08099,94.5,88.4,79.3,72.0,55.6,24.2,21.7,19.1,14.0,23.1
08101,125.0,116.5,107.9,96.9,83.4,74.2,70.8,70.2,63.8,63.6
08103,30.2,29.2,26.0,27.3,26.1,31.9,24.7,23.7,27.2,19.9
08105,93.3,91.7,79.9,73.3,62.3,64.0,61.2,63.1,64.6,59.6
08107,76.9,69.3,62.0,47.2,40.0,38.9,39.1,38.7,32.4,25.8
08109,-9.0,-9.0,-9.0,-9.0,-9.0,0.0,0.0,0.0,0.0,0.0
08111,-9.0,-9.0,-9.0,-9.0,-9.0,0.0,0.0,0.0,0.0,0.0
08113,39.3,41.6,35.9,29.1,20.3,19.6,16.8,15.5,28.6,22.9
08115,3.5,3.5,1.3,0.5,-9.0,24.1,59.9,55.6,49.7,50.0
08117,73.1,66.1,59.9,51.5,45.9,32.1,27.9,23.5,23.3,24.3
08119,121.5,115.6,107.7,89.9,74.9,23.3,15.8,13.1,12.4,15.1
08121,-9.0,-9.0,-9.0,-9.0,-9.0,4.3,4.5,4.4,1.6,0.2
08123,69.8,63.0,58.0,49.4,40.6,23.1,22.6,22.6,18.9,16.4
08125,80.6,77.7,71.1,60.6,47.0,39.6,31.6,28.6,35.1,40.0
09110,62.2,59.0,53.3,46.9,41.4,34.9,31.1,31.0,29.6,28.4
09120,50.7,48.2,43.4,37.7,33.8,37.5,33.3,30.9,29.4,27.4
09130,74.4,71.1,63.7,55.6,49.4,33.3,27.4,26.0,25.0,23.0
09140,71.5,67.2,60.3,52.4,46.6,42.4,39.4,39.1,36.7,35.1
09150,80.8,76.6,70.1,60.2,53.2,31.4,28.4,27.1,25.9,25.2
09160,70.7,66.6,60.2,52.6,46.7,25.9,23.5,23.4,21.2,20.6
09170,75.3,70.5,63.0,54.6,48.5,51.4,48.4,48.4,45.6,43.6
09180,79.7,75.0,66.6,56.1,48.8,38.2,34.7,34.0,32.5,30.6
09190,53.8,51.0,46.0,40.0,35.8,35.6,31.7,29.6,28.0,26.2
10001,94.4,84.4,75.9,64.0,58.6,39.0,30.0,26.9,24.5,22.9
10003,81.2,78.3,74.7,65.3,57.5,53.7,46.2,48.7,42.2,40.5
10005,113.8,100.1,93.1,80.3,69.8,56.9,54.2,50.3,49.1,49.3
11001,40.1,35.7,32.5,28.4,25.0,40.0,34.7,32.8,32.2,30.3
12001,71.6,69.3,69.1,65.4,57.8,100.3,91.5,91.5,87.8,85.9
12003,142.0,116.9,112.2,105.7,89.0,16.3,13.7,12.7,12.2,13.6
12005,128.4,121.5,121.2,113.4,97.5,84.5,68.1,62.6,58.7,55.3
12007,100.8,92.9,93.8,84.8,70.4,22.1,22.5,22.0,23.0,23.1
12009,97.0,93.0,92.1,84.7,74.2,56.6,53.7,49.9,47.2,42.2
12011,54.7,52.0,51.3,46.1,39.0,35.1,33.0,31.3,29.6,28.1
12013,79.7,75.2,71.2,67.5,65.8,32.6,32.2,31.3,18.9,29.6
12015,82.0,77.8,79.8,75.1,66.5,64.9,64.3,60.3,56.9,54.6
12017,107.2,104.0,104.9,103.2,89.9,52.9,50.5,47.7,45.1,43.5
12019,94.0,88.5,87.3,80.5,69.9,59.0,48.0,39.3,37.5,38.5
12021,62.0,58.5,58.2,51.7,45.4,39.2,40.0,36.8,32.3,30.1
12023,125.4,119.5,118.8,111.6,94.9,48.0,39.7,37.2,35.0,34.5
12027,58.0,54.5,57.4,56.3,47.0,11.2,9.6,10.8,12.1,11.9
12029,41.3,48.0,45.5,42.6,39.1,10.1,10.2,10.5,13.5,14.1
12031,95.1,88.6,88.6,83.0,70.9,78.4,74.2,71.3,66.9,61.7
12033,126.2,116.4,113.0,103.0,89.4,85.6,82.1,85.2,87.3,85.7
12035,80.9,77.6,80.3,74.9,66.2,30.4,30.1,32.4,28.0,28.6
12037,109.5,93.6,80.0,70.0,55.6,29.2,22.1,20.1,18.9,16.8
12039,63.0,58.4,58.8,53.2,46.0,8.5,8.9,8.6,7.4,5.4
12041,45.5,46.8,43.7,42.9,37.1,7.2,7.1,7.6,9.0,10.6
12043,7.6,4.9,5.0,3.7,3.8,0.0,0.0,0.0,0.0,0.3
12045,128.0,136.5,103.9,90.8,81.2,47.2,46.5,45.0,39.4,29.3
12047,44.2,37.0,36.6,30.0,33.8,6.4,6.2,6.5,7.6,6.6
12049,45.9,42.1,38.7,34.4,31.5,5.6,5.4,5.3,6.6,10.9
12051,75.1,68.9,70.9,64.0,56.0,10.7,12.3,9.3,9.1,7.7
12053,106.3,109.3,110.0,103.7,91.9,73.3,71.8,67.3,62.3,56.2
12055,79.6,79.5,80.2,73.5,65.7,39.6,38.6,36.6,33.2,33.6
12057,72.9,67.0,65.6,60.4,52.6,48.7,48.7,46.4,43.3,41.0
12059,108.8,86.0,83.5,77.6,70.9,54.2,54.4,53.2,48.7,43.0
12061,100.0,96.7,96.7,90.8,81.2,61.1,60.6,56.4,48.9,48.0
12063,121.0,107.2,109.6,103.9,91.0,45.1,43.8,46.6,46.2,45.4
12065,57.1,51.4,51.7,47.3,39.9,3.8,3.0,2.8,2.4,1.7
12067,65.0,60.2,57.4,49.8,42.3,18.5,23.1,23.8,24.2,23.2
12069,87.1,82.4,82.3,75.0,65.0,48.4,44.2,40.9,39.9,37.2
12071,68.8,65.4,66.3,61.7,55.1,41.8,43.0,42.3,40.1,38.2
12073,71.9,68.7,71.5,65.9,57.0,63.0,61.8,61.9,59.0,56.4
12075,118.9,102.9,102.8,98.2,86.1,34.5,54.0,52.0,45.6,44.7
12077,44.9,40.0,40.8,39.5,33.3,5.4,2.1,0.4,4.2,8.2
12079,82.6,80.4,81.3,75.8,71.6,45.8,18.3,14.6,14.4,16.4
12081,82.3,77.3,76.2,70.9,62.4,40.5,37.5,35.2,32.4,30.8
12083,89.6,89.8,90.8,85.4,73.2,56.6,57.9,56.6,54.1,50.7
12085,75.8,74.1,74.8,71.3,64.8,63.1,58.3,71.7,68.8,64.0
12086,34.4,32.0,30.5,28.1,24.1,24.2,23.8,23.6,21.8,19.3
12087,83.1,79.8,79.9,74.7,64.9,36.9,30.6,29.1,28.6,23.4
12089,118.8,111.4,110.4,103.6,86.2,30.5,31.5,44.9,39.9,41.3
12091,92.1,87.5,85.4,77.8,65.9,47.1,43.3,55.2,51.5,46.9
12093,122.1,115.9,101.6,95.3,86.3,58.7,65.8,64.3,62.7,61.9
12095,50.8,46.0,45.2,41.3,36.0,40.0,35.1,35.2,32.5,30.1
12097,60.1,56.3,53.0,46.5,39.8,21.2,22.9,25.4,23.9,21.4
12099,63.3,59.9,59.3,54.0,48.3,43.4,42.1,41.4,39.3,38.0
12101,90.7,85.0,86.6,81.0,71.2,64.3,60.9,58.3,54.6,50.6
12103,88.9,83.6,82.4,74.7,67.2,65.2,66.4,65.8,60.9,55.6
12105,74.7,69.7,72.9,68.1,58.8,37.7,34.4,32.6,29.9,26.7
12107,126.7,113.6,110.0,102.2,87.5,35.0,35.3,35.7,31.8,35.8
12109,66.8,64.3,65.0,60.9,51.2,34.3,30.7,32.7,28.1,24.3
12111,72.9,68.0,65.6,61.7,54.8,31.0,34.5,29.8,28.3,27.3
12113,111.7,99.1,97.4,90.7,77.4,49.3,47.1,44.0,40.2,34.3
12115,85.1,80.3,79.0,73.4,65.8,56.2,54.6,54.8,51.1,46.4
12117,59.3,53.5,55.9,52.9,45.8,40.0,38.2,34.0,33.5,31.4
12119,71.8,73.0,72.6,69.3,65.6,14.9,15.0,15.0,15.9,12.4
12121,92.9,88.9,85.7,80.4,72.2,15.4,16.5,14.6,11.9,10.4
12123,121.8,112.3,113.8,113.0,103.3,50.5,47.6,46.4,45.6,33.1
12125,67.7,61.3,54.6,52.3,46.8,18.8,18.2,18.3,14.3,12.7
12127,86.9,81.1,81.8,73.7,64.3,50.8,49.0,48.0,44.3,42.6
12129,89.6,84.7,83.8,78.5,67.8,11.5,9.5,5.7,4.2,3.9
12131,97.9,84.3,89.0,84.5,74.8,32.7,29.6,26.1,24.0,21.6
12133,184.1,142.1,124.7,121.1,108.9,37.7,32.8,25.2,22.4,22.3
13001,129.7,129.5,123.7,115.1,103.3,63.0,41.9,36.8,42.5,40.0
13003,71.3,77.9,67.9,66.5,56.8,64.2,58.8,55.5,49.6,44.1
13005,145.7,151.2,157.5,170.6,172.7,154.0,130.4,131.8,100.0,96.2
13007,-9.0,-9.0,-9.0,-9.0,-9.0,29.2,44.1,49.7,44.7,42.0
13009,113.0,102.8,98.4,90.0,81.1,45.1,43.5,41.9,38.9,37.4
13011,51.1,48.0,42.3,31.6,39.5,8.8,11.3,9.3,9.0,9.5
13013,92.3,87.7,84.6,76.0,68.4,61.7,64.9,58.8,54.5,48.0
13015,112.1,104.6,102.9,99.2,87.4,61.7,64.0,61.0,58.6,61.0
13017,199.0,208.1,199.4,181.2,162.5,78.3,67.7,57.0,57.8,62.0
13019,61.8,57.3,56.1,52.7,47.3,19.9,15.3,12.5,27.3,38.3
13021,145.4,138.8,130.7,120.5,107.2,131.7,122.5,124.0,118.6,112.6
13023,147.0,143.9,131.8,123.5,110.5,33.9,37.9,23.8,16.1,12.7
13025,71.4,64.7,55.2,50.4,47.5,8.9,7.0,7.2,7.4,6.8
13027,73.6,88.1,91.0,88.0,87.6,95.5,92.1,77.0,71.6,72.4
13029,93.7,88.8,90.7,82.0,69.0,35.5,21.6,20.1,20.8,20.4
13031,93.9,95.9,84.7,78.1,68.6,85.8,83.2,83.2,72.4,68.5
13033,93.0,88.0,84.3,76.2,66.5,39.5,35.0,33.7,31.1,35.0
13035,103.5,104.9,100.2,91.6,68.1,41.6,36.7,33.6,30.5,23.6
13037,2.0,1.0,2.2,1.4,0.1,14.4,13.5,20.2,24.0,22.0
13039,82.2,74.2,73.9,66.1,54.4,38.7,31.5,30.6,32.3,28.9
13043,151.1,160.8,169.7,157.1,135.1,77.2,73.2,70.6,61.1,52.0
13045,126.1,119.3,116.6,109.9,100.3,85.7,75.3,71.6,66.0,59.7
13047,148.9,124.0,116.1,104.4,91.8,38.7,33.9,32.6,29.4,29.4
13049,101.1,100.0,104.0,95.9,87.2,55.4,61.3,56.5,58.6,49.2
13051,91.7,87.8,84.9,77.3,69.1,79.5,75.2,78.1,74.2,69.9
13053,-9.0,-9.0,-9.0,-9.0,-9.0,0.5,1.0,1.0,0.5,0.3
13055,150.2,131.9,131.4,120.9,106.2,28.0,29.4,23.0,14.6,10.1
13057,71.3,68.0,70.0,63.9,56.4,55.6,53.5,53.5,51.3,44.3
13059,104.7,98.3,97.1,90.8,81.2,138.7,136.1,135.5,121.8,112.7
13061,67.7,55.1,49.0,42.9,32.3,84.9,15.5,33.0,61.3,88.9
13063,51.6,47.8,44.6,39.3,34.1,27.1,20.6,17.9,20.7,19.6
13065,144.8,153.4,150.8,145.9,132.3,63.7,70.2,72.7,70.5,58.3
13067,65.0,61.4,61.3,54.6,47.1,44.5,38.9,35.4,33.4,33.6
13069,173.1,167.0,173.8,175.8,155.4,164.7,143.5,125.4,108.2,94.4
13071,87.7,86.3,85.7,85.6,80.1,86.3,85.6,74.9,40.7,42.2
13073,88.6,84.7,81.0,72.1,62.8,66.6,60.0,54.4,50.3,43.7
13075,110.4,104.3,105.7,105.6,97.7,44.3,44.1,44.5,41.2,38.4
13077,80.3,81.2,81.3,75.9,68.2,51.3,57.8,62.4,53.0,42.1
13079,0.6,0.9,1.1,0.7,6.3,45.8,48.8,49.1,47.2,44.5
13081,180.4,178.6,174.5,169.2,160.7,91.3,98.8,85.7,83.2,69.4
13083,112.0,83.3,74.9,61.9,51.1,13.4,8.8,12.5,15.1,14.6
13085,162.6,149.5,135.6,142.8,130.8,41.0,35.5,30.2,31.3,32.5
13087,134.2,125.2,122.6,120.7,109.1,73.5,67.2,65.0,60.9,55.5
13089,48.6,45.9,45.1,40.2,35.4,47.1,43.2,45.2,43.0,38.8
13091,107.2,96.9,93.1,92.7,73.0,30.4,29.1,28.0,26.0,29.5
13093,0.5,0.6,0.6,0.7,0.0,2.1,1.5,1.0,0.9,3.3
13095,129.6,125.4,119.3,105.7,90.4,115.2,114.2,115.2,106.8,103.2
13097,101.7,97.0,94.5,85.3,75.4,46.1,45.0,43.2,41.3,41.1
13099,126.0,119.4,118.9,114.1,108.6,67.9,51.7,27.3,26.5,22.0
13101,-9.0,-9.0,-9.0,-9.0,-9.0,0.0,0.0,0.0,0.0,0.0
13103,86.5,86.7,79.7,71.9,62.0,21.2,21.1,20.9,21.2,20.6
13105,152.1,144.4,146.7,139.0,130.6,60.7,56.2,57.7,60.6,61.6
13107,107.8,109.8,113.4,108.6,95.9,60.2,62.2,64.4,55.1,54.5
13109,145.3,134.5,122.0,115.4,90.6,35.4,43.2,45.9,39.1,36.2
13111,160.8,163.3,154.3,134.7,122.1,88.7,79.0,67.1,66.9,61.4
13113,87.8,88.1,91.8,81.7,74.5,77.5,69.3,72.4,68.5,63.9
13115,163.8,160.1,153.3,135.5,121.8,162.2,149.2,144.9,138.3,128.0
13117,57.6,52.9,51.2,47.2,41.3,29.2,27.3,20.1,16.3,20.4
13119,141.9,127.6,122.9,112.4,112.4,43.8,37.5,32.2,32.0,31.6
13121,52.3,49.1,49.2,44.0,38.3,72.0,65.9,65.0,61.1,58.3
13123,145.4,139.4,135.2,118.7,112.7,52.9,51.4,46.3,38.6,34.0
13125,-9.0,-9.0,-9.0,-9.0,-9.0,0.0,0.0,0.0,1.5,1.2
13127,105.5,104.0,104.5,94.1,78.2,78.6,74.9,71.4,70.0,63.6
13129,130.5,120.0,117.8,106.3,95.6,65.5,70.8,71.1,72.7,81.9
13131,74.2,74.7,78.7,77.5,66.5,33.6,33.0,28.3,27.2,28.6
13133,140.6,129.3,142.0,129.3,104.3,54.6,48.8,51.8,48.5,42.6
13135,49.4,47.1,47.4,43.4,38.1,31.5,28.9,29.8,29.0,27.6
13137,118.3,108.0,101.8,100.7,87.2,28.3,27.1,23.7,21.1,20.4
13139,98.9,97.0,94.5,87.6,77.6,80.5,78.9,84.1,79.0,77.9
13141,53.8,55.0,53.7,45.7,37.7,11.4,9.8,10.2,9.9,7.7
13143,203.6,205.1,193.7,180.2,158.1,44.3,44.2,51.3,49.9,51.1
13145,8.4,9.0,7.8,5.6,5.7,4.3,4.3,4.0,3.6,4.2
13147,109.0,104.8,103.5,102.1,90.7,34.8,34.8,31.2,26.7,26.1
13149,1.2,0.6,0.6,0.5,0.0,0.1,0.1,0.0,0.1,0.0
13151,85.8,81.9,78.6,70.8,63.3,47.7,41.6,43.3,43.2,44.1
13153,104.9,99.3,93.5,86.7,76.8,58.3,54.6,55.9,54.3,52.1
13155,82.2,61.3,57.2,55.5,59.7,37.0,29.8,29.5,27.6,38.6
13157,119.2,109.3,116.6,108.4,97.4,47.8,47.0,47.0,42.5,42.6
13159,64.9,60.8,58.8,57.3,47.7,22.3,22.6,20.2,18.3,19.8
13161,110.8,104.1,91.7,84.4,72.5,33.6,32.5,29.9,40.6,48.6
13163,128.0,129.0,125.1,113.8,91.3,44.6,39.9,39.1,34.5,30.1
13165,38.0,38.0,31.1,26.8,16.9,27.9,32.8,35.7,38.1,66.1
13167,45.3,42.1,33.8,3.0,-9.0,18.5,19.9,10.7,15.5,7.3
13169,55.5,53.9,53.8,51.3,45.5,26.7,24.8,23.1,20.5,23.4
13171,77.9,72.1,75.6,65.1,67.1,20.8,17.0,16.6,18.4,17.6
13173,3.3,16.4,79.5,69.6,66.4,28.6,28.7,25.8,28.4,22.8
13175,144.7,131.5,122.8,115.7,100.6,104.0,92.8,84.4,79.9,75.6
13177,53.4,55.0,52.4,46.4,40.4,31.4,26.1,24.7,26.5,28.1
13179,60.0,58.0,55.0,52.3,46.5,40.0,31.4,31.2,27.5,23.5
13181,6.8,2.7,26.9,36.0,30.1,46.9,67.9,65.2,63.0,52.4
13183,0.3,0.0,0.1,0.1,-9.0,1.2,0.2,0.0,0.0,0.0
13185,103.8,91.4,92.7,86.2,83.5,79.1,70.2,75.0,72.8,67.9
13187,84.7,79.4,83.1,73.5,66.9,21.7,22.9,25.2,22.5,16.1
13189,178.6,172.2,163.2,141.6,118.5,71.4,62.9,58.1,52.2,48.3
13191,74.7,71.6,75.2,65.6,45.4,6.1,6.4,4.4,4.4,3.2
13193,71.7,74.9,68.0,67.8,68.9,32.4,27.1,24.2,28.0,21.2
13195,128.0,115.9,103.6,92.0,77.1,6.6,5.5,5.1,4.2,4.4
13197,20.9,19.9,19.4,17.1,16.6,2.0,1.8,2.0,2.0,2.6
13199,77.9,77.0,82.8,76.4,71.9,38.4,36.3,26.9,3.0,2.8
13201,128.1,115.5,108.8,100.2,90.4,76.4,70.3,72.1,68.2,71.7
13205,108.8,106.9,100.4,93.5,90.6,47.1,38.4,36.5,35.7,31.1
13207,69.7,66.1,67.8,66.6,59.7,25.4,22.7,21.2,14.8,12.8
13209,37.3,27.6,36.9,47.4,30.8,15.9,14.4,11.4,0.2,0.5
13211,86.9,83.5,79.4,76.7,62.0,43.7,21.5,20.2,19.4,18.7
13213,113.9,100.4,97.7,86.6,76.5,30.8,31.1,29.4,28.3,23.5
13215,99.6,88.7,90.7,87.1,75.7,107.8,97.6,91.5,85.6,86.8
13217,88.8,81.1,81.9,75.6,66.3,37.1,37.2,33.4,16.6,16.4
13219,61.5,64.3,63.2,60.0,55.7,41.0,39.0,40.3,41.7,47.5
13221,48.4,42.4,40.3,37.0,33.1,4.1,3.8,3.4,1.6,2.2
13223,63.0,60.4,58.6,53.0,46.4,26.8,26.4,29.8,23.7,16.1
13225,87.9,82.6,88.7,79.8,71.9,45.8,45.9,41.0,36.7,36.6
13227,132.9,127.6,122.0,112.0,101.9,32.7,32.7,32.0,45.7,49.7
13229,65.8,71.6,64.6,62.4,55.4,40.1,35.2,37.7,35.9,32.8
13231,19.3,13.8,12.4,10.9,10.0,4.0,5.1,3.8,4.2,4.8
13233,191.7,170.8,166.8,152.6,138.5,30.4,29.5,25.4,21.0,19.4
13235,99.9,96.5,88.7,89.9,82.6,34.1,32.7,24.5,101.4,30.8
13237,76.3,72.8,67.9,62.3,53.7,16.7,14.6,13.7,20.3,36.7
13239,-9.0,-9.0,-9.0,-9.0,-9.0,1.0,0.7,3.4,0.2,3.6
13241,157.6,146.9,134.0,146.9,144.7,77.8,75.4,73.4,73.6,68.9
13243,180.0,154.3,138.3,127.1,109.5,30.6,22.6,13.5,11.4,10.9
13245,102.0,92.9,86.8,76.7,64.3,103.9,88.6,88.8,89.9,91.8
13247,79.6,80.3,79.3,74.1,67.5,54.0,49.4,50.2,59.0,52.6
13249,1.3,21.2,3.2,1.5,0.0,15.7,15.5,17.8,14.2,8.7
13251,43.6,43.7,58.1,63.7,59.4,23.2,20.9,20.7,24.6,20.2
13253,206.3,195.8,178.8,171.5,155.3,130.7,106.3,102.0,108.1,109.3
13255,147.8,144.1,136.7,120.9,109.4,97.0,92.2,99.3,98.9,94.6
13257,179.7,167.9,163.7,156.2,146.4,68.2,62.9,55.5,51.1,48.8
13259,64.0,59.6,61.9,52.3,52.2,27.1,31.0,28.0,23.9,11.8
13261,112.3,100.1,105.7,106.6,99.7,72.8,72.6,73.9,78.3,81.9
13263,-9.0,-9.0,-9.0,-9.0,-9.0,2.9,3.6,3.4,3.1,2.1
13265,-9.0,-9.0,-9.0,-9.0,-9.0,0.1,0.0,0.0,0.0,0.0
13267,54.8,56.8,54.1,52.3,69.3,39.6,38.1,36.4,31.0,21.5
13269,44.9,42.2,72.9,91.2,76.0,3.2,3.7,3.1,2.1,2.7
13271,59.5,50.3,58.6,65.0,60.8,8.1,10.7,14.3,14.8,16.5
13273,41.1,48.9,51.3,47.3,30.7,6.8,6.3,7.1,10.6,13.0
13275,103.6,100.7,107.4,104.1,97.7,127.8,121.0,93.7,110.9,115.0
13277,146.2,145.1,149.2,134.4,125.0,178.6,179.5,192.1,175.1,168.8
13279,186.4,155.9,152.8,135.2,109.9,55.4,55.5,43.0,46.8,52.0
13281,120.4,117.6,111.0,92.7,81.8,44.0,74.6,103.4,112.5,106.8
13283,39.6,64.7,76.6,75.4,59.4,1.3,0.4,0.6,0.3,1.2
13285,113.2,101.5,98.9,94.3,87.0,77.4,80.4,81.1,76.2,61.8
13287,85.5,94.2,84.2,92.9,84.2,40.1,34.8,32.3,27.1,24.2
13289,1.6,0.9,1.3,0.7,0.0,0.9,0.2,0.1,0.2,0.2
13291,163.9,144.5,128.6,107.5,95.2,82.6,61.5,51.4,48.0,48.2
13293,148.5,137.7,138.4,142.6,135.3,85.3,86.5,78.2,69.8,65.8
13295,54.5,56.1,54.8,48.6,42.0,17.5,13.4,12.8,12.0,9.9
13297,113.4,114.8,111.0,100.3,86.7,23.5,22.3,19.9,18.9,17.4
13299,211.6,205.9,221.3,213.4,194.8,159.9,158.5,155.0,152.0,146.8
13301,1.3,1.0,0.2,-9.0,-9.0,7.3,6.3,6.2,6.0,10.4
13303,112.1,103.5,95.6,85.3,69.9,29.3,22.6,24.0,21.6,18.8
13305,148.0,152.0,144.0,139.3,115.5,105.3,101.4,100.2,68.9,52.9
13307,7.8,51.7,60.0,61.3,62.0,1.0,1.0,4.4,16.5,13.7
13309,41.7,44.0,32.9,2.4,10.2,0.0,0.0,0.1,0.0,0.0
13311,95.6,92.4,100.9,91.9,83.6,20.6,21.2,20.4,19.6,18.1
13313,102.6,97.0,93.4,87.2,75.7,89.3,77.4,66.7,61.3,47.3
13315,3.5,2.1,3.5,2.9,0.0,2.2,2.3,3.2,7.3,3.9
13317,157.0,148.4,138.0,120.9,109.0,54.0,44.3,41.3,41.2,46.6
13319,92.6,90.0,92.0,81.3,73.7,49.7,53.2,54.1,54.0,38.0
13321,97.7,96.2,95.4,82.7,78.8,32.0,29.4,28.0,28.7,29.5
15001,82.2,72.1,66.4,60.0,53.6,40.4,37.4,35.9,33.6,31.6
15003,38.0,35.6,33.6,30.6,26.9,27.5,23.6,22.8,22.1,20.6
15005,-9.0,-9.0,-9.0,-9.0,-9.0,0.0,0.0,0.0,0.0,0.0
15007,66.1,57.7,55.1,49.5,40.0,32.0,29.2,30.8,30.2,28.1
15009,57.8,58.4,56.8,51.8,44.5,34.2,29.4,23.9,23.2,20.6
16001,81.5,75.9,72.0,63.8,53.8,61.1,54.8,53.3,49.9,47.6
16003,-9.0,-9.0,-9.0,-9.0,-9.0,15.1,13.3,9.8,5.2,2.8
16005,111.3,106.9,101.6,93.5,82.4,82.3,79.6,79.3,68.7,65.5
16007,112.9,111.3,113.3,104.5,97.3,67.0,63.9,51.5,49.5,48.6
16009,99.8,99.1,90.0,81.3,72.2,49.6,20.4,14.4,13.9,12.2
16011,77.4,72.4,66.8,61.8,56.6,58.7,57.5,53.9,52.0,48.9
16013,40.1,40.3,46.0,43.4,36.8,23.3,21.0,19.8,21.4,20.2
16015,-9.0,-9.0,-9.0,-9.0,-9.0,9.8,9.7,14.5,14.2,13.1
16017,84.9,72.9,65.0,60.2,53.6,43.1,42.2,41.2,42.2,36.2
16019,100.8,97.8,92.3,83.3,75.6,76.1,71.2,74.4,70.5,74.6
16021,126.1,110.7,99.8,98.3,86.1,40.3,35.4,35.0,36.4,42.5
16023,82.8,105.3,99.3,83.7,75.0,76.5,121.6,120.2,75.9,67.1
16025,-9.0,-9.0,-9.0,-9.0,-9.0,0.0,0.0,0.0,0.0,0.0
16027,85.3,78.5,76.3,68.3,58.8,28.5,27.6,27.2,26.1,25.1
16029,116.0,110.5,107.1,101.6,97.5,92.0,103.2,109.9,105.1,101.9
16031,124.2,111.2,102.8,92.3,82.4,53.8,59.7,63.3,61.6,61.5
16033,-9.0,-9.0,-9.0,-9.0,-9.0,0.0,0.0,0.0,0.0,0.0
16035,93.1,51.4,64.5,88.1,75.8,13.8,13.6,14.7,15.6,17.2
16037,39.6,20.6,24.6,26.2,20.5,8.0,8.4,5.9,8.9,10.3
16039,71.3,71.3,69.2,64.6,56.9,26.0,22.4,22.7,21.5,18.9
16041,87.8,86.4,75.7,69.7,63.4,55.0,51.1,43.9,41.0,39.4
16043,46.9,45.3,43.3,31.7,28.8,17.4,15.0,11.3,10.3,10.1
16045,113.1,105.3,108.8,100.9,91.1,25.3,23.6,22.7,20.1,19.6
16047,43.4,43.0,60.0,50.7,44.5,27.0,25.9,29.4,29.8,31.6
16049,68.2,69.3,56.4,45.8,38.2,25.2,28.0,20.5,19.8,21.7
16051,39.4,37.9,37.5,35.5,33.3,17.6,17.3,18.5,19.4,19.5
16053,75.8,77.9,70.9,63.1,56.8,23.3,25.6,24.0,24.4,19.7
16055,107.0,101.3,95.0,87.2,76.9,62.0,58.4,56.3,54.3,57.2
16057,69.2,64.3,61.2,54.7,49.7,27.1,27.3,21.2,18.7,17.4
16059,89.4,118.9,99.1,90.7,84.4,32.4,33.2,47.3,70.0,74.2
16061,198.1,132.8,8.9,7.4,0.3,18.1,15.3,11.7,8.6,1.3
16063,-9.0,-9.0,-9.0,13.7,18.2,11.9,14.2,12.7,10.8,8.4
16065,59.4,55.0,51.8,49.9,44.0,29.9,21.1,21.9,21.8,22.7
16067,36.2,33.6,30.3,28.8,26.3,21.1,17.8,14.6,11.0,8.9
16069,130.6,124.5,127.8,109.3,107.3,142.3,119.1,109.6,102.3,93.9
16071,121.0,106.2,103.8,96.9,87.6,70.7,63.8,69.5,98.1,141.0
16073,21.0,22.6,12.1,30.2,27.2,8.5,6.7,2.6,3.9,2.3
16075,43.6,45.8,47.9,43.6,41.9,55.6,49.2,50.0,44.4,38.4
16077,83.3,76.9,71.6,63.7,56.2,39.6,40.5,36.6,29.5,20.9
16079,132.3,114.7,106.5,97.4,77.1,32.4,30.9,22.8,21.5,18.5
16081,73.4,62.8,57.8,50.7,47.2,23.9,22.8,21.7,19.5,16.3
16083,116.0,107.3,99.9,91.8,83.9,91.2,83.2,76.8,74.7,70.0
16085,110.9,105.9,95.9,83.9,69.0,22.4,20.9,17.9,17.7,18.9
16087,141.1,117.3,113.5,100.7,83.2,45.6,47.4,41.6,36.9,38.7
17001,151.1,141.8,133.7,119.5,95.5,92.9,90.2,89.5,84.4,81.3
17003,48.7,47.6,4.4,-9.0,-9.0,60.2,59.7,42.9,34.6,28.4
17005,69.0,61.0,55.5,47.0,41.9,26.4,24.8,23.0,22.8,21.5
17007,55.3,53.6,50.6,47.5,40.4,28.8,26.8,24.2,20.2,18.8
17009,5.6,3.3,2.7,1.9,0.1,35.0,44.7,45.3,63.3,77.8
17011,32.5,32.4,31.0,31.0,26.5,51.4,50.3,48.3,51.2,48.9
17013,5.6,2.3,2.0,2.0,0.0,6.9,5.8,4.5,3.4,4.2
17015,24.7,29.8,36.2,37.4,30.1,18.8,14.2,12.1,11.6,12.3
17017,34.5,30.7,24.6,21.5,17.5,9.9,8.4,8.4,8.3,10.6
17019,72.0,70.4,65.9,58.8,51.5,49.4,47.5,45.1,40.9,38.0
17021,101.8,96.0,86.8,74.9,62.9,25.4,23.2,25.3,24.6,24.4
17023,52.9,30.1,26.6,24.1,51.0,39.9,49.4,56.4,35.2,30.5
17025,91.7,80.7,76.0,65.0,55.3,19.9,16.3,18.1,22.3,24.7
17027,39.4,36.9,34.2,32.4,25.9,13.9,12.8,11.8,13.0,13.4
17029,115.7,109.5,99.8,90.2,76.0,62.1,66.8,66.8,63.0,59.4
17031,45.2,43.0,41.3,36.9,32.5,39.1,35.1,34.8,32.7,30.9
17033,40.3,34.9,32.0,29.0,21.0,6.9,9.4,19.1,19.3,23.5
17035,2.6,2.0,0.6,0.6,-9.0,16.8,19.7,25.2,24.2,26.9
17037,61.1,57.3,57.7,53.8,48.7,30.1,28.6,27.6,24.8,24.2
17039,93.8,86.1,85.3,77.3,63.2,24.5,23.3,21.7,20.7,18.3
17041,19.5,17.8,32.4,29.7,25.8,16.9,13.1,12.2,12.3,13.2
17043,51.3,48.5,46.7,42.3,37.9,46.1,42.4,42.7,41.0,39.0
17045,147.4,118.9,105.5,86.9,66.2,34.8,35.5,33.1,35.0,37.9
17047,99.6,98.1,96.2,83.1,70.1,46.4,38.2,37.8,34.7,30.0
17049,93.3,70.7,71.2,66.0,54.2,65.3,62.2,74.0,77.5,76.8
17051,75.8,66.3,61.5,55.7,48.3,22.8,18.6,20.8,24.5,20.6
17053,6.1,5.5,3.7,3.6,0.0,17.5,18.3,16.0,16.9,19.5
17055,137.2,126.9,138.5,112.6,106.1,38.4,29.3,32.5,31.4,20.9
17057,81.4,77.5,69.1,69.8,69.8,47.8,49.8,46.8,41.5,40.5
17059,-9.0,-9.0,0.1,0.7,30.0,33.8,14.0,13.3,15.4,36.9
17061,6.9,4.2,2.5,2.4,0.1,42.0,38.4,32.3,23.4,19.2
17063,85.5,82.8,91.6,83.0,73.6,48.5,45.8,47.8,49.1,48.4
17065,28.9,3.4,2.7,2.3,-9.0,9.3,10.7,14.0,15.6,12.8
17067,36.8,32.3,25.9,20.0,16.7,32.2,34.2,35.5,36.3,37.3
17069,223.3,243.4,239.5,208.9,206.7,186.6,167.1,160.1,150.0,142.5
17071,4.2,1.9,0.3,-9.0,-9.0,5.3,5.3,2.8,2.4,4.9
17073,68.6,64.3,61.5,56.6,49.1,27.7,24.6,23.9,23.8,22.6
17075,69.1,65.6,57.6,56.0,47.5,38.9,36.6,34.2,33.3,30.7
17077,112.0,105.8,104.5,91.3,77.8,106.4,105.4,107.7,106.4,105.1
17079,46.1,41.8,42.3,38.7,34.2,21.8,20.4,25.6,25.8,21.8
17081,128.1,116.5,113.7,104.2,89.3,96.5,96.8,104.7,91.8,92.9
17083,109.2,107.9,117.9,109.6,100.3,77.2,68.8,52.1,47.7,50.5
17085,47.7,41.6,38.2,37.3,17.9,24.8,24.5,24.7,21.2,23.3
17087,32.6,31.4,29.8,26.5,24.5,10.8,12.2,11.5,12.5,13.0
17089,46.0,42.8,41.5,37.6,33.6,23.0,21.8,22.7,20.8,20.4
17091,86.0,81.4,81.8,76.4,66.6,56.7,55.9,52.2,50.0,47.2
17093,59.5,55.4,52.1,48.9,41.9,11.6,11.2,11.2,10.6,9.1
17095,115.8,111.8,106.9,97.2,85.0,68.7,62.4,60.0,52.7,48.8
17097,57.5,54.6,52.2,47.8,42.3,38.8,34.1,33.7,32.5,31.3
17099,91.9,88.4,84.6,77.9,70.6,28.1,28.2,27.5,24.9,23.4
17101,103.9,93.1,86.8,83.2,74.9,45.8,43.0,43.5,43.7,46.2
17103,68.8,63.0,63.2,59.0,58.9,25.4,23.1,24.9,25.7,26.1
17105,80.7,73.6,71.3,74.5,63.6,43.6,43.5,47.5,43.3,43.4
17107,90.5,86.5,80.1,69.7,61.7,28.2,30.6,32.1,30.3,28.8
17109,84.8,83.7,81.1,79.1,66.9,47.7,54.3,56.2,52.4,44.7
17111,72.7,65.5,63.0,58.1,52.1,29.2,27.3,28.6,28.3,27.2
17113,64.2,61.1,57.3,52.4,46.4,56.1,51.2,51.8,46.7,42.8
17115,107.8,102.1,98.2,86.5,76.1,74.3,70.6,70.5,67.5,63.3
17117,37.7,37.9,39.2,34.5,30.1,22.1,22.1,21.1,18.3,16.2
17119,116.5,110.8,106.1,97.6,85.7,56.9,54.0,51.2,45.9,43.3
17121,137.3,140.2,127.8,119.3,107.2,56.5,54.7,50.9,47.5,41.7
17123,46.7,49.6,55.7,50.1,40.7,29.0,20.1,20.1,14.0,10.8
17125,65.6,65.3,60.6,55.4,42.3,23.6,22.9,21.5,18.9,13.1
17127,141.3,163.9,149.3,138.9,131.4,74.3,83.2,110.3,79.0,71.8
17129,2.4,1.8,13.4,25.3,20.4,1.2,1.0,5.5,5.6,4.8
17131,41.1,37.5,34.9,17.7,15.4,20.6,20.8,18.6,11.0,8.8
17133,81.4,76.2,71.9,71.1,65.4,21.5,21.6,29.0,28.6,28.7
17135,127.7,117.9,122.5,108.0,95.5,47.1,48.8,49.8,48.7,50.8
17137,125.6,125.3,127.4,113.7,96.7,61.8,54.8,54.6,54.3,41.3
17139,42.1,42.1,39.1,31.2,27.7,7.1,7.1,7.3,5.5,5.7
17141,29.3,26.5,24.0,23.0,19.7,14.1,15.8,15.5,16.5,17.6
17143,87.6,85.1,79.0,70.1,60.2,104.9,97.0,91.2,86.6,84.2
17145,103.9,95.7,50.2,47.9,40.8,60.9,58.7,51.0,47.0,44.4
17147,42.2,40.9,35.8,27.3,22.9,23.1,25.0,23.8,21.7,23.1
17149,32.6,27.6,26.8,25.3,38.5,37.3,42.7,43.1,34.4,29.4
17151,49.4,48.0,49.1,38.2,5.5,27.5,24.2,25.2,24.3,24.1
17153,70.6,68.6,83.4,67.1,54.9,0.0,0.0,0.0,0.5,0.0
17155,22.0,30.1,27.0,24.4,24.3,37.6,37.1,36.4,33.2,29.9
17157,75.1,71.7,68.6,63.8,51.5,42.1,40.8,39.8,43.0,39.6
17159,101.5,97.1,88.4,82.2,76.1,42.6,41.2,38.3,37.6,39.2
17161,88.2,84.5,84.2,76.0,66.3,50.5,45.1,46.4,44.7,39.8
17163,79.5,78.9,77.0,69.0,59.8,59.9,53.5,52.3,51.3,49.6
17165,246.9,213.5,217.1,202.8,177.0,127.2,127.2,128.6,122.9,127.8
17167,111.1,105.9,98.4,85.5,73.9,92.9,84.0,84.5,81.7,75.9
17169,47.9,4.1,2.6,1.4,31.4,30.2,30.2,29.8,27.3,31.9
17171,0.0,0.3,0.1,-9.0,-9.0,4.4,3.1,0.1,0.4,0.2
17173,37.5,33.7,33.0,30.9,29.1,18.3,16.0,14.6,13.8,13.8
17175,-9.0,-9.0,-9.0,-9.0,-9.0,1.1,0.5,0.4,0.1,0.4
17177,90.7,86.8,82.9,74.1,68.4,50.4,48.9,48.4,46.0,46.0
17179,99.8,94.3,90.9,83.5,72.8,32.6,29.5,28.7,27.4,26.8
17181,162.9,163.5,159.4,141.8,119.6,77.6,66.4,64.8,67.9,63.6
17183,107.1,100.2,93.6,84.9,71.9,54.1,50.8,44.8,42.0,35.7
17185,123.2,115.8,112.3,89.9,68.5,33.1,35.3,49.6,55.8,72.1
17187,71.1,72.6,76.7,69.2,60.7,31.4,32.0,31.9,37.9,33.8
17189,18.2,26.0,32.5,31.2,28.4,30.5,25.3,22.4,22.6,21.9
17191,85.3,81.2,79.9,74.7,64.3,60.3,55.8,52.6,48.2,43.8
17193,117.1,120.1,113.1,100.2,75.6,29.6,28.4,30.0,28.4,29.2
17195,70.3,69.2,64.1,55.8,47.4,38.1,34.5,35.1,34.9,33.2
17197,58.4,55.5,53.9,50.4,44.8,33.2,30.9,30.5,28.4,26.7
17199,153.8,150.0,151.9,135.7,121.5,92.6,89.3,82.7,81.0,76.4
17201,102.5,96.8,94.5,86.9,77.4,73.0,65.4,66.0,61.9,57.2
17203,20.8,25.1,28.9,27.6,24.1,33.9,30.4,26.3,26.3,26.1
18001,67.7,65.8,63.8,57.3,50.8,29.6,26.1,25.8,25.0,22.5
18003,85.8,82.1,76.0,67.2,58.2,84.8,80.3,81.5,79.0,78.3
18005,113.1,101.1,93.5,82.7,72.0,51.9,53.7,57.9,56.0,55.9
18007,25.1,21.1,20.8,20.9,16.8,8.9,7.8,14.3,9.1,7.1
18009,101.0,89.6,83.3,72.9,69.2,28.6,24.7,31.6,30.5,27.5
18011,79.2,73.0,66.7,58.3,51.7,45.8,38.9,34.0,30.3,28.4
18013,42.4,39.9,39.7,33.4,29.6,17.4,16.8,14.5,12.7,10.0
18015,34.9,32.9,30.6,23.5,19.2,5.0,6.9,3.6,3.6,3.7
18017,77.5,76.0,69.9,61.8,56.5,21.1,18.6,18.3,17.4,15.4
18019,130.4,115.9,104.8,92.0,84.5,74.4,78.9,82.6,81.2,73.6
18021,112.8,104.0,94.8,85.4,71.9,21.8,20.4,19.2,17.7,18.0
18023,98.0,79.5,70.0,65.1,51.0,20.7,13.8,12.7,12.0,9.6
18025,62.3,53.6,51.8,47.5,40.1,10.4,10.3,10.4,9.2,7.2
18027,101.5,88.2,80.8,73.7,65.1,38.4,33.0,28.1,25.0,25.0
18029,101.2,93.4,88.8,83.0,77.9,87.8,72.7,75.4,57.3,57.4
18031,96.6,86.6,72.9,60.6,52.0,39.3,43.0,28.5,29.0,28.6
18033,81.0,78.3,69.1,57.7,50.1,19.9,19.3,17.7,17.6,16.8
18035,129.0,103.3,99.4,91.2,81.0,87.2,84.4,78.8,69.6,60.3
18037,118.1,107.2,102.7,95.6,84.3,57.5,59.9,63.4,60.1,57.1
18039,84.7,78.1,73.0,62.4,51.3,43.9,41.1,39.7,37.4,35.3
18041,160.0,140.8,115.6,107.0,96.7,35.7,30.6,24.5,24.5,18.7
18043,152.6,138.5,131.9,117.8,104.6,123.9,117.0,118.6,126.9,116.9
18045,121.8,112.3,117.0,102.2,83.6,20.9,18.6,18.7,16.5,15.1
18047,57.8,55.1,50.3,43.9,38.1,30.0,25.5,26.5,29.8,21.8
18049,98.8,94.4,94.4,92.5,82.3,32.1,33.5,35.7,29.2,27.1
18051,114.5,100.4,92.8,86.7,79.2,38.0,36.8,35.0,35.6,31.9
18053,124.9,112.1,104.2,93.3,82.3,37.0,34.1,32.3,31.6,29.5
18055,98.9,97.3,94.0,79.1,64.9,35.0,38.9,34.4,31.5,29.0
18057,55.7,52.8,50.6,47.3,42.1,43.4,41.1,44.2,38.3,36.9
18059,80.0,78.2,76.8,68.3,61.9,34.6,30.8,28.6,28.1,27.2
18061,106.2,93.3,91.7,88.4,80.2,52.1,61.7,53.7,39.4,40.4
18063,82.7,78.4,73.0,65.6,58.7,44.7,41.4,38.7,35.9,35.5
18065,106.5,105.1,97.4,90.0,82.7,39.5,45.5,54.3,54.1,48.9
18067,137.3,127.6,122.7,115.1,102.5,68.5,69.7,69.5,70.3,53.6
18069,97.5,85.8,78.7,71.4,63.4,16.0,15.2,14.4,13.1,13.5
18071,109.7,100.6,90.1,75.8,59.8,61.1,56.8,51.0,51.3,50.3
18073,132.6,125.1,122.5,117.2,102.5,59.3,72.8,84.9,62.5,59.7
18075,114.8,104.3,89.2,82.8,72.8,27.1,15.8,15.0,15.3,15.5
18077,131.7,123.4,113.9,99.5,89.6,67.0,60.1,56.2,50.0,47.1
18079,122.9,107.7,98.2,88.7,75.8,22.9,21.5,20.9,19.4,16.5
18081,99.8,91.5,84.1,77.2,68.3,66.7,66.6,69.2,67.2,64.3
18083,147.7,132.4,129.6,119.2,99.4,114.7,100.0,112.9,98.4,89.7
18085,83.9,80.0,74.1,65.3,54.7,21.1,19.0,19.0,15.9,14.9
18087,26.9,24.5,23.1,20.6,16.9,10.6,10.0,9.5,11.3,11.3
18089,89.2,82.2,82.8,76.5,66.8,70.0,60.7,56.4,54.3,52.1
18091,119.1,110.0,105.9,91.3,78.7,66.1,51.5,54.8,60.1,51.2
18093,152.1,141.1,132.8,121.4,104.9,40.0,35.1,32.0,26.6,23.5
18095,126.0,116.5,110.1,100.5,87.1,62.3,59.8,58.5,52.9,47.3
18097,84.7,77.7,72.4,65.7,56.7,73.8,66.6,65.3,62.0,58.6
18099,98.4,94.3,89.2,81.0,68.7,27.0,23.2,22.5,20.3,17.4
18101,125.1,113.3,108.8,93.3,80.0,41.9,48.2,61.3,53.9,33.9
18103,75.1,72.0,67.3,59.3,52.3,27.1,23.1,22.7,24.5,23.8
18105,80.7,76.0,71.5,64.7,55.4,67.7,65.4,61.1,58.6,55.0
18107,105.5,101.8,98.6,94.2,77.3,25.5,23.9,20.7,17.2,15.1
18109,133.7,121.2,110.9,102.9,90.4,45.4,39.2,33.8,29.9,26.0
18111,28.0,26.3,25.8,21.6,17.8,1.8,2.6,2.0,2.1,1.0
18113,89.2,80.8,77.0,69.2,60.7,18.5,17.6,15.9,16.0,14.7
18115,-9.0,1.8,4.1,3.8,0.1,53.7,52.9,67.8,63.7,65.4
18117,132.0,116.8,105.9,89.9,75.5,29.7,27.5,25.4,23.2,22.8
18119,80.8,79.3,74.7,69.7,62.7,23.0,23.3,24.2,25.2,26.2
18121,51.0,47.5,41.1,34.3,35.4,33.5,40.3,27.3,27.5,22.1
18123,118.8,108.3,105.8,94.2,78.5,23.1,21.6,19.7,26.2,24.1
18125,89.0,90.3,94.6,83.6,70.7,42.2,39.2,38.6,37.8,37.3
18127,100.8,96.2,89.9,85.6,77.0,53.4,51.5,54.2,49.2,44.6
18129,57.5,57.6,55.7,52.1,52.6,52.0,49.7,49.6,45.1,30.1
18131,78.0,61.5,71.5,57.9,46.6,38.1,31.3,27.5,30.6,33.4
18133,91.9,84.5,78.8,56.0,48.6,25.3,26.5,27.3,26.8,25.7
18135,101.5,84.5,77.2,69.8,60.6,56.3,53.7,52.8,50.0,47.7
18137,107.0,105.0,107.8,100.8,90.7,38.6,34.7,35.4,34.2,28.5
18139,98.4,88.9,79.2,70.3,56.0,29.3,21.3,19.7,16.8,16.2
18141,90.6,85.8,81.3,72.2,60.2,69.1,67.0,61.0,57.1,48.8
18143,199.3,167.5,149.0,129.4,114.3,136.7,143.7,119.4,114.6,95.9
18145,95.5,83.3,78.2,71.0,60.0,34.3,26.0,21.4,21.3,26.5
18147,76.2,44.2,39.5,31.8,26.6,19.1,17.8,17.9,17.5,17.4
18149,125.7,118.2,114.9,105.1,91.1,53.0,51.0,48.3,46.7,43.1
18151,92.1,88.2,82.3,74.7,65.4,32.4,29.2,28.0,18.8,15.8
18153,123.0,109.1,97.9,81.7,65.7,50.8,51.6,54.9,60.8,60.0
18155,51.3,47.9,45.6,40.1,36.1,8.7,6.1,6.1,6.4,6.1
18157,83.7,78.2,71.4,64.4,51.9,62.5,59.2,56.5,55.6,55.8
18159,67.6,62.0,59.0,48.5,40.2,26.5,25.6,21.2,18.6,19.0
18161,61.6,65.7,56.3,44.6,43.5,18.0,26.6,34.2,35.3,34.5
18163,152.5,139.3,137.8,125.7,111.0,150.0,148.1,132.1,130.4,127.1
18165,104.3,96.3,92.2,83.5,69.1,26.7,15.6,18.1,19.1,18.7
18167,116.9,111.3,103.8,95.9,77.6,89.8,82.5,79.8,77.3,77.7
18169,105.2,98.2,94.2,86.7,73.2,24.6,22.6,21.8,19.5,20.1
18171,-9.0,-9.0,-9.0,-9.0,-9.0,4.7,3.0,4.6,6.0,6.6
18173,89.6,85.4,83.4,77.7,67.8,64.9,63.0,65.1,64.7,71.1
18175,95.7,92.7,74.3,73.0,69.0,42.3,32.9,29.2,27.3,22.0
18177,123.0,114.4,101.5,90.5,81.8,81.8,73.9,63.5,76.3,68.8
18179,79.7,79.8,75.5,68.1,60.8,44.5,39.9,31.1,21.5,19.4
18181,96.4,89.5,83.0,73.9,65.2,13.4,12.0,13.1,14.8,19.9
18183,110.3,104.1,93.7,79.1,69.8,21.0,21.2,20.6,18.4,19.3
19001,52.8,55.2,51.9,43.0,36.7,16.5,13.0,9.5,10.7,9.5
19003,7.1,9.3,13.3,67.1,53.7,16.8,15.7,24.4,26.0,23.5
19005,50.5,48.3,44.5,40.7,26.3,29.7,26.8,31.4,31.5,31.0
19007,138.2,133.4,117.1,105.7,90.4,46.0,40.5,36.8,51.8,46.9
19009,51.3,52.8,47.4,55.0,67.1,40.3,33.2,27.1,23.5,24.7
19011,15.1,15.2,12.9,11.0,7.9,12.1,16.8,16.9,16.5,16.4
19013,85.3,79.1,72.9,63.7,58.9,60.2,54.7,55.6,54.6,49.6
19015,66.1,61.0,61.1,56.8,47.7,25.8,25.4,24.9,26.8,24.2
19017,50.6,46.6,48.5,43.4,37.4,25.9,24.9,25.1,26.2,24.1
19019,43.7,39.2,37.8,34.6,29.0,16.1,13.4,14.3,12.3,11.7
19021,44.0,49.5,42.2,37.3,32.2,21.6,26.7,14.4,13.5,12.9
19023,18.5,17.7,17.1,17.0,15.7,13.5,11.1,8.8,8.8,11.3
19025,55.4,63.1,68.0,66.7,61.8,54.6,49.7,55.4,49.0,43.1
19027,118.3,107.7,99.3,90.9,73.9,47.7,43.6,37.0,37.2,36.4
19029,112.2,106.3,100.2,90.3,79.2,49.7,41.4,39.3,38.8,39.7
19031,23.7,22.7,19.8,17.3,15.7,18.4,18.2,19.0,14.0,15.8
19033,112.7,106.5,97.8,82.1,65.4,73.3,68.1,69.2,65.1,62.4
19035,57.7,58.2,43.2,38.1,31.3,22.3,20.7,21.0,19.6,18.6
19037,29.8,36.4,26.9,22.4,18.6,5.7,5.9,7.2,7.7,9.8
19039,103.1,91.3,87.6,96.0,79.5,27.9,16.9,15.4,18.2,18.4
19041,113.2,118.7,105.1,99.4,89.8,69.1,58.8,54.9,49.3,43.2
19043,38.3,35.8,28.4,22.1,14.3,11.8,11.4,10.5,9.5,8.9
19045,87.8,86.1,79.1,71.5,63.6,43.9,36.5,35.3,33.3,31.9
19047,69.1,68.8,63.5,58.2,49.4,28.3,29.1,27.3,24.2,22.0
19049,15.9,16.1,17.6,20.2,19.8,10.5,10.4,9.0,8.8,7.9
19051,61.9,67.5,58.1,52.9,36.1,30.9,35.8,34.0,32.9,27.2
19053,33.7,47.7,45.3,53.6,54.2,53.8,50.8,40.3,23.4,22.0
19055,54.3,49.6,46.5,41.7,39.2,26.8,24.1,25.6,22.4,20.0
19057,111.9,106.7,95.6,84.9,75.4,57.8,47.3,45.0,42.9,39.7
19059,82.4,85.9,77.6,75.9,64.5,32.8,24.7,28.6,25.8,25.3
19061,66.9,67.8,61.2,54.1,50.2,40.2,35.6,34.8,31.4,29.2
19063,66.5,71.3,62.8,51.4,45.7,26.9,26.5,21.7,23.5,24.0
19065,86.5,68.1,64.8,60.2,53.8,23.7,20.0,17.7,18.8,15.4
19067,113.2,101.1,85.2,52.3,48.2,36.9,38.1,38.1,38.4,34.8
19069,29.3,15.3,7.7,1.1,-9.0,6.2,5.6,4.2,3.5,3.0
19071,71.0,74.2,71.2,35.7,33.0,25.4,23.2,22.7,22.0,21.2
19073,107.9,96.4,92.8,86.4,70.8,41.6,43.5,39.6,35.6,30.6
19075,2.2,15.8,31.8,35.2,35.0,36.6,33.5,29.7,24.4,22.2
19077,16.7,6.7,2.6,9.2,36.5,30.7,36.8,35.6,25.5,28.2
19079,71.0,71.7,65.1,55.6,50.4,46.8,48.9,38.9,35.5,34.3
19081,0.1,0.6,0.3,0.1,-9.0,31.1,29.1,18.1,19.9,13.0
19083,69.6,58.7,55.9,52.9,57.7,35.4,35.3,34.8,35.6,32.5
19085,72.6,72.7,69.5,60.0,46.9,39.2,35.0,78.7,74.1,51.5
19087,77.5,73.5,68.4,64.3,54.7,31.1,29.8,31.3,32.2,29.9
19089,42.1,36.7,30.8,28.4,23.9,10.7,9.9,5.9,2.1,2.7
19091,67.9,66.8,61.5,51.8,47.0,22.2,21.5,20.4,22.8,21.0
19093,54.3,31.1,57.5,64.9,62.8,33.8,35.1,32.1,34.0,34.0
19095,25.5,27.7,35.7,33.6,28.0,24.7,21.6,17.5,14.3,16.6
19097,40.8,39.9,35.8,32.3,28.2,14.4,13.6,16.2,16.7,18.3
19099,71.6,70.1,70.4,60.2,51.0,37.3,32.9,28.0,25.0,21.4
19101,96.5,96.4,91.5,83.5,72.6,47.4,43.9,42.6,43.3,35.2
19103,40.0,35.7,32.3,28.4,24.8,68.3,68.3,64.9,61.8,53.6
19105,33.6,42.8,46.6,39.3,25.8,19.1,17.2,14.7,11.5,13.6
19107,-9.0,-9.0,-9.0,-9.0,-9.0,4.2,4.5,3.9,4.6,7.3
19109,50.2,43.0,38.4,34.1,31.3,14.6,15.1,16.0,14.6,14.4
19111,120.5,117.0,125.6,111.1,94.0,40.8,34.6,38.7,32.0,27.6
19113,80.4,73.4,65.0,56.2,46.5,36.3,33.3,34.3,34.4,33.6
19115,29.8,29.3,27.8,18.5,19.6,10.6,12.4,10.6,7.8,6.9
19117,113.8,112.4,107.6,85.1,77.0,48.3,40.5,37.9,36.5,31.2
19119,27.5,30.7,24.9,24.3,22.2,22.1,19.7,20.4,22.7,21.8
19121,86.5,85.4,84.2,75.4,62.9,35.9,27.8,24.6,23.0,17.6
19123,83.9,73.6,67.9,70.5,60.8,39.2,41.3,41.7,42.4,31.0
19125,75.8,67.6,61.2,57.4,52.1,40.4,34.5,32.5,29.1,27.5
19127,92.1,81.2,77.4,67.3,57.2,30.5,32.7,30.0,27.0,27.0
19129,39.8,40.3,40.5,49.0,39.6,43.0,36.5,32.2,30.8,29.8
19131,31.5,26.5,26.8,24.9,24.6,19.8,18.8,21.6,21.9,24.5
19133,91.5,90.7,91.4,85.6,80.8,35.5,37.3,39.8,40.0,35.7
19135,109.6,104.9,94.3,76.0,66.1,96.6,86.9,97.8,107.8,92.3
19137,79.7,85.4,83.7,82.9,101.8,42.8,33.7,29.7,31.6,28.1
19139,73.3,66.0,58.6,55.6,48.8,35.9,29.4,32.2,30.9,28.3
19141,49.0,56.5,57.9,59.2,51.6,37.7,39.9,36.4,37.7,42.7
19143,38.2,1.5,34.9,33.6,28.8,11.7,12.3,13.1,13.9,14.2
19145,124.5,117.8,112.4,100.8,88.2,52.0,47.6,46.1,46.7,45.5
19147,58.9,45.2,38.0,33.8,27.8,4.2,8.5,11.2,18.1,14.7
19149,52.6,45.1,45.4,42.4,39.6,15.2,19.2,18.4,17.3,14.6
19151,59.8,63.7,63.2,57.3,47.7,20.2,17.2,33.1,31.3,33.0
19153,94.0,89.0,82.2,69.9,58.5,64.8,60.4,58.6,55.9,52.1
19155,99.7,96.2,90.6,79.8,68.6,43.1,40.2,40.6,41.5,39.9
19157,59.5,58.2,54.3,50.6,44.4,38.7,34.8,32.7,33.7,32.6
19159,107.9,96.4,89.3,61.7,60.7,24.5,48.6,59.4,68.4,79.0
19161,20.9,21.1,18.4,15.5,15.6,20.1,21.2,22.4,24.9,29.2
19163,83.2,78.0,73.3,64.7,55.2,59.0,54.1,49.0,47.6,45.5
19165,57.8,56.8,60.6,52.9,48.5,28.7,32.2,31.9,33.4,35.8
19167,31.7,28.4,32.0,22.7,21.2,20.7,18.5,16.8,15.5,12.6
19169,48.4,44.5,41.6,37.5,31.8,30.6,30.1,28.5,27.8,26.5
19171,20.8,30.4,31.0,27.1,26.9,24.1,23.2,22.5,19.2,17.7
19173,23.1,22.4,20.6,14.5,-9.0,45.3,62.6,31.4,9.0,10.8
19175,148.2,145.8,126.2,116.6,104.5,58.1,54.9,51.9,49.5,46.4
19177,1.6,1.6,1.4,0.4,24.9,43.2,36.9,39.5,37.6,34.6
19179,132.5,134.0,120.7,98.9,76.2,45.2,37.4,33.4,30.0,33.4
19181,45.6,43.2,40.5,38.8,41.9,20.1,20.0,19.4,17.2,16.1
19183,49.3,47.2,45.6,42.4,39.2,26.3,22.9,21.6,20.5,18.8
19185,62.1,6.9,15.8,64.4,56.0,93.0,95.2,63.1,55.2,51.3
19187,104.1,94.8,90.4,75.2,65.3,55.7,49.2,55.2,52.9,41.3
19189,59.7,58.6,54.5,51.7,46.2,28.0,32.3,30.2,26.6,24.9
19191,54.3,47.6,47.2,43.8,38.4,28.2,21.7,25.4,23.5,23.4
19193,72.2,75.1,72.7,67.7,61.7,52.0,43.4,38.8,35.9,34.0
19195,1.2,1.0,0.8,0.7,0.1,1.5,1.5,1.6,5.6,3.0
19197,77.7,70.2,64.7,49.9,41.5,32.2,28.7,29.7,25.2,29.6
20001,175.0,156.9,94.7,124.0,130.8,86.4,82.4,82.1,71.8,73.1
20003,8.0,6.0,1.1,0.8,-9.0,8.2,8.0,11.0,13.4,19.6
20005,115.8,107.9,104.6,97.1,84.5,49.7,51.7,63.8,63.0,55.3
20007,22.4,6.8,4.3,3.0,0.0,39.9,25.0,13.3,17.1,16.5
20009,106.3,104.7,103.6,98.6,97.0,57.6,62.8,65.8,62.0,59.7
20011,117.6,104.3,116.7,105.4,88.9,69.8,63.4,59.1,47.5,34.2
20013,64.3,54.5,47.7,46.0,36.6,36.9,73.8,84.8,60.7,31.6
20015,110.2,104.7,96.6,88.8,90.5,65.9,61.4,61.1,57.2,54.6
20017,-9.0,-9.0,-9.0,-9.0,-9.0,17.2,13.7,14.4,16.1,10.6
20019,23.1,18.4,14.3,9.0,-9.0,30.2,36.3,49.3,49.5,48.0
20021,77.6,71.3,42.6,36.5,31.2,38.0,36.5,38.9,27.6,21.9
20023,119.9,115.8,116.2,106.1,105.8,133.1,149.3,143.3,130.4,113.2
20025,9.7,6.0,0.9,0.9,0.0,102.1,54.8,59.1,72.1,99.2
20027,78.6,8.6,83.6,78.7,76.7,59.9,66.2,81.0,75.4,64.8
20029,89.0,78.5,47.2,38.2,33.6,13.4,11.8,10.8,15.0,21.1
20031,11.4,21.4,5.1,3.2,85.8,94.4,83.4,32.8,33.8,26.3
20033,2.1,2.4,1.1,0.6,-9.0,10.1,9.6,8.9,11.0,11.7
20035,99.8,92.2,94.9,90.5,86.2,59.8,58.0,62.3,61.4,55.2
20037,133.9,116.2,105.2,92.5,79.3,102.5,71.4,58.6,50.3,47.1
20039,114.8,91.6,82.5,82.4,63.0,25.6,30.1,36.0,36.5,24.1
20041,2.4,1.9,1.6,1.7,0.0,49.5,48.8,51.1,54.3,22.6
20043,-9.0,-9.0,-9.0,-9.0,-9.0,2.8,2.8,3.6,3.3,2.3
20045,76.5,72.0,67.4,59.2,52.3,44.0,43.3,43.6,41.7,38.5
20047,3.0,31.9,65.7,63.4,71.1,57.9,52.1,55.2,40.3,28.3
20049,11.8,13.5,5.5,3.5,0.0,1.7,1.6,2.4,13.6,11.8
20051,133.5,118.7,107.9,95.9,91.8,62.7,56.0,51.2,42.3,44.3
20053,88.5,78.6,70.8,69.9,73.0,54.2,56.3,56.0,51.2,54.8
20055,87.4,78.8,74.5,66.7,61.6,33.8,28.5,28.7,24.3,25.5
20057,91.8,84.6,83.7,73.9,68.5,77.2,67.4,58.0,53.6,46.0
20059,126.7,99.2,104.1,94.6,87.7,45.4,40.5,35.8,33.9,31.5
20061,75.0,69.6,62.8,57.0,57.8,46.3,34.1,33.7,39.4,34.4
20063,3.7,2.8,29.9,55.6,0.2,25.2,23.3,23.7,28.8,40.7
20065,176.5,159.1,144.7,125.1,0.1,12.9,13.8,13.0,20.2,62.6
20067,11.8,77.2,61.0,56.8,53.0,24.0,22.6,29.4,30.5,27.6
20069,21.2,21.2,23.2,19.4,15.4,21.2,24.0,22.9,23.0,22.6
20071,97.1,110.4,110.5,108.0,102.3,123.9,110.4,106.6,105.3,105.3
20073,6.4,5.2,2.1,1.2,-9.0,17.8,15.2,20.3,26.6,31.9
20075,93.5,86.9,70.4,44.4,38.8,6.2,6.4,5.0,5.6,4.8
20077,85.9,67.4,64.6,70.9,65.8,42.8,37.8,36.4,32.6,38.3
20079,102.7,95.1,84.8,80.4,76.8,64.3,73.4,81.6,74.4,67.8
20081,6.8,4.1,2.4,2.4,0.1,23.8,18.8,33.9,26.5,24.8
20083,5.7,5.1,0.3,0.7,-9.0,31.0,24.2,18.0,10.7,10.6
20085,55.6,50.9,48.3,45.2,39.0,21.0,25.2,24.2,21.6,24.9
20087,2.2,1.2,0.6,0.8,2.1,12.4,13.5,12.4,12.0,13.7
20089,1.6,0.4,0.6,0.4,-9.0,0.2,0.2,0.2,1.2,1.6
20091,73.7,70.0,66.9,59.6,54.1,58.6,55.7,57.7,51.6,50.5
20093,54.8,47.5,48.1,40.2,34.8,79.2,66.5,63.2,73.6,71.0
20095,-9.0,-9.0,-9.0,-9.0,-9.0,33.3,23.3,20.7,18.7,20.0
20097,3.6,36.5,69.5,74.7,68.4,71.4,74.4,70.0,80.4,79.6
20099,118.8,109.2,105.7,99.7,92.4,65.8,62.0,69.9,66.7,62.0
20101,76.7,94.6,90.2,75.3,73.0,35.3,37.3,50.1,51.0,43.2
20103,52.8,48.6,44.3,39.8,34.9,29.4,27.5,25.3,24.6,23.9
20105,6.4,4.7,1.3,0.5,-9.0,4.2,6.4,18.1,18.5,23.4
20107,4.1,5.9,3.7,3.8,0.1,12.2,9.9,10.9,19.6,12.0
20109,4.0,3.8,66.2,66.7,68.1,50.4,44.0,53.4,56.5,69.5
20111,74.3,73.4,76.6,71.6,61.1,42.8,40.9,41.1,47.1,41.1
20113,96.3,87.9,79.7,76.3,73.0,39.9,32.6,30.9,30.9,30.4
20115,35.3,9.3,29.1,30.5,26.6,10.2,8.4,10.3,13.4,12.0
20117,41.0,35.3,32.6,31.4,24.6,34.7,31.3,37.1,39.5,39.1
20119,1.9,1.8,0.9,0.9,0.1,20.8,26.3,40.1,54.3,66.3
20121,31.4,28.5,27.8,42.9,34.5,25.0,23.4,23.7,35.9,31.2
20123,91.4,88.5,96.8,92.3,87.2,75.4,67.7,58.2,46.0,67.0
20125,144.3,119.1,113.3,119.0,103.1,42.1,42.8,39.1,35.8,37.2
20127,4.3,5.4,1.2,1.8,0.1,9.7,11.7,11.0,12.4,11.7
20129,198.5,168.7,137.0,118.9,105.3,113.8,96.7,82.2,72.0,78.2
20131,39.7,30.5,28.6,26.3,23.4,17.6,14.3,16.1,16.2,17.8
20133,47.2,40.6,38.3,46.2,87.5,78.4,81.5,103.5,102.1,101.6
20135,7.1,5.2,97.7,102.4,107.7,55.2,54.6,59.8,59.0,65.5
20137,121.2,106.6,102.2,84.3,81.8,53.2,68.5,61.2,63.0,68.5
20139,4.0,3.2,1.7,1.9,0.0,16.6,17.6,20.7,14.0,11.1
20141,185.3,163.5,165.4,152.2,147.1,88.9,60.4,55.0,53.6,51.9
20143,4.8,3.6,1.6,0.8,0.0,13.8,14.1,11.8,12.5,12.1
20145,70.2,61.0,51.0,45.5,35.3,23.2,19.3,20.0,23.0,19.4
20147,6.3,5.2,2.4,2.5,-9.0,27.4,52.0,61.0,108.0,100.0
20149,2.9,2.4,1.1,0.7,0.0,11.0,10.0,14.8,12.2,10.5
20151,202.2,188.5,184.8,158.2,137.6,96.0,96.2,97.1,87.7,86.9
20153,5.0,3.6,0.3,0.8,-9.0,29.9,37.9,26.8,33.1,35.5
20155,117.7,113.2,106.7,96.4,84.4,68.5,71.7,70.0,64.9,63.2
20157,9.0,5.1,2.1,2.4,0.1,15.3,13.5,12.9,9.1,8.1
20159,56.6,52.0,50.1,39.5,32.2,13.7,12.3,12.3,10.1,10.8
20161,71.2,69.8,66.8,62.7,59.1,44.3,41.3,42.5,42.0,44.3
20163,3.1,3.6,2.3,2.4,0.1,49.9,53.7,53.2,44.6,31.1
20165,57.1,53.4,42.1,47.3,50.7,35.6,42.7,42.6,38.2,37.7
20167,6.6,4.0,2.5,2.5,0.0,53.7,86.7,74.0,77.8,82.8
20169,164.2,142.5,137.2,125.1,118.3,105.9,93.8,89.2,77.5,72.5
20171,121.1,102.2,93.6,89.8,87.9,81.7,72.1,70.9,77.2,68.7
20173,109.2,103.7,99.9,93.1,84.8,96.2,87.9,84.4,83.7,81.2
20175,131.6,118.6,103.0,97.7,91.8,57.4,52.8,39.2,34.4,31.0
20177,118.6,112.5,106.3,90.4,78.8,61.8,54.9,54.8,51.3,48.6
20179,1.9,2.0,1.6,1.3,-9.0,7.8,19.5,20.4,11.2,9.2
20181,99.3,87.1,90.5,77.7,65.8,19.9,32.6,34.9,34.4,36.1
20183,156.9,135.8,137.1,116.7,109.1,90.1,90.1,97.0,83.7,68.1
20185,-9.0,-9.0,-9.0,-9.0,-9.0,24.7,21.6,24.9,22.6,21.8
20187,3.2,1.5,40.9,94.9,90.6,113.1,99.9,101.6,85.8,93.9
20189,-9.0,14.2,25.2,21.9,20.2,10.8,11.8,11.7,7.3,10.1
20191,67.6,65.2,66.5,65.3,53.5,55.6,49.2,51.0,35.8,27.7
20193,127.3,102.8,89.1,82.2,84.3,60.9,54.4,55.2,50.5,44.6
20195,148.3,148.8,137.9,134.5,122.5,117.7,115.4,87.4,67.6,56.3
20197,-9.0,-9.0,-9.0,-9.0,-9.0,6.6,5.7,8.1,7.9,9.5
20199,43.8,50.1,41.8,41.6,37.6,2.4,3.2,6.3,9.1,3.0
20201,20.8,58.9,81.3,84.4,83.2,59.2,46.2,44.9,42.2,37.7
20203,-9.0,-9.0,-9.0,-9.0,-9.0,5.2,11.8,7.7,5.3,6.3
20205,120.5,117.7,117.3,97.6,80.1,108.4,106.6,126.6,119.3,93.1
20207,3.3,2.6,0.6,1.0,-9.0,13.7,11.0,5.3,5.9,4.5
20209,78.8,73.6,71.5,63.2,57.2,108.7,96.1,89.5,80.6,76.2
21001,126.4,121.1,100.2,99.2,92.1,71.4,52.8,49.1,48.3,48.4
21003,84.7,92.3,92.7,85.3,72.2,44.5,34.7,36.9,33.1,41.4
21005,100.7,93.7,90.4,77.4,67.8,23.3,22.1,21.3,17.2,15.2
21007,102.4,93.9,102.9,91.7,85.6,4.5,4.3,3.8,3.5,3.6
21009,136.7,123.3,125.6,117.0,104.3,67.9,78.0,85.4,78.9,76.6
21011,61.8,59.9,53.7,47.4,39.0,4.6,6.0,6.9,6.1,7.0
21013,271.8,252.7,249.7,226.1,197.9,155.4,148.8,119.1,109.6,109.7
21015,97.5,93.2,89.0,81.0,73.2,42.9,40.2,39.5,39.3,33.1
21017,109.7,102.0,98.0,89.3,78.8,37.0,33.7,28.6,17.1,13.4
21019,113.7,99.2,90.8,80.8,71.9,103.0,90.6,89.3,90.7,83.8
21021,148.3,131.9,117.6,100.9,92.5,105.5,93.3,91.3,84.0,83.9
21023,21.4,21.1,18.5,16.4,15.0,24.4,27.2,28.1,7.8,5.7
21025,213.0,208.8,185.8,170.9,151.6,68.1,59.0,54.7,59.3,60.8
21027,53.9,50.4,47.2,44.1,42.4,22.9,23.4,23.6,21.6,20.8
21029,69.3,68.2,64.6,63.0,59.0,17.6,16.5,14.2,13.8,12.0
21031,101.6,99.6,90.5,78.6,70.4,25.7,27.4,25.7,24.5,28.1
21033,141.2,134.4,132.2,125.4,116.8,36.5,35.2,38.2,39.4,45.1
21035,103.3,99.1,97.3,87.9,77.8,50.9,52.3,54.5,58.0,60.7
21037,96.5,90.9,85.9,77.6,70.3,46.6,39.0,32.3,40.1,35.7
21039,62.4,69.9,81.3,83.7,90.2,81.2,75.8,66.1,60.1,56.7
21041,195.7,181.9,163.8,135.8,122.4,48.2,43.8,41.8,39.8,35.1
21043,95.3,82.4,75.3,64.7,58.0,21.3,25.8,23.2,18.3,16.1
21045,127.7,122.7,106.1,86.7,72.1,33.6,30.6,28.4,27.3,26.9
21047,66.4,67.4,63.5,55.4,47.1,37.5,33.0,37.1,36.1,32.6
21049,108.3,98.1,95.1,90.5,83.1,181.1,185.4,191.6,192.0,173.2
21051,235.3,220.9,219.1,186.7,167.3,131.3,134.2,128.8,129.4,138.7
21053,234.7,179.1,156.6,131.3,115.4,66.3,67.9,77.6,80.7,79.7
21055,137.0,124.9,122.5,106.3,88.9,66.6,57.2,42.3,18.8,27.7
21057,216.2,201.1,174.3,147.2,127.2,57.8,72.1,49.4,50.2,47.9
21059,124.0,112.6,103.2,92.8,82.5,78.1,72.5,80.4,66.8,69.5
21061,65.5,41.6,90.9,70.8,62.6,17.0,15.2,14.6,8.0,6.9
21063,5.6,3.8,39.3,33.6,31.0,4.8,4.3,14.6,18.3,18.7
21065,165.0,145.2,146.1,132.2,124.4,42.3,38.9,33.8,33.3,31.7
21067,73.6,70.2,65.4,55.6,47.6,121.3,116.3,113.9,99.4,101.1
21069,93.2,79.3,71.1,60.5,55.1,36.2,37.0,33.6,34.0,32.8
21071,263.1,245.0,226.2,216.4,205.3,145.3,130.3,124.8,110.4,104.2
21073,108.4,101.8,95.4,83.0,74.1,72.2,48.3,51.7,66.3,56.5
21075,178.5,181.1,179.9,166.1,156.0,24.0,17.6,11.1,7.2,3.6
21077,39.3,44.7,42.7,37.9,30.7,60.9,77.3,62.8,39.9,2.3
21079,54.3,49.3,50.5,42.0,34.6,25.6,28.1,24.6,23.7,24.3
21081,127.2,115.4,106.8,99.6,87.0,19.9,18.7,17.0,19.3,17.5
21083,94.5,99.9,96.9,92.0,86.1,33.8,29.0,27.2,26.4,24.8
21085,145.9,133.9,128.3,122.9,115.8,60.4,53.9,37.4,30.4,28.7
21087,98.4,86.4,81.5,57.2,61.4,18.2,24.3,24.1,27.5,28.7
21089,94.8,81.0,77.0,67.9,61.6,27.6,28.8,31.6,31.0,28.2
21091,25.8,26.1,26.0,24.6,24.4,4.0,2.5,1.9,2.6,3.5
21093,88.7,86.2,86.4,82.3,77.8,65.0,67.5,64.8,57.6,57.8
21095,144.3,139.5,129.9,121.7,110.4,62.3,60.4,64.1,63.4,53.9
21097,102.3,106.7,96.3,80.8,74.0,51.1,50.2,52.0,57.4,52.2
21099,64.8,61.1,59.0,57.7,55.3,11.8,12.1,11.8,10.5,11.0
21101,154.0,147.5,143.4,130.5,112.8,63.6,63.8,59.4,57.5,55.6
21103,64.6,61.4,61.8,56.6,50.5,26.8,26.2,21.2,20.1,16.6
21105,69.1,70.7,61.9,53.4,58.7,43.0,46.5,37.1,33.7,35.3
21107,139.5,136.5,129.9,125.5,121.2,98.2,88.3,78.8,84.8,79.3
21109,49.9,48.6,48.1,51.4,45.5,13.2,6.1,10.1,11.0,14.0
21111,95.5,88.5,83.4,76.4,69.8,93.8,84.9,80.5,72.4,63.0
21113,100.4,96.8,91.4,78.9,68.6,33.7,34.9,37.6,30.0,18.6
21115,180.0,183.7,178.1,169.8,148.3,108.7,106.7,88.3,73.6,66.8
21117,80.4,78.1,74.9,67.4,59.3,82.3,79.0,77.0,58.9,59.6
21119,75.4,89.7,87.5,80.9,66.4,49.5,47.1,43.0,37.9,39.9
21121,94.8,84.7,86.9,83.0,78.6,57.5,63.3,70.6,60.2,51.0
21123,87.3,90.3,86.5,81.5,64.7,29.9,24.7,24.7,24.7,22.8
21125,125.4,112.0,106.0,91.8,83.0,81.4,87.1,90.3,82.5,71.9
21127,119.5,111.0,107.0,96.4,86.4,46.9,42.1,47.5,63.0,54.8
21129,203.8,160.1,147.1,134.9,125.6,77.3,84.2,74.1,49.8,52.6
21131,244.2,217.7,209.7,180.1,161.8,62.1,33.2,30.4,30.7,33.1
21133,162.0,150.8,137.1,126.4,116.8,37.1,33.4,31.6,33.9,36.9
21135,34.3,31.3,23.7,21.8,17.8,17.7,17.5,19.1,16.5,14.1
21137,83.5,74.1,74.4,62.0,53.1,10.7,9.8,10.9,11.2,10.1
21139,9.0,7.4,6.5,5.8,0.0,32.2,32.1,32.1,37.5,36.9
21141,74.4,86.5,103.9,105.6,97.3,24.4,21.6,22.9,20.7,18.4
21143,117.7,118.6,115.8,106.2,101.6,51.2,44.8,46.1,37.2,44.0
21145,190.8,181.6,183.7,166.0,149.9,254.2,236.4,221.7,215.1,199.7
21147,130.9,129.3,120.9,120.0,97.3,24.9,26.9,25.3,22.6,30.2
21149,89.4,87.6,87.0,80.9,68.6,9.6,9.8,10.1,25.6,14.4
21151,96.1,89.4,83.9,74.7,67.7,32.1,30.1,30.3,30.8,36.9
21153,154.8,165.0,157.7,137.7,131.2,60.5,70.7,53.6,60.7,72.8
21155,125.7,114.2,108.5,97.0,81.5,43.6,39.9,39.1,42.4,39.9
21157,109.2,108.2,115.5,109.4,99.4,41.7,36.5,31.4,24.8,23.0
21159,127.3,138.7,135.7,132.0,123.2,69.5,74.8,83.8,72.7,73.8
21161,126.1,115.0,102.0,95.0,86.8,50.4,50.1,53.0,57.9,35.9
21163,60.2,61.3,58.5,55.4,48.6,11.5,6.8,6.8,7.7,8.0
21165,35.0,4.7,43.0,37.4,34.3,15.8,14.9,15.4,16.1,13.6
21167,104.7,104.7,98.2,86.2,73.4,20.1,18.7,17.0,14.3,12.4
21169,74.4,71.8,72.4,66.8,60.8,17.5,16.2,16.4,18.0,12.5
21171,165.4,137.5,120.2,106.4,92.2,38.9,34.0,29.6,27.1,26.4
21173,171.7,156.8,146.4,130.0,118.2,67.2,64.4,65.6,60.8,54.2
21175,65.0,58.8,65.6,81.1,79.2,51.4,47.8,46.0,37.7,33.4
21177,138.8,134.3,128.0,119.6,104.9,44.3,40.2,39.6,42.8,45.9
21179,101.6,92.4,92.4,85.8,79.0,36.9,39.3,38.2,62.8,45.9
21181,38.0,53.4,42.8,29.8,26.1,2.4,1.1,1.9,1.6,2.6
21183,111.6,93.9,112.3,105.0,92.1,92.8,82.7,87.8,84.3,50.1
21185,65.5,60.0,57.8,51.6,46.6,19.1,17.5,14.0,13.4,15.3
21187,37.1,55.1,51.3,42.2,39.3,10.5,10.0,8.3,5.5,4.9
21189,262.2,249.7,251.6,239.8,241.8,160.9,206.4,200.3,181.2,188.0
21191,53.8,51.5,51.8,47.2,45.2,21.9,23.2,20.6,20.9,28.7
21193,243.4,217.6,209.3,205.2,203.6,319.2,284.7,280.5,270.0,264.5
21195,263.1,242.4,220.0,199.2,180.7,134.0,117.2,123.1,143.1,147.7
21197,149.0,149.4,149.1,139.8,133.0,70.9,55.3,58.9,56.7,59.3
21199,124.7,109.1,98.9,86.5,79.8,59.5,53.6,50.2,48.8,49.9
21201,-9.0,-9.0,-9.0,-9.0,-9.0,0.0,0.0,0.0,0.0,0.0
21203,104.0,86.2,80.5,68.6,60.2,48.3,50.2,57.8,60.7,55.2
21205,153.8,141.8,121.5,95.8,81.7,53.7,57.5,54.0,48.9,50.8
21207,169.8,156.6,125.1,110.0,101.9,41.8,41.0,38.9,37.2,36.4
21209,97.2,85.5,77.9,70.9,63.1,36.1,37.7,37.9,36.0,33.0
21211,79.6,73.7,73.8,64.1,58.4,24.6,26.3,24.4,24.8,22.5
21213,117.8,108.5,102.4,90.2,81.9,16.0,23.2,24.0,21.6,15.3
21215,51.4,51.9,44.3,37.9,35.4,7.6,7.1,7.5,6.1,5.3
21217,115.8,99.6,91.7,92.0,85.2,51.9,46.6,49.5,90.7,193.3
21219,80.3,39.7,5.5,5.0,0.0,6.0,6.3,6.9,13.4,14.0
21221,85.5,26.4,73.3,75.0,65.9,15.5,14.6,22.8,20.4,18.7
21223,39.7,37.0,36.7,52.3,50.2,40.8,36.3,32.1,27.3,26.6
21225,143.5,138.5,126.9,121.4,101.5,37.3,41.5,36.0,29.4,42.5
21227,107.4,109.3,94.6,84.9,73.9,103.1,87.7,87.5,82.7,74.0
21229,51.9,48.4,41.2,40.3,38.3,15.0,13.8,12.0,10.2,10.9
21231,168.9,139.7,128.1,116.0,110.5,105.5,106.4,96.5,93.0,89.9
21233,109.4,103.8,100.6,95.2,93.8,46.8,44.0,39.6,33.5,30.7
21235,300.1,265.2,239.6,221.4,199.6,160.8,132.2,126.2,125.9,109.6
21237,198.7,194.9,163.9,123.0,120.9,79.1,83.0,75.6,69.2,63.2
21239,73.9,65.5,60.5,60.3,56.5,32.7,31.2,29.7,25.0,25.8
22001,80.2,71.4,76.8,71.5,68.4,32.2,30.6,29.8,26.7,27.6
22003,115.0,102.1,92.8,84.8,86.0,39.4,38.9,41.0,40.1,43.8
22005,110.1,99.9,93.5,85.4,75.4,37.9,34.0,35.0,32.4,29.5
22007,36.4,34.7,33.1,30.0,28.2,22.2,21.4,17.9,17.7,17.7
22009,146.5,126.4,126.6,115.5,101.7,43.6,35.0,31.9,31.6,30.8
22011,84.0,77.6,75.2,70.3,62.8,36.6,30.5,32.5,30.7,27.1
22013,88.5,79.0,59.4,63.7,55.9,14.0,13.1,15.7,5.7,6.7
22015,102.8,98.0,95.3,89.8,79.4,59.5,57.4,59.6,60.5,57.3
22017,118.6,108.6,112.1,105.2,90.0,140.7,135.1,141.9,141.1,138.7
22019,123.2,110.9,105.6,96.9,90.0,71.3,55.9,59.3,57.3,55.5
22021,86.9,62.9,51.8,47.1,38.0,35.2,38.1,37.2,37.8,37.5
22023,-9.0,-9.0,-9.0,-9.0,-9.0,6.9,4.0,4.0,5.2,4.2
22025,113.3,93.3,96.5,99.4,87.3,10.8,13.2,19.5,16.0,15.2
22027,85.0,89.7,97.1,97.5,93.5,82.3,76.0,71.2,73.7,67.5
22029,93.9,74.3,76.7,91.7,84.9,44.6,33.4,112.2,125.2,124.9
22031,40.3,52.1,64.4,67.3,64.1,18.0,18.9,20.4,12.8,8.9
22033,103.8,96.1,92.1,81.8,72.6,106.3,94.9,91.6,86.7,80.2
22035,98.7,101.9,105.8,94.0,81.6,72.2,63.3,70.7,73.0,73.2
22037,52.7,50.8,46.6,45.4,44.1,26.7,23.0,20.2,13.8,12.5
22039,221.6,209.8,192.1,171.1,144.0,117.2,106.4,101.3,98.3,92.6
22041,100.7,91.9,123.6,109.2,92.0,69.6,63.0,60.3,61.7,55.9
22043,2.1,2.9,43.2,44.2,41.8,7.7,5.4,4.7,6.1,5.6
22045,117.0,98.6,93.1,87.5,81.2,88.4,83.3,90.4,88.9,87.7
22047,99.8,93.2,80.7,74.9,59.8,11.7,9.9,10.0,8.5,10.0
22049,42.4,40.9,77.7,72.0,55.9,30.1,21.1,19.2,16.6,15.9
22051,119.5,115.1,106.5,96.4,82.4,98.6,87.2,86.9,88.5,84.5
22053,118.4,110.0,103.7,88.4,84.5,52.8,45.9,40.0,29.0,27.9
22055,112.1,102.0,97.1,86.8,80.0,96.8,89.9,89.4,81.4,77.9
22057,106.8,98.8,96.3,88.0,78.5,53.6,46.1,43.5,40.4,34.9
22059,138.3,118.7,119.3,105.9,94.1,75.1,67.4,57.4,56.3,57.5
22061,105.2,89.9,98.4,80.6,76.3,50.6,50.8,42.3,28.0,26.4
22063,113.3,106.2,105.2,93.5,82.3,18.1,17.2,16.1,15.4,14.5
22065,3.2,2.3,1.8,1.6,-9.0,4.6,4.9,4.8,8.8,6.7
22067,124.3,109.3,118.4,111.0,91.2,48.7,40.8,43.4,42.7,40.5
22069,86.9,70.5,76.6,75.5,69.4,32.8,30.6,33.5,26.6,22.7
22071,71.9,67.8,64.8,59.3,50.9,95.0,89.2,84.6,78.5,72.4
22073,124.8,120.4,110.9,104.4,92.3,103.1,89.4,84.3,80.8,76.6
22075,3.7,2.8,47.6,42.7,37.4,16.9,14.6,14.2,18.1,16.8
22077,94.9,83.3,95.0,83.8,72.0,24.2,29.8,29.8,23.5,23.3
22079,169.8,152.6,144.0,133.1,117.1,130.1,116.5,108.6,96.9,87.8
22081,14.3,48.6,118.0,105.4,93.7,50.7,49.0,56.1,57.0,62.6
22083,80.2,68.0,139.3,140.8,125.6,91.0,85.4,89.4,92.6,86.4
22085,82.7,62.8,66.9,70.7,60.0,32.4,32.4,28.7,20.0,25.6
22087,170.4,161.3,147.5,115.4,85.1,24.7,23.5,22.3,23.1,21.1
22089,85.6,78.8,74.0,68.1,58.4,14.3,12.1,9.6,8.5,6.8
22091,46.4,52.1,73.1,74.9,70.7,33.5,26.8,26.4,25.0,24.1
22093,58.5,68.8,84.0,79.9,74.9,56.4,55.0,54.2,66.0,63.6
22095,97.5,98.4,93.2,93.8,87.7,70.3,65.9,42.0,26.6,24.9
22097,158.1,151.2,145.5,137.4,121.0,86.9,72.2,68.9,78.4,79.3
22099,86.4,78.1,74.8,70.1,65.7,17.2,15.4,15.9,14.7,13.8
22101,126.5,118.8,107.6,98.5,89.3,36.3,30.3,31.8,31.9,37.1
22103,119.1,106.3,102.6,92.7,81.8,79.5,77.4,92.2,88.6,86.4
22105,147.4,140.7,129.5,115.8,99.7,43.0,39.7,39.7,40.3,45.5
22107,56.0,46.0,44.6,64.9,72.2,24.1,24.8,23.7,24.1,24.2
22109,112.7,102.5,97.5,91.0,81.5,73.9,66.5,63.7,66.0,63.3
22111,74.7,72.0,86.2,82.7,69.4,37.6,37.8,38.6,36.3,38.6
22113,76.6,69.4,66.1,62.8,55.9,24.8,24.0,22.4,19.4,18.1
22115,104.1,91.5,78.2,72.4,66.6,52.2,43.9,47.2,43.2,45.6
22117,141.7,119.3,136.9,126.8,112.3,42.9,42.7,37.6,36.6,30.6
22119,133.8,112.8,114.7,107.9,99.7,48.1,41.7,45.2,46.3,42.1
22121,111.5,104.2,101.1,87.1,76.5,18.4,16.4,20.6,31.4,25.0
22123,66.2,50.8,50.7,51.0,36.3,20.9,19.6,16.5,16.0,16.0
22125,53.5,45.9,45.2,43.5,40.5,15.3,13.4,12.8,12.9,14.7
22127,68.6,55.8,111.5,96.9,87.6,34.1,37.4,34.6,30.5,29.8
23001,92.0,83.9,71.9,58.6,50.7,53.4,48.5,43.0,36.2,32.3
23003,85.7,84.5,74.6,64.1,52.1,54.5,49.9,48.4,48.6,48.7
23005,71.3,63.1,53.4,44.0,39.5,48.1,44.6,43.6,40.2,41.6
23007,73.0,68.2,60.7,49.5,42.2,26.6,29.2,30.2,26.3,25.2
23009,77.3,72.6,65.5,52.7,45.5,37.2,36.1,36.5,34.8,32.5
23011,117.2,111.9,101.7,83.3,70.1,69.2,60.7,59.7,54.3,52.0
23013,75.1,67.3,61.9,55.0,49.1,33.6,33.6,30.8,26.2,26.6
23015,69.3,53.0,45.4,37.5,34.0,43.8,36.6,30.1,29.4,25.8
23017,83.7,80.4,72.8,60.8,53.9,32.6,26.9,24.1,20.7,18.6
23019,83.7,81.7,71.2,60.1,51.4,51.3,42.9,41.1,38.2,36.8
23021,97.2,88.7,77.9,63.0,51.0,26.3,20.3,21.8,21.7,19.4
23023,79.9,71.0,61.5,49.5,45.3,31.4,30.9,22.2,24.2,23.8
23025,85.5,83.8,76.8,61.8,48.8,30.7,30.2,26.9,23.0,23.9
23027,62.2,54.7,46.0,38.2,33.9,33.2,30.3,29.2,25.6,24.5
23029,75.4,74.0,64.3,58.6,48.3,25.7,27.9,29.4,29.8,33.2
23031,79.8,73.9,63.8,52.5,46.9,33.0,28.8,27.5,25.9,21.8
24001,129.2,130.3,127.2,111.5,89.2,93.8,94.4,84.4,81.0,73.3
24003,78.2,74.1,69.8,61.5,53.7,49.4,43.6,42.6,35.1,35.2
24005,83.1,78.0,71.4,63.5,53.2,45.0,40.5,38.5,33.9,30.7
24009,102.8,96.0,90.1,78.9,68.5,42.2,45.5,44.8,41.3,36.4
24011,52.5,49.8,46.4,40.9,34.6,35.5,40.4,5.5,10.2,20.7
24013,81.4,76.8,72.4,64.6,55.5,31.6,31.1,31.1,31.2,29.1
24015,83.8,78.8,74.0,64.2,56.4,23.2,16.4,15.0,14.5,18.5
24017,87.7,81.9,78.5,71.4,61.8,42.2,36.5,34.0,32.8,28.8
24019,72.0,71.0,69.5,68.3,61.3,26.3,25.7,30.9,25.9,22.5
24021,79.6,71.9,67.4,62.8,56.3,54.1,55.2,54.3,51.2,44.1
24023,103.3,104.9,96.7,79.1,63.4,41.2,40.1,37.9,35.7,34.8
24025,85.3,79.7,72.9,65.0,56.3,39.3,34.6,30.5,30.0,31.5
24027,39.6,37.1,35.5,31.7,28.4,28.3,26.1,26.0,25.5,26.3
24029,134.6,123.3,117.1,95.4,84.6,91.4,70.1,61.1,57.2,52.1
24031,39.7,37.6,34.7,30.4,26.5,27.4,24.8,25.5,23.7,22.1
24033,45.4,41.9,38.7,34.1,30.0,26.4,23.4,22.3,19.0,18.8
24035,77.1,71.6,67.4,57.8,49.8,38.6,34.8,31.8,25.1,14.1
24037,78.2,71.5,66.8,57.0,50.5,21.7,21.7,30.3,29.2,26.9
24039,58.7,55.1,49.3,43.4,42.6,8.4,7.1,7.1,5.8,5.0
24041,114.6,108.5,104.1,96.6,83.2,80.7,90.0,101.2,101.4,100.0
24043,122.8,116.6,113.1,100.8,90.3,100.4,84.2,80.6,76.3,72.8
24045,91.8,85.5,77.4,66.4,59.2,68.6,65.7,63.6,58.0,55.6
24047,95.5,81.4,76.5,62.7,59.7,27.8,26.6,27.0,22.9,22.6
24510,66.6,59.2,54.6,48.2,41.9,71.9,69.1,69.2,67.1,62.1
25001,77.7,69.7,60.8,50.7,44.5,35.1,30.1,28.6,26.9,25.0
25003,82.5,74.6,58.3,51.2,46.6,39.0,35.5,35.3,34.9,31.7
25005,88.1,81.5,72.5,62.1,55.5,43.7,41.1,39.3,36.5,34.4
25007,68.9,63.9,55.4,47.4,40.5,29.4,18.1,18.8,13.9,14.2
25009,59.2,53.2,46.9,39.5,35.0,28.0,26.5,25.7,23.2,21.3
25011,62.9,57.2,51.5,46.0,41.5,30.4,26.1,24.1,23.6,22.8
25013,83.9,77.2,66.7,57.4,50.2,48.6,44.2,43.2,40.4,39.3
25015,70.3,64.0,56.7,49.0,44.2,34.2,37.1,32.5,30.7,28.6
25017,43.2,38.8,33.8,28.8,25.4,24.2,22.4,22.7,21.5,20.1
25019,45.4,42.0,36.7,30.7,27.2,31.5,19.3,13.6,9.7,8.4
25021,52.3,48.1,42.3,35.8,31.7,26.7,24.2,23.9,23.7,23.2
25023,67.6,61.6,53.5,45.5,40.2,27.5,25.0,25.7,24.7,21.5
25025,40.8,36.5,32.2,26.6,22.8,65.3,63.4,65.8,63.0,57.0
25027,66.6,59.2,51.7,43.9,38.7,35.8,32.0,31.2,29.1,27.0
26001,34.3,31.0,28.2,22.6,18.2,12.7,25.4,25.2,27.5,31.5
26003,92.0,83.6,73.5,72.2,35.0,16.6,15.7,41.1,66.0,51.3
26005,66.3,58.5,52.9,46.8,39.0,13.9,13.3,15.3,12.8,11.0
26007,130.4,123.0,118.8,117.8,101.6,57.4,51.2,50.4,51.8,50.8
26009,57.2,51.9,50.7,46.4,40.0,45.5,46.6,47.5,36.8,31.2
26011,146.9,129.6,109.3,93.7,78.4,32.0,26.0,24.8,24.8,24.0
26013,92.0,90.2,83.9,72.5,59.9,39.9,36.4,30.2,24.2,22.3
26015,66.8,64.4,63.7,58.9,49.0,24.6,23.0,21.7,19.9,18.6
26017,114.4,110.4,101.6,91.8,74.2,83.4,65.8,60.8,50.9,51.7
26019,73.7,76.7,71.8,62.4,52.9,48.2,40.7,33.1,31.9,31.5
26021,116.0,107.8,97.4,86.0,69.5,50.6,42.5,40.7,37.8,35.9
26023,94.1,85.1,76.8,71.5,56.0,32.2,29.4,30.6,28.6,25.7
26025,127.2,125.5,120.4,104.2,81.2,65.0,63.3,57.2,49.8,46.7
26027,50.3,44.3,39.5,35.3,27.6,11.9,11.2,9.7,10.0,9.3
26029,82.4,80.1,80.7,73.6,64.4,32.2,35.2,32.1,28.5,32.0
26031,143.3,135.4,121.5,109.4,91.9,56.9,51.2,42.0,37.3,30.3
26033,77.6,65.8,62.9,60.4,46.7,32.2,33.5,34.8,34.1,34.2
26035,171.6,143.3,125.3,109.3,94.5,44.4,42.2,38.5,38.1,32.4
26037,43.4,39.6,38.2,35.5,35.2,22.9,24.4,21.7,20.7,21.0
26039,112.1,101.8,127.3,114.5,94.4,87.9,81.7,80.3,69.8,65.4
26041,113.0,110.8,101.8,91.9,80.2,66.1,56.4,54.2,47.5,47.4
26043,132.0,116.0,105.9,89.5,65.9,44.7,41.8,41.6,34.7,29.5
26045,110.6,100.6,95.2,86.2,69.7,33.6,30.9,26.7,27.6,25.3
26047,142.1,133.3,127.1,115.4,96.1,111.8,103.4,102.9,94.2,90.2
26049,138.8,127.1,119.7,104.4,85.2,75.4,73.4,72.5,69.8,67.4
26051,136.1,118.8,104.6,92.5,77.9,36.3,30.7,24.7,26.3,17.1
26053,127.1,121.1,113.4,94.6,74.1,67.2,45.4,47.0,61.1,48.1
26055,141.7,127.6,103.0,96.8,83.8,91.1,79.9,81.5,76.6,75.6
26057,89.0,82.8,77.1,71.1,59.5,39.4,31.4,29.6,25.2,25.0
26059,80.6,79.2,70.4,61.9,48.8,32.4,31.2,30.2,29.1,26.8
26061,46.7,45.6,42.7,39.7,34.2,27.2,29.8,32.2,30.3,29.5
26063,83.7,79.3,75.1,67.3,55.6,41.9,32.6,36.1,33.5,36.0
26065,86.0,76.7,71.7,64.9,54.8,73.4,75.1,79.7,73.0,70.2
26067,68.5,67.3,67.2,63.3,51.4,36.4,32.4,30.1,27.4,24.0
26069,173.5,167.3,153.4,141.9,118.1,55.5,54.2,51.9,45.3,41.0
26071,83.6,84.4,82.2,76.5,74.5,44.4,37.5,44.8,40.4,44.8
26073,95.6,82.9,74.6,61.9,48.0,34.5,34.8,34.6,33.8,32.8
26075,96.0,89.5,83.7,74.3,61.9,45.2,39.5,38.3,33.7,34.5
26077,84.8,78.4,72.4,64.6,54.5,72.8,65.9,68.9,65.8,61.3
26079,133.6,121.7,106.5,91.3,70.2,42.7,40.2,33.7,26.2,23.4
26081,87.4,78.9,75.5,67.5,55.3,63.4,59.8,59.4,55.5,53.5
26083,-9.0,-9.0,-9.0,-9.0,-9.0,0.0,0.0,0.0,0.0,0.0
26085,37.6,41.5,36.3,29.8,25.6,7.2,6.4,5.7,10.2,8.3
26087,96.6,86.5,78.4,69.6,57.3,29.7,30.7,32.4,30.7,30.0
26089,23.0,21.6,20.3,18.6,14.5,5.9,6.0,7.0,11.0,6.7
26091,97.6,93.1,91.0,83.7,67.2,44.8,38.3,37.8,32.7,28.6
26093,67.2,62.3,58.9,53.4,44.9,27.8,25.3,24.0,22.3,21.1
26095,161.7,151.7,132.8,110.2,93.7,50.2,40.1,38.2,38.6,43.9
26097,82.6,86.1,82.1,77.8,49.0,47.2,43.0,43.9,39.3,53.7
26099,107.8,101.7,97.5,87.0,73.1,56.5,53.6,52.6,48.2,46.6
26101,118.0,107.0,98.4,86.6,75.4,78.8,57.8,53.6,53.8,47.9
26103,93.1,92.6,83.8,75.7,66.0,66.8,57.3,58.7,53.3,52.8
26105,142.4,133.5,124.5,118.5,98.9,55.0,49.0,47.8,43.0,38.1
26107,104.6,95.2,90.2,83.4,69.9,75.9,81.1,75.2,66.9,53.4
26109,67.7,57.6,43.6,32.7,30.1,15.2,14.8,12.6,11.4,11.2
26111,92.1,87.4,83.3,75.4,62.8,57.5,50.6,49.6,46.4,49.4
26113,33.5,24.7,37.3,33.5,24.2,8.2,6.2,7.5,7.8,8.3
26115,107.6,100.7,92.6,79.0,66.6,37.9,36.3,35.8,41.1,44.3
26117,135.7,123.9,115.9,107.8,89.8,57.6,45.6,43.6,42.6,39.9
26119,74.5,67.8,64.3,60.1,49.3,21.7,17.7,17.8,20.0,24.1
26121,151.3,135.8,126.7,111.5,95.7,78.1,66.4,62.3,61.5,56.4
26123,131.3,128.2,116.0,105.1,88.5,39.5,34.5,36.7,37.7,37.3
26125,81.6,77.0,72.8,65.2,54.7,73.5,68.8,68.7,65.4,62.0
26127,73.8,71.1,67.3,61.4,48.7,47.8,42.6,37.6,36.4,23.1
26129,188.0,160.9,148.3,133.0,114.5,71.3,78.9,75.3,57.8,50.3
26131,37.8,39.4,32.5,29.3,24.0,51.0,48.3,41.3,42.2,34.5
26133,104.8,93.1,81.0,68.2,51.9,23.3,20.3,17.1,15.6,13.5
26135,143.8,117.1,98.0,84.1,71.8,9.7,8.3,6.9,10.0,23.2
26137,174.0,160.1,150.2,146.1,125.8,115.0,110.9,103.4,103.7,97.8
26139,67.5,61.5,58.6,52.7,44.4,28.1,27.8,29.4,27.3,26.4
26141,53.7,54.1,52.4,49.6,41.9,25.5,19.9,22.7,20.3,16.6
26143,208.7,183.3,147.5,131.8,117.1,37.8,42.8,39.0,42.1,47.2
26145,110.0,97.0,91.0,79.0,67.1,85.3,80.6,80.7,76.8,75.4
26147,117.5,110.6,100.6,91.5,79.5,60.7,56.2,55.4,50.3,50.2
26149,129.4,117.7,105.9,94.1,76.1,35.9,33.2,28.2,27.4,25.2
26151,58.3,52.4,46.4,41.1,27.7,14.9,17.8,17.8,13.7,15.6
26153,118.4,98.3,105.6,94.3,86.0,57.6,45.8,48.2,37.8,37.8
26155,105.3,98.5,96.5,87.8,70.8,36.6,33.6,32.7,33.2,31.8
26157,90.9,82.6,78.3,67.6,57.9,48.1,41.1,43.8,42.9,40.2
26159,120.6,117.8,112.8,99.5,78.2,37.6,35.6,34.0,31.0,29.0
26161,55.5,50.6,44.1,38.6,30.7,76.9,69.5,71.4,68.0,63.2
26163,101.7,93.1,89.1,78.2,64.9,59.0,54.3,53.3,50.8,47.5
26165,176.2,163.7,144.7,125.1,99.0,59.5,63.2,61.7,57.5,56.8
27001,107.2,98.7,80.6,68.1,56.5,48.9,44.9,39.0,33.2,31.8
27003,61.6,57.3,52.1,44.6,38.5,22.2,20.2,19.8,17.9,16.9
27005,59.4,52.6,45.6,38.2,35.7,26.8,20.7,26.3,21.9,23.5
27007,67.0,60.1,55.4,46.5,41.4,29.4,30.3,32.7,32.1,29.9
27009,47.4,43.0,39.3,32.7,30.1,3.2,2.2,1.7,0.6,0.1
27011,107.9,88.4,84.9,82.8,70.9,49.1,43.0,45.6,45.3,41.4
27013,72.7,70.7,66.0,58.0,51.2,47.5,45.2,46.7,44.1,45.1
27015,72.5,67.6,56.6,48.6,41.0,30.4,28.2,26.1,24.2,22.9
27017,99.1,72.1,62.9,55.1,51.0,28.1,26.3,25.8,27.5,30.8
27019,46.8,43.7,40.2,35.4,32.2,25.3,23.9,20.7,26.1,25.9
27021,42.2,35.9,31.2,24.8,22.0,10.4,8.3,9.5,10.4,9.6
27023,68.3,73.3,70.4,62.7,52.1,25.8,20.1,18.6,17.6,14.8
27025,39.9,41.1,34.6,30.7,25.7,15.1,15.0,14.7,14.1,13.4
27027,66.9,62.7,54.4,44.4,34.4,10.9,9.9,9.4,9.5,8.5
27029,80.7,75.5,68.3,57.8,47.6,54.8,60.3,57.2,49.3,47.4
27031,1.4,1.6,41.3,35.2,33.6,10.3,6.5,6.1,12.9,6.7
27033,63.1,51.6,73.9,77.3,66.9,23.6,19.7,16.2,18.2,23.6
27035,76.8,68.2,59.7,52.0,46.9,37.7,33.1,34.4,33.2,32.6
27037,59.3,54.0,48.4,42.6,36.9,18.6,18.1,18.2,19.5,18.5
27039,20.2,18.2,16.9,13.6,10.0,2.4,2.4,2.0,2.1,2.2
27041,109.1,101.6,91.0,80.2,60.2,39.0,36.9,38.8,37.8,33.9
27043,59.0,56.9,54.7,49.3,39.1,24.8,25.4,21.5,20.7,22.5
27045,31.9,31.3,29.8,28.9,24.0,13.6,17.8,18.0,15.8,12.4
27047,45.5,41.4,35.7,34.5,29.0,18.0,17.6,21.3,21.0,20.0
27049,57.5,51.1,46.9,41.2,33.7,20.9,19.6,17.6,15.5,13.8
27051,44.8,45.9,47.2,32.9,28.7,28.5,24.0,23.4,25.9,29.4
27053,47.8,43.2,38.6,33.3,28.6,39.5,37.8,38.5,36.4,34.8
27055,26.6,23.0,23.4,21.6,20.0,16.2,11.4,11.7,9.3,9.9
27057,74.2,64.1,57.4,49.2,40.6,33.0,30.1,28.0,30.1,26.3
27059,58.7,57.9,52.4,47.5,45.8,27.5,23.3,21.7,17.9,16.7
27061,97.9,81.4,65.1,56.0,51.0,31.0,30.4,28.3,24.8,21.5
27063,31.1,0.6,26.5,23.8,24.6,18.3,14.5,15.3,13.5,14.6
27065,87.4,90.5,82.4,70.4,61.1,38.1,33.0,34.1,31.1,27.5
27067,68.3,66.2,64.3,58.3,50.2,36.1,28.8,28.0,27.1,26.5
27069,41.7,40.4,38.7,37.1,32.2,16.7,13.8,21.0,29.3,20.7
27071,78.8,68.6,59.5,51.5,49.2,39.3,36.7,34.3,34.7,31.5
27073,57.0,57.0,61.0,57.7,52.3,37.1,41.5,38.3,35.0,34.3
27075,28.8,32.1,32.8,28.4,24.5,19.3,12.9,16.5,6.0,6.6
27077,77.2,71.7,68.2,63.3,18.1,3.0,4.7,5.9,4.2,4.1
27079,29.2,22.2,10.9,9.5,10.1,2.6,2.0,2.4,1.9,2.8
27081,63.8,64.0,43.2,39.0,35.5,44.5,51.3,38.4,41.6,41.2
27083,54.8,52.9,49.5,43.3,39.0,28.1,24.9,29.2,33.1,29.1
27085,77.0,71.5,69.0,62.8,55.1,26.8,22.6,23.2,23.4,20.8
27087,57.3,47.9,37.7,30.9,27.6,6.8,5.1,5.0,5.0,5.8
27089,27.0,25.4,24.0,21.0,17.9,9.3,9.4,9.8,8.8,9.4
27091,91.5,86.1,76.7,70.2,61.9,50.3,49.9,55.9,58.7,51.9
27093,39.5,37.9,30.2,26.1,16.2,11.3,7.4,7.9,7.7,7.2
27095,89.5,84.0,74.5,61.9,50.1,29.5,29.9,26.9,23.2,20.3
27097,77.8,74.7,64.8,57.3,52.7,40.6,34.9,29.3,23.9,22.2
27099,49.2,48.1,41.2,34.9,26.9,15.1,14.7,16.1,18.0,13.6
27101,36.8,36.0,36.1,35.8,29.4,22.7,20.6,20.9,18.2,17.0
27103,28.3,25.5,20.2,18.6,16.9,15.3,15.6,15.3,14.7,12.7
27105,58.4,60.8,48.5,38.5,33.9,20.7,17.5,16.8,15.5,17.1
27107,41.9,38.8,26.4,21.7,12.2,11.6,9.6,11.4,10.3,10.1
27109,36.5,33.3,28.9,27.1,25.9,90.4,82.6,79.6,71.3,66.5
27111,66.6,60.6,56.2,48.1,40.6,26.2,23.2,22.7,21.9,20.6
27113,95.6,87.5,74.8,69.7,55.8,35.4,35.7,31.2,30.0,32.5
27115,61.9,62.5,63.3,54.3,48.5,24.6,25.5,25.3,18.7,17.5
27117,80.2,91.0,74.7,73.1,69.0,50.8,35.7,25.5,15.7,13.6
27119,78.8,71.0,64.1,56.9,49.5,31.0,28.7,31.0,28.9,30.0
27121,68.7,70.6,68.6,58.4,53.4,44.2,39.8,37.1,32.4,32.8
27123,48.9,46.0,42.0,35.6,31.2,42.3,39.8,37.5,32.9,30.5
27125,36.8,32.5,32.0,27.5,25.2,1.6,3.3,9.2,9.0,7.1
27127,60.5,57.4,50.0,41.0,35.7,14.7,14.6,13.2,14.7,13.7
27129,33.0,31.6,31.0,28.7,22.8,41.0,60.4,45.5,20.2,17.0
27131,62.0,56.8,50.2,42.7,37.8,20.7,19.5,18.3,18.9,18.1
27133,55.7,28.7,59.6,53.8,50.8,30.0,29.7,31.9,33.4,40.8
27135,66.8,63.0,60.4,59.6,55.0,44.1,38.8,41.4,37.1,30.6
27137,80.6,75.1,64.6,54.6,47.8,49.2,47.4,48.9,45.5,44.4
27139,42.7,39.9,37.2,32.9,28.6,9.5,8.7,9.0,9.2,8.6
27141,52.8,49.1,41.1,36.0,31.8,12.2,11.8,11.1,11.3,11.5
27143,29.6,30.6,28.0,23.5,18.8,12.6,11.4,11.6,11.5,10.8
27145,67.4,63.5,55.0,48.2,44.2,48.1,40.2,37.0,34.9,32.5
27147,59.1,51.6,48.0,40.9,35.4,28.6,21.2,22.3,20.8,20.6
27149,55.8,53.0,57.5,49.7,43.3,27.5,28.5,32.9,36.2,36.4
27151,57.6,56.3,55.0,46.4,39.7,39.2,35.5,33.0,33.9,27.3
27153,29.4,27.4,25.3,23.0,21.1,7.7,7.3,5.3,4.2,4.9
27155,110.3,99.3,56.6,39.1,42.6,19.5,9.6,11.4,4.8,4.7
27157,9.8,11.7,10.1,8.3,5.9,12.7,9.7,9.0,12.6,9.5
27159,174.6,155.3,145.6,125.4,111.2,89.0,82.1,78.4,73.0,79.1
27161,49.1,48.2,43.4,47.6,34.0,17.3,16.1,14.1,12.2,13.1
27163,60.7,57.5,53.0,47.6,42.6,27.6,25.1,24.5,22.2,22.7
27165,49.3,44.4,43.0,45.5,41.5,41.9,39.4,35.5,32.0,30.6
27167,81.9,70.5,62.2,52.9,42.6,8.8,5.8,7.2,8.7,17.8
27169,60.9,54.2,47.4,40.6,34.4,17.6,18.5,21.0,22.4,22.5
27171,61.9,56.7,52.8,46.7,41.0,17.3,15.3,14.1,13.3,13.5
27173,38.8,37.6,37.4,34.7,30.6,35.3,38.4,36.5,40.5,29.7
28001,178.7,166.0,158.2,121.8,94.8,86.9,93.7,51.7,49.3,46.6
28003,205.7,188.9,175.7,160.9,132.1,116.7,116.9,121.0,119.6,127.8
28005,52.2,48.8,48.4,42.5,34.7,7.7,10.5,10.4,16.8,16.9
28007,119.8,118.6,116.6,102.8,80.9,36.8,35.1,32.5,33.1,34.3
28009,73.8,68.0,67.4,59.3,47.3,12.6,10.6,10.3,9.6,7.9
28011,92.6,92.6,87.6,76.4,61.7,30.9,34.7,36.0,33.4,32.3
28013,84.8,82.2,79.8,72.4,57.6,41.0,49.4,52.3,22.2,22.9
28015,1.2,0.7,0.5,0.7,-9.0,10.8,10.4,10.2,8.8,5.0
28017,125.7,95.9,86.8,84.2,76.0,34.3,24.2,17.2,36.0,33.2
28019,91.6,74.9,58.7,53.0,36.1,24.9,19.1,13.2,15.8,31.4
28021,90.0,84.7,78.8,60.8,46.1,28.4,18.3,23.5,24.0,20.7
28023,138.5,133.6,120.9,100.7,75.1,19.9,19.8,19.9,16.8,17.4
28025,119.8,115.4,113.4,103.1,91.7,60.6,31.3,38.1,36.5,16.0
28027,108.6,106.0,120.3,113.6,88.1,35.4,33.9,34.6,31.8,30.3
28029,108.7,103.3,101.6,90.2,72.9,53.2,50.8,49.8,51.7,55.8
28031,103.6,114.1,113.6,108.7,92.0,40.3,38.5,39.2,38.2,36.2
28033,109.4,104.4,100.5,90.6,77.1,63.6,62.9,56.2,50.9,52.9
28035,240.3,217.4,210.0,189.0,158.5,206.3,186.2,187.2,185.1,188.5
28037,87.4,83.8,72.0,61.2,46.1,4.9,4.6,5.7,7.5,6.8
28039,179.7,169.4,158.9,131.0,107.2,36.7,44.5,53.8,61.9,61.5
28041,56.3,55.1,57.9,52.9,47.2,19.5,14.2,19.9,17.4,12.8
28043,147.5,157.9,164.7,160.4,134.2,70.2,60.4,67.1,70.1,63.3
28045,99.1,89.6,89.2,81.8,72.0,31.0,35.3,39.1,37.8,35.2
28047,141.0,134.3,125.7,108.6,89.1,86.6,83.8,81.5,70.4,67.8
28049,78.0,77.1,72.2,61.3,49.7,110.9,109.2,121.8,124.2,122.7
28051,65.8,64.5,66.5,60.3,54.3,27.4,22.5,26.0,25.7,23.4
28053,59.1,62.1,61.1,56.2,48.5,17.2,17.9,16.9,15.5,13.4
28055,-9.0,-9.0,-9.0,-9.0,-9.0,0.0,0.0,0.0,0.0,0.0
28057,130.8,132.7,122.3,103.7,82.1,31.4,25.9,26.8,23.7,23.0
28059,124.8,114.5,103.1,89.4,73.8,71.8,66.8,66.8,64.1,58.2
28061,43.1,41.8,38.7,37.1,33.4,5.5,3.3,3.5,2.8,2.8
28063,0.6,0.1,0.2,0.3,-9.0,2.3,2.6,5.8,12.8,14.5
28065,127.9,118.5,118.3,110.3,88.9,21.7,22.9,22.7,21.5,19.9
28067,171.9,168.5,148.4,137.1,109.7,102.1,105.5,127.5,165.6,173.9
28069,57.6,51.1,39.7,33.4,29.5,4.5,3.8,4.8,5.9,6.6
28071,77.6,72.7,71.2,61.6,52.6,77.2,70.5,64.7,57.0,59.4
28073,43.5,44.7,38.9,35.3,29.0,16.8,13.7,12.9,13.3,12.2
28075,170.1,162.7,157.7,140.6,116.4,166.2,160.4,154.2,155.0,152.1
28077,136.2,123.5,118.0,109.0,90.5,51.0,46.1,42.1,32.4,23.1
28079,91.5,90.7,92.4,87.3,72.1,47.8,49.4,50.1,49.8,47.2
28081,128.7,127.0,124.9,112.0,90.2,122.6,120.1,130.7,121.6,117.4
28083,118.8,117.9,119.1,112.9,97.6,105.7,107.0,107.0,100.2,84.5
28085,133.5,122.6,115.5,101.2,82.9,77.8,77.3,72.9,66.1,58.8
28087,130.5,131.5,124.2,99.9,78.8,59.6,55.7,63.5,53.5,59.6
28089,72.8,70.3,67.7,61.8,49.5,48.9,48.2,43.7,40.4,41.9
28091,217.9,192.9,182.9,168.5,140.3,62.7,57.1,54.8,53.0,49.8
28093,53.1,51.3,48.7,48.5,44.5,36.4,24.5,17.1,22.2,22.4
28095,113.1,101.1,102.3,94.9,75.7,41.0,40.4,41.8,41.5,39.9
28097,102.9,95.5,91.4,84.8,56.1,17.0,18.4,18.4,21.0,20.9
28099,187.0,161.0,147.1,127.7,98.8,27.0,24.3,25.9,20.6,32.9
28101,73.2,65.4,71.2,63.9,47.4,18.0,15.0,13.7,13.1,12.3
28103,99.2,96.1,99.3,86.9,70.0,18.4,14.1,13.0,28.0,18.0
28105,78.8,73.9,74.1,64.8,54.7,69.7,67.2,71.7,82.9,80.8
28107,110.4,110.8,101.4,93.6,81.6,30.2,23.6,24.2,33.2,25.8
28109,153.4,147.3,133.1,114.9,101.1,32.4,32.7,28.2,22.4,19.8
28111,96.8,93.1,89.0,66.1,51.6,38.2,37.1,36.6,28.2,29.9
28113,185.3,175.8,153.2,134.4,108.9,63.6,52.3,47.5,45.5,46.5
28115,108.7,103.9,98.5,85.9,65.0,26.4,27.9,28.1,19.8,19.8
28117,128.8,118.9,107.4,92.5,75.0,42.3,38.9,41.6,41.7,46.3
28119,70.8,54.3,72.3,72.0,60.1,9.3,9.4,7.1,10.5,13.3
28121,105.8,102.8,101.0,91.5,76.2,70.7,62.8,61.4,61.3,56.0
28123,103.8,97.6,92.5,86.7,70.4,24.5,23.8,24.1,21.0,25.1
28125,132.5,120.4,99.8,82.7,70.5,5.4,6.3,11.0,10.0,7.9
28127,125.4,116.7,107.7,96.0,83.3,36.3,30.5,29.1,35.0,34.9
28129,48.6,51.0,48.3,42.9,37.5,6.9,4.5,10.4,8.8,9.4
28131,179.4,168.9,158.5,132.2,110.7,54.9,60.3,47.9,28.1,28.5
28133,54.3,51.8,53.8,46.8,39.4,33.4,27.5,28.3,25.4,23.8
28135,11.1,35.4,38.1,31.5,28.5,23.0,20.5,18.1,16.0,11.1
28137,143.3,137.2,128.2,110.0,90.1,50.0,39.8,62.4,63.3,65.0
28139,121.9,120.3,106.3,92.0,72.8,24.7,19.4,20.0,20.7,23.3
28141,161.9,148.0,160.8,133.6,108.5,55.3,57.6,61.0,61.4,66.6
28143,1.6,19.5,37.5,34.9,30.5,9.1,9.5,9.2,6.2,2.6
28145,132.3,124.1,115.7,100.0,81.2,64.6,73.0,76.6,96.1,87.8
28147,70.9,70.4,67.6,66.2,52.0,21.4,21.0,26.5,29.0,27.4
28149,120.7,111.4,105.9,92.8,73.1,77.3,79.7,77.9,71.4,77.2
28151,110.1,108.2,104.3,92.1,72.9,65.8,66.2,64.1,63.1,63.9
28153,144.7,140.2,135.3,122.3,95.1,33.6,34.0,33.3,33.8,31.2
28155,137.3,128.4,155.0,142.5,118.1,100.0,102.6,110.0,106.1,99.1
28157,116.9,111.2,92.2,75.6,64.6,40.5,38.3,45.9,55.9,66.8
28159,130.0,119.4,116.5,95.7,78.3,26.4,29.1,28.1,41.2,39.6
28161,59.9,58.1,55.0,48.7,41.0,11.5,10.2,12.4,11.2,35.9
28163,65.9,65.1,62.4,55.8,47.2,9.4,10.6,11.1,11.5,10.8
29001,158.9,138.8,113.5,102.9,89.7,89.6,86.2,91.2,90.1,89.1
29003,2.2,1.6,1.0,0.4,0.0,2.0,2.4,2.3,2.1,3.2
29005,54.9,31.4,99.9,94.4,88.4,62.0,60.1,54.9,47.8,49.1
29007,76.0,72.1,69.8,62.1,61.2,28.0,26.4,28.6,27.7,29.1
29009,134.0,108.8,123.9,108.0,95.0,61.2,55.2,56.2,57.1,59.6
29011,66.4,62.1,127.1,105.4,76.8,40.7,35.0,30.8,24.7,25.6
29013,57.8,61.9,56.8,45.4,30.3,28.7,29.3,25.2,27.0,42.8
29015,106.6,108.5,103.4,97.5,80.6,25.7,32.7,28.5,27.1,25.5
29017,70.2,66.8,65.6,55.2,46.8,17.8,20.2,17.5,16.8,14.1
29019,53.8,51.2,46.5,40.9,36.7,87.7,80.3,76.7,68.8,65.2
29021,127.6,118.7,109.2,95.9,83.3,59.6,55.8,54.5,50.1,46.4
29023,216.1,197.5,180.7,162.8,142.9,136.4,125.8,115.4,88.1,62.9
29025,2.8,3.0,2.7,1.9,-9.0,6.3,6.8,16.2,26.6,30.6
29027,41.3,44.8,44.0,38.2,33.1,17.0,19.1,16.1,13.8,12.7
29029,134.7,118.9,111.2,92.8,95.0,55.5,54.1,47.3,44.8,45.7
29031,128.3,125.5,117.8,105.4,87.6,110.7,100.1,115.6,108.7,127.5
29033,76.5,50.5,86.6,82.3,69.8,49.1,50.3,55.7,48.1,93.0
29035,1.9,0.9,0.8,0.4,-9.0,11.6,18.0,16.5,8.0,6.7
29037,117.9,109.3,106.2,97.2,84.6,43.7,41.2,41.6,40.4,36.6
29039,19.7,17.7,9.1,73.7,135.6,75.7,63.7,64.2,54.9,55.5
29041,29.0,41.8,36.9,32.7,27.6,3.3,6.4,3.3,2.3,2.3
29043,90.9,82.3,73.8,65.3,55.8,56.4,46.2,43.5,42.4,18.5
29045,4.8,6.4,81.2,72.6,57.8,52.2,40.2,37.0,41.0,40.1
29047,101.2,94.7,89.2,78.9,68.9,54.0,51.8,49.9,46.0,42.7
29049,63.8,64.9,62.4,56.7,55.0,27.4,26.9,32.8,34.9,38.9
29051,122.9,107.3,97.2,84.7,69.7,70.3,68.1,66.0,63.7,61.4
29053,45.9,41.5,38.0,35.3,28.9,17.4,15.4,19.1,14.4,12.8
29055,65.2,84.4,84.7,81.4,73.5,2.0,5.4,2.8,3.0,2.2
29057,51.5,40.7,33.5,29.7,23.7,46.3,57.8,59.9,62.8,58.2
29059,42.4,37.8,33.9,31.3,23.8,11.6,16.3,21.4,22.0,25.8
29061,36.8,32.5,32.7,28.7,25.7,36.3,38.4,29.8,23.2,23.2
29063,-9.0,-9.0,-9.0,-9.0,-9.0,4.2,3.9,3.2,3.2,3.4
29065,121.4,104.8,95.4,84.5,81.3,61.8,59.1,49.4,30.1,61.2
29067,99.4,88.7,84.7,78.4,66.0,18.6,9.5,7.3,5.9,2.3
29069,201.8,172.3,162.6,168.2,148.6,52.1,75.8,80.9,76.3,79.3
29071,115.2,107.6,100.4,88.0,74.6,53.6,48.2,49.7,49.7,48.4
29073,39.7,54.3,69.1,70.9,70.8,32.7,30.5,28.7,24.7,21.4
29075,46.0,45.9,50.6,52.6,63.7,28.2,34.0,26.4,21.9,16.4
29077,127.0,116.4,108.9,97.8,85.0,87.1,82.0,80.6,72.8,67.2
29079,149.2,131.1,109.3,99.4,92.2,44.6,34.2,30.2,24.4,26.0
29081,132.7,126.1,125.5,113.2,99.0,42.9,37.3,32.5,30.5,31.1
29083,166.1,145.4,148.0,131.0,113.2,77.1,69.0,67.1,62.6,76.3
29085,9.5,7.7,4.0,1.6,0.0,14.6,19.6,21.0,18.4,18.9
29087,-9.0,-9.0,-9.0,-9.0,-9.0,2.2,1.8,2.0,2.7,3.1
29089,4.3,3.3,0.9,0.2,0.0,55.3,58.4,68.8,70.8,70.1
29091,192.7,176.5,162.5,150.1,131.7,106.1,94.8,86.2,86.4,85.1
29093,142.8,137.3,140.0,135.7,121.2,9.4,9.7,6.6,12.8,31.6
29095,88.3,83.8,79.6,68.9,60.3,63.7,57.5,56.5,52.7,48.3
29097,169.3,152.7,140.9,127.4,112.3,103.7,94.9,77.9,76.8,72.0
29099,90.7,83.1,78.4,72.6,64.7,33.9,32.0,31.0,30.7,30.9
29101,57.8,57.9,54.8,48.7,43.1,32.9,31.8,30.0,29.8,31.0
29103,2.0,2.5,1.7,1.2,0.0,0.1,1.2,0.1,3.1,11.0
29105,127.8,112.5,108.6,96.4,81.5,39.6,36.3,34.2,30.4,29.2
29107,61.1,54.8,44.0,43.8,39.7,35.7,29.4,28.2,28.6,29.8
29109,57.9,56.2,51.2,46.1,42.4,34.7,35.9,33.2,20.6,21.3
29111,2.9,3.4,3.4,3.7,49.0,56.7,54.0,51.7,36.2,41.0
29113,86.2,77.1,73.4,66.1,56.1,29.6,27.6,25.3,23.6,22.3
29115,57.1,46.5,41.9,38.1,42.6,20.0,18.0,18.4,7.9,11.1
29117,149.2,117.2,98.5,95.3,85.7,29.7,21.8,21.7,30.7,32.0
29119,45.9,49.0,43.6,38.1,28.9,10.1,8.1,7.8,8.0,7.8
29121,77.7,88.6,84.4,74.6,57.8,32.3,31.1,29.1,32.0,33.6
29123,156.5,152.3,127.1,127.8,115.3,41.0,37.2,35.0,28.9,31.3
29125,4.5,12.5,-9.0,-9.0,-9.0,5.0,5.5,6.7,4.9,3.6
29127,128.0,125.4,118.6,106.6,96.9,89.3,83.9,94.3,85.8,78.1
29129,74.3,69.9,59.6,49.9,41.7,22.7,21.9,21.7,24.8,17.5
29131,73.6,69.5,71.9,61.8,53.8,19.7,20.7,25.6,27.8,26.1
29133,77.0,65.7,66.1,59.6,58.0,70.6,67.4,55.2,52.9,47.8
29135,2.5,2.0,0.4,0.4,-9.0,8.2,10.4,9.8,9.3,8.7
29137,3.1,3.0,2.6,1.3,0.0,6.8,7.8,7.4,7.2,6.0
29139,72.2,65.3,59.6,46.8,39.2,31.7,33.4,33.9,38.1,39.0
29141,38.6,33.5,30.5,26.4,42.0,4.2,6.2,9.6,10.1,6.0
29143,64.4,68.0,71.4,65.9,65.3,7.6,4.5,5.2,7.0,9.3
29145,58.5,55.4,54.2,49.7,49.6,22.1,17.7,22.1,22.3,18.4
29147,84.8,86.5,76.5,69.3,60.4,39.6,39.2,37.2,35.1,32.1
29149,61.4,57.1,51.8,55.3,51.0,4.9,9.2,17.8,18.5,14.7
29151,28.1,25.6,24.0,22.1,18.4,21.5,20.1,18.2,14.1,14.3
29153,57.9,54.8,49.4,51.6,55.3,12.3,14.6,15.5,8.7,6.2
29155,142.2,142.3,148.6,98.1,28.0,73.2,32.5,30.5,28.7,34.2
29157,68.0,63.7,62.3,56.3,48.0,8.3,7.1,11.4,9.4,12.3
29159,96.4,75.4,79.2,71.7,68.0,36.6,34.6,35.1,33.6,33.3
29161,139.0,116.9,90.3,81.9,75.6,83.5,76.7,80.3,71.0,69.2
29163,70.1,68.4,69.6,81.9,75.7,39.0,40.6,34.9,18.3,18.7
29165,78.9,71.9,68.4,60.2,52.8,38.9,37.0,34.8,30.4,26.9
29167,118.7,102.0,99.2,86.8,62.9,44.7,62.4,69.0,57.2,63.3
29169,54.1,48.8,42.5,33.6,27.5,37.4,31.1,29.9,31.4,31.3
29171,2.6,1.2,57.9,43.9,34.6,10.8,9.8,8.2,8.0,12.8
29173,-9.0,-9.0,-9.0,-9.0,-9.0,12.8,12.3,12.8,11.8,1.7
29175,116.8,110.1,114.8,110.0,96.4,33.4,32.2,34.7,31.8,33.8
29177,79.1,69.9,78.0,69.7,55.3,35.8,35.8,36.4,31.4,25.9
29179,3.3,1.9,0.8,1.1,-9.0,8.9,1.9,0.2,0.5,0.5
29181,197.2,162.7,145.5,126.8,95.4,40.1,49.2,43.5,40.6,31.9
29183,81.2,78.5,75.2,67.3,59.7,37.6,33.4,33.9,32.4,30.7
29185,4.3,4.3,2.4,26.5,34.9,33.3,35.2,28.0,36.9,37.0
29186,37.5,39.3,45.9,42.7,40.8,26.2,14.8,13.5,10.2,10.2
29187,197.9,176.7,171.5,155.2,138.0,107.6,99.7,92.9,87.7,76.2
29189,75.3,72.1,69.0,63.0,55.3,73.5,68.3,65.7,62.6,58.6
29195,69.3,91.9,88.0,77.7,72.2,50.2,41.1,38.1,36.0,29.4
29197,-9.0,-9.0,0.2,1.1,3.3,1.2,3.1,5.7,12.5,16.5
29199,4.8,3.6,102.6,85.4,65.3,32.3,42.5,30.0,44.8,58.1
29201,137.6,127.5,118.9,115.3,97.9,77.9,71.2,77.0,70.4,69.1
29203,2.0,1.0,43.0,35.3,30.1,3.0,4.6,7.9,6.4,6.0
29205,40.1,33.1,32.2,27.2,22.6,4.1,5.1,4.6,1.3,4.8
29207,125.7,104.8,99.3,86.1,74.6,43.2,38.4,33.3,37.1,36.4
29209,86.1,81.4,73.9,70.2,71.2,29.9,29.8,26.6,24.3,13.6
29211,2.0,16.3,79.9,69.5,49.5,66.1,64.0,59.9,49.9,45.8
29213,132.0,119.2,112.8,99.0,81.4,71.1,69.7,69.2,64.7,63.3
29215,75.9,63.2,66.1,49.5,37.1,26.9,27.6,26.3,25.2,23.1
29217,111.0,95.1,85.3,75.4,60.4,39.5,35.0,38.5,43.5,42.5
29219,74.4,68.2,60.7,57.5,50.6,9.0,8.8,7.5,7.8,9.9
29221,52.7,47.7,41.6,37.2,24.4,12.8,11.7,11.6,11.9,11.8
29223,33.2,27.9,26.6,3.6,0.0,0.6,1.0,8.6,10.5,8.6
29225,114.8,104.4,98.2,90.3,75.0,29.4,46.9,33.2,18.0,25.8
29227,4.2,4.3,4.2,1.4,0.0,0.6,0.0,0.0,0.0,0.0
29229,143.6,133.7,121.1,113.6,103.0,57.2,65.7,69.4,73.3,72.7
29510,60.8,57.7,54.1,47.8,42.5,89.5,80.1,76.0,70.6,70.6
30001,92.0,89.2,86.2,76.6,68.0,39.6,34.4,35.4,31.9,29.4
30003,2.1,2.2,1.2,19.1,21.3,9.6,9.0,10.9,10.4,12.3
30005,47.5,40.2,37.8,35.2,32.3,12.1,11.2,12.6,12.2,10.2
30007,1.7,0.9,35.1,31.3,28.0,12.4,12.3,12.2,8.9,4.6
30009,0.9,1.9,26.4,24.6,23.3,16.8,13.5,11.2,10.0,8.4
30011,-9.0,-9.0,-9.0,-9.0,-9.0,0.9,0.2,2.6,5.5,12.6
30013,113.9,102.7,97.2,79.5,65.4,57.7,55.4,53.3,48.6,50.5
30015,42.1,34.0,33.0,27.0,20.2,16.0,14.9,15.1,14.3,13.9
30017,126.7,116.0,105.1,98.8,80.6,81.1,74.0,69.6,64.0,62.1
30019,8.9,7.5,5.7,4.7,-9.0,0.8,0.3,0.6,9.9,27.4
30021,94.3,92.8,86.2,83.6,62.7,34.6,28.2,30.3,28.7,30.3
30023,96.3,96.6,96.0,75.1,73.0,51.5,51.5,54.2,77.3,83.8
30025,5.2,2.8,2.9,2.4,0.1,0.9,5.0,1.9,8.6,13.4
30027,90.6,81.9,79.6,72.0,64.1,39.3,31.6,33.1,36.3,37.8
30029,103.8,95.8,88.7,79.2,72.0,68.2,66.8,65.7,59.2,56.1
30031,56.6,51.6,46.7,38.4,31.9,30.4,28.5,30.6,27.5,25.7
30033,-9.0,-9.0,-9.0,-9.0,-9.0,7.1,10.4,9.2,19.3,12.3
30035,49.6,41.1,31.3,36.8,30.9,16.0,17.1,15.4,32.2,35.8
30037,-9.0,-9.0,-9.0,-9.0,-9.0,0.1,0.0,0.1,0.0,0.0
30039,-9.0,-9.0,-9.0,-9.0,-9.0,19.5,18.5,20.1,23.8,37.5
30041,79.5,64.7,59.1,47.7,42.0,30.5,30.5,35.2,34.4,35.3
30043,16.3,15.6,14.0,12.7,17.0,16.3,15.6,15.4,15.9,17.1
30045,-9.0,-9.0,-9.0,-9.0,-9.0,0.5,1.2,0.6,0.1,0.1
30047,75.8,67.9,64.4,61.1,57.3,44.0,39.2,30.9,37.2,35.2
30049,84.5,79.1,71.7,63.7,55.6,47.0,44.1,42.2,41.1,39.0
30051,35.1,31.2,41.0,36.9,36.8,10.3,12.3,18.6,11.7,5.7
30053,113.3,100.6,101.5,93.2,85.2,57.2,57.9,58.0,50.2,52.3
30055,-9.0,-9.0,-9.0,-9.0,-9.0,37.2,22.2,19.4,27.4,26.0
30057,16.0,3.8,29.6,24.7,22.4,12.8,9.7,9.7,9.4,16.3
30059,62.7,57.1,54.1,49.5,42.3,27.4,32.8,28.8,26.3,23.4
30061,72.0,64.3,50.5,43.3,41.3,19.3,24.8,35.5,36.3,37.4
30063,85.3,75.5,71.2,62.1,57.5,60.7,61.2,56.8,53.5,50.5
30065,-9.0,-9.0,-9.0,-9.0,-9.0,32.9,25.5,20.9,18.2,15.3
30067,48.4,45.7,44.8,42.6,34.9,28.5,27.2,25.7,23.1,20.8
30069,-9.0,-9.0,-9.0,-9.0,-9.0,0.0,0.0,0.0,0.0,0.0
30071,79.8,59.4,84.9,77.0,62.6,46.7,38.8,39.4,30.7,25.4
30073,6.4,80.8,67.8,65.3,60.8,40.8,43.0,41.8,45.5,47.7
30075,58.2,47.8,38.6,33.6,28.5,1.7,1.4,0.6,0.0,6.0
30077,85.4,81.4,76.0,69.2,56.9,44.3,54.7,56.5,29.9,26.5
30079,-9.0,-9.0,-9.0,-9.0,-9.0,21.8,18.2,23.8,27.7,24.3
30081,88.4,75.9,78.1,71.0,61.5,32.0,31.5,28.8,28.2,26.4
30083,68.4,60.1,63.8,59.9,52.6,33.7,17.0,13.3,14.2,16.7
30085,27.7,26.4,27.0,23.5,23.5,28.6,26.3,20.0,22.7,20.2
30087,40.8,37.3,38.8,38.3,38.7,18.4,14.8,11.5,10.4,13.1
30089,94.2,68.1,79.1,69.3,62.5,45.5,43.2,37.4,29.2,33.4
30091,-9.0,-9.0,-9.0,-9.0,-9.0,4.9,1.7,0.6,0.9,0.9
30093,112.7,108.1,98.6,86.9,75.6,55.4,51.4,46.0,38.5,31.5
30095,2.5,2.7,42.2,44.1,41.1,20.9,27.0,28.4,27.1,30.0
30097,3.1,1.8,44.8,45.5,43.2,12.1,13.2,4.5,1.5,3.3
30099,88.7,71.1,64.8,57.5,28.9,13.5,14.6,14.3,17.6,13.8
30101,57.9,61.9,57.7,49.0,51.4,117.6,104.6,98.6,95.5,72.8
30103,-9.0,-9.0,-9.0,-9.0,-9.0,0.0,0.0,0.0,0.0,0.0
30105,52.7,49.0,41.9,39.4,32.6,15.9,18.2,13.5,19.2,25.3
30107,0.6,2.4,46.8,51.3,41.3,3.9,3.8,4.8,7.6,4.6
30109,-9.0,-9.0,-9.0,-9.0,-9.0,0.0,0.0,0.0,0.0,0.1
30111,101.7,95.5,86.8,73.8,65.2,73.8,67.2,65.4,62.2,58.8
31001,83.7,78.9,77.8,69.1,67.8,47.4,48.3,48.6,39.9,38.1
31003,59.5,53.6,48.6,48.0,48.8,42.4,40.5,35.7,30.1,26.7
31005,-9.0,-9.0,-9.0,-9.0,-9.0,0.0,0.0,0.0,0.0,0.0
31007,-9.0,-9.0,-9.0,-9.0,-9.0,0.0,0.0,0.0,0.0,0.0
31009,-9.0,-9.0,-9.0,-9.0,-9.0,0.0,0.0,0.0,0.0,0.0
31011,4.9,5.1,2.0,0.7,-9.0,12.7,12.9,10.4,48.2,48.3
31013,83.6,91.0,101.7,102.2,89.5,73.8,63.7,60.1,53.8,55.1
31015,65.4,27.3,-9.0,-9.0,-9.0,12.2,34.9,37.3,34.3,49.7
31017,64.3,59.3,55.5,41.2,33.9,8.2,7.3,20.4,27.1,27.1
31019,79.6,77.4,73.9,70.0,68.3,76.3,73.6,71.1,79.5,71.2
31021,54.9,46.6,20.8,20.0,18.0,19.2,18.1,16.9,13.6,13.8
31023,72.3,69.0,65.6,54.7,52.4,50.5,39.9,31.3,28.1,27.0
31025,25.3,26.4,25.9,35.2,30.1,10.2,9.4,8.8,9.0,7.6
31027,37.8,37.1,34.4,35.0,32.7,15.9,15.0,17.0,13.5,14.4
31029,75.9,69.5,64.4,56.7,52.8,86.6,70.1,46.0,32.2,21.6
31031,82.3,85.0,91.3,78.4,59.9,20.2,20.0,19.2,22.0,23.2
31033,68.4,54.1,45.5,39.9,35.5,28.1,29.6,33.5,35.5,36.0
31035,1.4,1.1,1.0,0.0,-9.0,2.7,1.5,3.3,5.2,2.8
31037,1.4,1.4,0.5,0.1,-9.0,12.0,10.4,8.7,8.5,7.8
31039,29.6,30.6,29.1,25.4,23.1,5.2,9.7,11.5,16.9,17.1
31041,93.1,83.0,91.1,79.1,75.7,47.0,44.2,45.6,35.8,35.7
31043,75.1,73.3,73.2,65.7,63.2,20.6,19.9,21.7,20.3,22.8
31045,75.6,70.8,72.9,65.4,56.8,36.9,36.8,35.9,35.0,32.3
31047,53.4,52.0,56.3,58.1,54.9,26.7,24.5,23.8,21.4,20.0
31049,4.3,4.3,3.9,0.9,-9.0,3.0,2.1,1.6,1.4,1.3
31051,11.2,12.5,12.7,11.2,10.4,10.6,8.1,6.1,7.1,5.5
31053,107.7,104.3,100.7,90.3,79.5,55.3,42.1,36.3,30.3,22.8
31055,72.3,66.7,64.5,57.3,49.6,68.1,63.3,62.9,60.5,57.6
31057,111.3,115.2,124.9,106.6,107.7,45.7,31.2,10.2,12.0,14.3
31059,2.5,5.2,2.6,0.4,0.1,20.1,19.8,19.0,46.0,42.9
31061,3.6,4.2,-9.0,-9.0,-9.0,75.6,82.0,47.7,32.4,31.6
31063,-9.0,-9.0,-9.0,-9.0,-9.0,3.2,5.2,4.4,7.3,7.0
31065,2.1,3.8,2.9,1.2,-9.0,27.6,31.8,22.7,24.1,22.1
31067,90.3,76.1,62.2,54.1,41.1,25.6,25.4,30.4,35.1,28.8
31069,104.1,111.8,117.3,102.9,89.5,35.8,29.6,103.7,77.9,69.4
31071,7.3,11.4,13.3,105.4,165.4,93.4,81.2,69.4,66.7,87.2
31073,-9.0,-9.0,-9.0,-9.0,-9.0,0.0,0.0,0.0,0.3,0.6
31075,-9.0,-9.0,-9.0,-9.0,-9.0,0.0,0.0,0.0,0.0,5.1
31077,0.4,0.7,-9.0,-9.0,-9.0,0.0,0.0,0.0,0.0,0.0
31079,89.1,82.9,77.5,70.6,64.3,67.1,63.1,65.6,49.9,55.8
31081,68.9,68.1,65.2,59.1,52.6,57.1,56.9,51.2,38.5,33.3
31083,86.2,85.5,86.0,81.8,80.4,29.9,38.2,50.1,55.5,79.8
31085,-9.0,-9.0,-9.0,-9.0,-9.0,2.1,2.4,3.0,1.6,0.3
31087,-9.0,-9.0,-9.0,-9.0,-9.0,18.5,18.4,13.5,10.9,10.4
31089,78.2,73.3,59.5,34.6,11.6,24.2,48.1,49.8,44.3,45.1
31091,-9.0,-9.0,-9.0,-9.0,-9.0,13.2,13.4,16.5,10.3,7.3
31093,80.9,77.7,70.6,60.2,55.0,40.9,36.0,33.1,25.0,22.3
31095,135.5,115.8,118.0,109.6,105.9,47.2,43.5,32.9,24.1,12.0
31097,51.4,51.0,46.1,43.8,45.3,62.3,48.7,54.6,58.8,53.1
31099,69.9,65.5,62.7,53.9,44.7,32.2,28.2,25.9,23.8,20.9
31101,134.1,122.0,119.6,103.6,93.2,48.2,45.4,42.2,36.6,36.5
31103,-9.0,-9.0,-9.0,-9.0,-9.0,0.0,0.0,0.0,0.0,0.0
31105,-9.0,-9.0,2.9,1.1,-9.0,16.7,36.8,24.9,35.9,53.7
31107,32.2,27.4,27.7,27.2,29.0,31.7,28.1,21.6,22.7,26.5
31109,69.0,64.1,62.9,56.2,50.3,52.2,47.4,47.2,46.7,44.9
31111,107.8,102.2,95.9,90.7,81.3,76.3,76.8,75.8,75.0,75.4
31113,-9.0,-9.0,-9.0,-9.0,-9.0,0.0,0.0,0.0,0.0,0.0
31115,-9.0,-9.0,-9.0,-9.0,-9.0,0.0,0.0,0.0,0.0,0.0
31117,-9.0,-9.0,-9.0,-9.0,-9.0,0.0,0.0,0.0,0.0,0.0
31119,103.2,95.8,89.1,83.7,79.4,71.4,91.2,95.7,97.5,89.8
31121,66.7,65.2,61.3,58.4,77.6,39.1,39.8,33.1,25.5,25.4
31123,58.0,69.0,60.4,56.8,57.7,16.4,12.5,11.1,10.1,11.8
31125,21.7,45.2,44.6,43.4,39.2,8.6,4.6,1.1,3.5,6.5
31127,104.5,101.6,93.9,89.8,82.4,67.8,77.5,71.6,72.1,70.6
31129,78.0,67.1,43.4,40.9,42.8,9.0,7.5,4.7,7.1,5.6
31131,97.6,92.2,86.9,80.4,70.5,45.1,38.2,27.3,20.2,24.1
31133,84.0,80.0,70.9,50.7,50.9,53.9,39.3,22.3,27.2,23.6
31135,64.5,65.6,68.0,69.6,76.4,93.6,87.1,83.8,67.9,62.8
31137,113.8,110.8,114.5,116.1,104.8,94.2,90.0,59.8,24.2,24.5
31139,29.9,26.0,28.6,27.2,25.2,33.8,42.1,59.7,22.8,21.8
31141,83.1,78.2,77.4,66.6,60.3,31.5,26.2,26.0,24.7,29.1
31143,34.2,25.7,24.7,22.6,23.0,10.3,8.7,9.5,8.0,6.8
31145,131.5,118.4,111.5,101.3,103.7,50.0,45.1,33.0,37.1,39.3
31147,60.4,53.9,51.6,45.3,37.8,15.3,16.6,12.5,16.8,15.8
31149,-9.0,-9.0,-9.0,-9.0,-9.0,6.0,11.1,13.4,15.3,13.3
31151,62.3,57.0,52.8,49.0,48.7,25.9,25.0,24.7,23.3,22.1
31153,59.2,55.5,53.3,45.5,40.0,29.0,26.4,25.1,23.6,20.6
31155,48.4,44.1,31.6,26.9,19.8,18.5,18.9,16.2,13.2,12.1
31157,110.5,101.1,94.2,85.5,75.5,83.2,73.7,71.9,66.2,64.6
31159,49.3,57.2,51.6,50.4,47.1,27.7,26.8,24.2,22.8,19.1
31161,0.7,1.2,0.8,16.7,-9.0,3.0,4.9,6.5,8.2,10.3
31163,2.7,2.9,2.1,1.4,-9.0,3.7,3.5,3.7,3.5,2.6
31165,-9.0,-9.0,-9.0,-9.0,-9.0,0.0,0.0,0.0,0.0,0.0
31167,-9.0,-9.0,-9.0,-9.0,-9.0,2.0,0.0,1.7,1.4,1.8
31169,4.0,5.2,4.1,0.6,-9.0,9.8,8.4,6.8,10.2,6.8
31171,-9.0,-9.0,-9.0,-9.0,-9.0,2.0,2.5,2.3,2.5,2.6
31173,28.2,2.9,1.6,0.5,0.0,21.4,23.7,37.9,50.2,43.3
31175,5.2,11.2,7.2,0.7,-9.0,32.3,76.0,64.4,57.7,61.9
31177,64.4,60.8,58.3,50.8,42.8,15.7,14.6,14.4,14.1,15.2
31179,56.6,51.6,51.4,48.2,43.2,27.0,32.5,36.7,33.1,34.0
31181,5.7,4.9,5.6,3.4,0.0,6.5,2.1,3.5,10.7,11.4
31183,-9.0,-9.0,-9.0,-9.0,-9.0,0.0,0.0,0.0,0.0,0.0
31185,116.4,105.2,99.8,93.5,86.7,60.7,55.9,56.3,54.0,68.2
32001,135.2,121.7,108.0,101.1,77.7,44.7,37.8,35.2,31.1,25.5
32003,85.3,81.4,77.5,70.9,53.2,49.2,48.3,45.8,41.5,40.1
32005,105.9,104.1,104.4,99.1,82.6,42.5,42.9,33.6,26.6,30.0
32007,78.8,68.7,64.0,58.3,41.8,33.3,25.0,23.4,23.4,23.5
32009,-9.0,-9.0,-9.0,-9.0,-9.0,0.0,0.0,0.0,0.0,0.0
32011,-9.0,-9.0,-9.0,-9.0,-9.0,12.0,9.2,1.6,0.9,3.1
32013,80.5,89.1,78.8,68.9,44.6,10.5,9.5,9.9,10.7,11.6
32015,1.7,1.3,0.3,0.6,-9.0,2.8,1.7,1.2,0.6,0.7
32017,97.7,93.6,85.6,76.4,67.1,52.5,56.1,54.7,21.2,54.9
32019,108.5,101.2,92.4,84.0,63.9,11.6,10.0,6.7,4.0,3.6
32021,145.9,134.8,120.5,102.4,64.7,58.9,46.3,44.5,38.1,40.8
32023,146.6,141.9,137.0,118.3,90.5,46.0,35.6,33.9,43.0,41.3
32027,52.1,45.9,38.9,31.5,24.3,12.1,14.8,10.6,9.6,9.9
32029,-9.0,-9.0,-9.0,-9.0,-9.0,34.3,30.6,36.1,82.9,122.9
32031,98.0,90.3,83.4,73.4,56.9,56.1,52.6,51.1,49.2,46.6
32033,115.4,109.5,101.3,90.5,71.7,29.1,29.9,27.3,20.0,21.9
32510,144.1,139.1,130.1,115.4,91.8,100.0,91.7,79.4,70.6,64.1
33001,87.0,82.2,68.6,57.8,49.6,25.3,24.7,22.6,20.7,18.0
33003,90.0,85.1,75.1,64.8,56.1,53.3,50.5,41.3,42.1,36.1
33005,79.2,74.2,65.1,53.4,45.2,29.4,26.7,27.0,25.7,23.8
33007,93.9,87.2,70.8,57.8,50.5,44.8,41.9,41.8,37.0,29.0
33009,87.1,79.5,67.8,54.9,48.2,61.5,55.7,54.0,50.3,48.3
33011,70.1,64.9,54.6,43.5,38.7,35.7,32.1,31.4,30.4,29.2
33013,90.4,86.1,73.7,59.5,52.1,47.0,46.5,47.7,41.8,40.5
33015,76.0,71.9,63.1,52.9,47.3,29.2,27.6,26.7,25.0,25.1
33017,95.0,91.5,79.9,64.4,55.2,50.0,41.2,37.9,38.0,40.8
33019,66.5,61.8,54.9,44.4,38.4,24.2,22.6,18.1,15.6,15.7
34001,84.7,80.3,74.5,64.5,54.3,58.0,51.8,47.0,40.0,36.3
34003,44.4,44.3,42.5,36.9,32.0,30.1,26.6,24.8,23.4,22.7
34005,73.9,73.4,69.0,59.5,51.1,54.4,52.7,46.9,48.4,42.3
34007,90.8,87.9,84.8,71.9,61.5,64.6,59.5,57.4,55.3,52.6
34009,96.8,95.3,88.2,76.2,64.7,35.8,25.7,21.7,18.2,16.5
34011,98.0,98.3,91.7,78.2,68.7,39.6,35.2,41.1,39.5,32.8
34013,43.0,42.4,39.6,33.5,29.3,34.3,28.2,29.0,28.6,26.6
34015,85.8,82.8,78.6,68.3,58.3,42.0,35.0,32.7,30.0,27.1
34017,38.6,38.3,36.9,32.1,28.0,20.2,17.6,17.5,16.3,14.8
34019,46.3,45.0,42.8,34.9,32.1,23.0,19.8,20.3,19.0,16.9
34021,59.6,59.1,54.1,46.5,42.4,38.3,32.3,33.2,30.9,28.8
34023,45.8,44.4,41.4,37.4,32.6,31.1,26.5,26.7,24.7,23.0
34025,61.8,59.3,55.1,46.7,41.0,41.1,37.3,37.9,34.8,31.6
34027,45.9,45.2,42.3,35.6,30.4,36.3,31.4,31.9,31.2,30.0
34029,72.6,70.6,66.5,56.0,48.0,23.6,19.5,17.6,16.2,17.5
34031,50.8,50.6,45.9,38.7,32.5,32.1,27.3,25.5,23.3,22.4
34033,80.5,78.1,72.0,60.2,50.0,25.0,23.1,20.7,21.6,21.1
34035,38.7,38.8,37.0,31.6,26.9,24.4,21.0,21.0,18.9,19.3
34037,63.7,61.0,59.6,49.6,42.7,23.8,23.2,22.1,20.5,19.6
34039,45.2,44.9,40.8,34.6,29.7,24.8,22.9,21.6,20.5,19.8
34041,77.5,75.4,70.6,58.9,51.1,37.3,28.8,25.9,24.8,22.8
35001,74.7,74.7,68.7,59.4,51.0,58.1,52.5,52.4,48.0,46.0
35003,-9.0,-9.0,-9.0,-9.0,-9.0,24.4,13.5,22.5,13.0,7.0
35005,88.8,84.6,81.2,68.9,62.5,55.3,49.7,53.6,54.0,43.8
35006,28.8,39.2,39.9,37.4,30.6,18.4,13.8,12.7,12.5,11.7
35007,85.8,74.0,69.9,62.3,53.1,74.3,72.4,61.5,57.3,32.5
35009,79.1,67.5,63.6,52.4,47.0,22.1,19.8,18.9,15.5,17.4
35011,26.2,6.9,7.3,6.9,0.1,4.7,5.3,10.3,5.7,7.5
35013,51.3,49.2,46.8,41.4,36.9,36.1,34.3,30.8,28.4,27.6
35015,98.9,94.4,89.5,79.2,70.8,71.5,74.2,64.0,47.7,46.6
35017,103.7,94.6,83.8,64.3,54.2,44.4,38.4,38.8,34.1,35.4
35019,9.9,8.6,7.0,6.9,0.1,50.1,104.2,81.4,57.1,49.2
35021,-9.0,-9.0,-9.0,-9.0,-9.0,22.2,31.2,39.2,36.1,28.9
35023,-9.0,-9.0,-9.0,-9.0,-9.0,16.6,14.0,16.5,15.9,13.8
35025,79.4,70.5,72.2,65.5,65.3,36.7,33.8,32.2,33.8,31.2
35027,97.9,95.5,92.6,81.6,66.5,29.3,27.6,27.6,25.5,24.7
35028,63.0,64.6,70.6,63.2,56.3,39.7,35.9,32.6,30.4,25.9
35029,95.8,92.6,72.8,65.0,59.0,43.3,42.2,39.8,32.5,29.9
35031,22.9,23.1,22.6,20.8,18.9,13.4,12.7,11.6,10.9,11.0
35033,-9.0,-9.0,-9.0,-9.0,-9.0,4.1,2.1,3.6,1.7,7.2
35035,62.4,63.6,55.9,49.9,43.7,30.7,33.2,29.6,29.2,29.4
35037,110.1,103.9,86.8,76.9,67.1,43.9,41.2,42.6,44.8,45.4
35039,93.7,90.2,83.0,75.5,68.0,30.9,31.9,26.8,27.3,26.1
35041,28.1,26.3,27.0,24.5,17.1,27.6,26.2,30.1,32.2,33.4
35043,57.4,57.1,54.6,48.1,42.0,23.2,21.5,19.3,19.7,19.6
35045,66.1,68.2,67.9,53.2,45.5,35.2,33.5,33.7,34.7,34.0
35047,85.0,74.6,68.8,55.8,49.4,35.7,30.8,32.7,29.5,27.3
35049,90.4,89.8,82.0,72.4,62.5,53.2,48.6,42.8,37.6,34.5
35051,115.0,98.2,91.6,75.9,68.5,36.0,22.5,23.7,18.0,10.7
35053,83.9,85.1,59.3,49.4,57.5,43.8,43.3,37.8,33.4,27.7
35055,96.6,90.3,85.8,72.1,61.0,63.6,59.1,52.5,45.9,42.9
35057,27.8,28.4,26.0,19.6,17.3,3.0,6.7,7.3,7.0,6.8
35059,56.4,50.0,44.7,38.8,39.5,48.9,45.3,34.0,37.9,38.1
35061,90.2,86.1,79.6,70.2,61.0,22.7,19.4,20.8,19.0,17.7
36001,51.5,50.3,46.6,42.6,37.7,64.3,55.7,53.3,49.4,46.8
36003,59.2,60.1,58.8,54.1,47.3,30.9,27.0,24.9,26.1,19.1
36005,32.5,32.2,30.7,26.7,23.1,21.0,17.9,16.4,14.8,14.3
36007,71.6,70.7,69.6,63.5,55.7,59.9,53.4,51.0,47.8,45.1
36009,79.6,79.7,73.4,65.5,57.6,39.0,36.5,36.6,36.7,36.9
36011,34.1,50.8,49.3,46.1,41.4,26.2,24.3,23.5,22.4,21.1
36013,81.7,80.9,72.6,62.8,54.4,44.0,41.6,37.4,34.6,32.1
36015,101.8,97.9,84.6,73.0,67.0,68.1,66.8,67.3,66.4,66.9
36017,55.7,56.5,52.6,51.7,43.2,29.3,25.1,24.5,25.5,21.8
36019,44.4,74.2,76.9,74.6,66.5,70.9,67.6,70.0,63.0,54.3
36021,61.3,63.1,61.5,58.6,49.9,38.5,34.9,30.8,29.4,25.8
36023,43.3,60.6,59.4,58.1,50.0,21.3,20.2,18.4,23.3,26.4
36025,72.7,69.9,66.3,53.7,44.9,19.9,17.7,16.4,14.7,15.7
36027,57.7,58.0,55.6,50.2,46.6,35.6,32.2,30.7,28.5,26.6
36029,73.7,73.2,67.0,59.7,53.2,61.7,56.4,54.5,51.2,48.5
36031,29.0,45.4,46.8,45.4,40.8,35.0,32.3,29.3,28.0,26.6
36033,26.7,63.0,67.7,64.3,57.1,35.6,33.9,34.5,35.1,38.1
36035,70.7,73.5,69.1,64.5,57.4,37.0,33.8,32.8,27.7,22.7
36037,59.8,58.9,54.9,49.6,43.6,51.7,43.3,47.8,41.6,40.2
36039,70.4,68.0,64.6,60.1,53.8,20.9,18.1,20.1,18.7,17.8
36041,-9.0,-9.0,-9.0,-9.0,-9.0,25.7,23.6,23.5,22.0,22.2
36043,34.9,48.6,49.9,45.1,38.4,19.3,17.8,16.3,15.8,14.9
36045,27.3,56.0,59.4,55.4,50.9,54.2,45.9,45.3,42.7,36.4
36047,24.4,24.7,23.3,20.6,18.2,17.1,13.7,13.7,12.7,12.1
36049,20.3,36.3,41.0,36.6,30.4,23.9,21.5,20.1,18.1,13.8
36051,48.4,48.9,49.2,47.2,41.0,44.0,41.1,25.8,25.9,22.5
36053,45.5,60.5,59.5,53.3,48.8,45.8,44.6,29.6,29.7,26.4
36055,51.9,52.3,49.1,43.1,37.8,43.2,39.5,36.4,34.8,32.8
36057,78.4,84.6,81.5,75.9,68.2,52.5,50.5,49.8,49.1,49.4
36059,44.6,44.1,40.7,36.6,32.3,43.2,40.2,40.0,36.4,33.8
36061,42.7,42.0,39.3,34.1,29.8,63.3,54.3,57.5,54.4,49.3
36063,80.8,81.2,76.2,66.2,58.1,27.8,26.8,26.4,25.9,23.2
36065,58.7,64.2,61.8,55.9,47.8,42.0,39.1,37.8,34.3,32.5
36067,46.2,57.7,55.8,50.7,46.9,66.2,57.8,57.0,50.9,48.3
36069,56.1,55.2,51.6,45.5,40.3,36.6,35.9,34.5,27.3,26.2
36071,61.4,61.8,58.6,52.3,44.7,34.8,27.9,24.5,23.3,22.1
36073,57.2,56.4,49.9,48.7,42.4,23.5,21.9,21.6,18.3,15.9
36075,44.8,57.9,58.0,54.5,48.7,24.1,22.4,21.7,19.8,18.9
36077,52.3,56.9,56.5,54.2,50.7,53.2,48.0,46.5,43.2,42.5
36079,41.7,41.8,41.0,38.9,34.4,28.7,25.3,26.0,28.3,24.6
36081,25.6,26.0,23.9,21.0,18.6,14.0,11.9,11.7,11.5,10.4
36083,59.3,60.0,57.6,53.2,47.6,30.2,27.6,23.9,22.2,20.2
36085,49.1,48.9,44.8,40.2,35.8,30.7,25.6,25.3,24.3,22.5
36087,35.3,35.1,34.6,31.4,28.1,29.6,26.7,26.3,21.1,15.6
36089,26.9,61.8,69.9,66.4,59.6,44.1,38.5,35.9,31.5,28.2
36091,52.9,53.5,51.1,45.2,39.1,32.7,31.5,30.3,27.0,27.7
36093,56.7,57.0,53.5,49.5,43.4,33.3,28.5,26.5,25.3,24.8
36095,49.2,50.6,47.7,51.5,45.6,35.5,31.7,29.5,27.3,22.4
36097,62.2,60.9,57.9,54.3,51.6,40.1,37.4,38.7,32.5,33.2
36099,27.1,44.1,45.4,44.6,40.1,23.9,23.3,26.9,26.5,25.1
36101,69.1,71.2,67.2,61.6,55.2,36.7,35.6,35.6,34.1,32.9
36103,54.7,53.7,51.3,46.3,41.9,33.1,29.0,28.4,27.1,26.4
36105,79.8,71.0,70.2,66.9,59.0,63.4,69.5,63.2,54.5,40.3
36107,42.2,42.5,43.4,39.8,32.5,20.0,19.0,17.9,18.0,15.3
36109,42.5,53.8,52.6,49.7,43.3,48.3,50.6,43.7,41.4,40.4
36111,66.4,68.5,67.6,59.2,53.2,37.6,34.2,29.0,27.2,25.6
36113,80.0,86.8,82.9,81.3,74.1,74.0,70.2,68.1,61.9,61.8
36115,66.2,68.5,66.2,59.8,53.6,26.6,23.9,21.9,16.8,16.3
36117,54.3,59.2,54.3,47.7,42.4,15.8,13.4,12.3,11.0,10.5
36119,36.9,37.0,35.0,31.3,28.3,27.5,23.9,23.2,20.4,18.2
36121,53.7,54.2,51.5,46.5,43.3,25.8,26.6,23.9,18.6,17.0
36123,39.0,37.8,33.5,30.1,26.2,17.6,16.4,13.6,14.5,15.1
37001,96.0,87.6,82.9,74.0,63.6,34.2,31.4,30.5,29.2,25.9
37003,33.6,29.0,25.4,21.4,17.0,6.0,7.3,12.9,9.7,8.1
37005,103.2,101.2,85.3,77.4,69.3,39.9,42.5,41.8,36.9,32.5
37007,91.3,86.9,77.1,72.6,65.2,8.4,6.8,6.6,6.8,7.8
37009,110.3,106.0,103.3,95.3,77.8,46.4,46.3,48.1,45.7,44.1
37011,95.1,89.4,82.9,72.7,65.8,36.2,31.9,33.7,31.6,30.0
37013,141.3,143.4,141.0,131.2,110.9,51.5,49.1,46.0,44.4,40.8
37015,65.0,64.8,51.6,24.6,0.0,49.8,62.4,54.3,59.4,65.6
37017,114.8,118.3,114.3,105.8,96.9,33.0,34.6,30.9,21.9,19.6
37019,123.7,116.8,110.7,96.4,81.2,38.8,42.6,39.2,36.3,36.8
37021,95.6,88.5,80.8,71.7,58.7,76.6,72.1,77.0,73.5,69.1
37023,159.3,154.9,151.5,124.8,101.2,67.1,63.4,62.5,67.5,72.4
37025,110.3,101.4,95.2,83.3,69.4,60.0,47.5,45.4,42.7,40.9
37027,148.9,140.7,135.6,119.9,106.5,56.4,53.3,42.6,37.0,38.1
37029,-9.0,-9.0,-9.0,-9.0,6.4,0.2,0.0,0.6,0.6,1.0
37031,119.1,114.1,101.2,86.6,75.4,62.8,64.8,53.6,52.4,54.6
37033,15.2,14.1,12.6,7.7,0.0,4.8,3.5,4.0,4.6,5.7
37035,142.6,133.5,129.2,114.9,98.2,108.5,104.6,98.4,92.9,81.3
37037,47.9,43.7,43.4,38.0,32.2,14.3,12.6,14.4,14.7,15.6
37039,125.8,111.3,125.0,118.6,107.5,64.4,74.8,69.8,63.5,50.7
37041,113.1,108.6,111.5,105.8,98.6,55.5,43.1,30.8,28.0,35.7
37043,133.9,139.8,120.2,119.1,109.1,33.2,33.6,41.2,36.1,53.8
37045,148.5,139.0,128.0,117.1,104.0,118.5,111.4,96.3,93.7,85.7
37047,198.0,189.1,177.8,139.0,118.7,77.1,80.3,81.0,77.6,73.4
37049,129.0,128.6,110.8,97.7,84.6,75.4,76.6,80.4,73.0,67.9
37051,96.5,96.6,86.0,76.1,67.9,66.4,64.9,60.6,56.8,53.2
37053,21.3,19.8,19.0,15.1,12.6,12.0,11.9,12.6,10.8,11.5
37055,132.3,118.3,107.6,99.1,87.4,76.2,70.1,65.8,56.0,50.6
37057,84.5,78.1,80.4,70.1,60.0,31.4,25.0,23.8,21.4,19.5
37059,120.9,112.5,95.5,89.3,75.4,28.1,30.7,33.8,33.7,33.2
37061,90.9,80.3,78.1,69.4,54.4,28.7,30.6,26.7,24.3,21.0
37063,57.8,54.4,49.1,41.4,34.4,74.4,68.9,62.9,57.3,49.8
37065,55.5,54.7,78.2,71.1,61.2,27.7,27.1,24.8,22.6,20.5
37067,92.6,83.9,76.0,65.4,55.9,102.2,96.3,93.6,88.1,86.6
37069,67.5,62.9,56.6,47.9,41.4,13.6,13.3,11.5,10.2,8.5
37071,138.1,126.6,119.0,102.1,88.3,68.9,65.4,61.4,56.7,51.8
37073,3.0,3.0,2.3,0.6,-9.0,2.8,3.0,1.8,0.6,0.9
37075,111.2,114.8,101.8,89.1,80.6,8.2,7.9,10.1,13.6,20.0
37077,87.6,85.9,79.7,62.6,52.9,24.1,23.9,24.3,30.0,31.7
37079,34.0,34.6,28.2,28.0,23.8,20.7,23.1,20.2,21.6,19.3
37081,88.9,84.0,74.5,65.3,56.1,61.4,56.3,58.5,55.1,54.4
37083,128.0,123.0,116.0,104.6,92.1,51.0,51.2,49.2,47.9,39.4
37085,93.7,86.5,79.8,72.3,59.1,49.0,49.1,55.1,51.6,43.2
37087,111.6,105.2,102.7,92.7,80.1,61.7,62.3,60.9,52.7,46.7
37089,94.0,89.7,84.2,73.5,61.1,39.6,37.2,39.2,35.9,34.3
37091,139.6,132.9,136.4,122.1,104.2,68.3,64.7,60.2,51.8,50.6
37093,66.5,60.2,61.2,55.9,35.8,17.3,15.8,15.2,15.8,19.0
37095,52.7,68.5,64.1,58.7,49.9,1.9,2.9,2.1,2.0,5.8
37097,116.4,108.8,102.0,91.1,77.8,75.5,74.1,71.2,64.0,58.8
37099,109.9,101.4,91.7,81.0,68.1,41.4,39.4,38.7,37.4,35.7
37101,74.8,73.6,70.2,60.9,49.0,37.1,35.4,29.3,27.8,25.9
37103,5.3,5.4,24.2,36.3,41.7,14.0,8.2,9.2,7.9,9.3
37105,130.6,119.9,129.6,113.9,96.7,58.8,55.3,55.5,60.1,52.7
37107,91.8,82.7,88.2,81.9,67.1,47.9,43.4,40.6,48.3,46.3
37109,130.6,123.5,115.7,99.2,84.0,40.5,34.5,29.7,23.8,22.3
37111,97.6,92.7,87.4,77.6,60.3,35.8,43.8,41.2,40.4,41.4
37113,107.1,93.8,91.1,83.1,73.2,31.2,21.9,17.1,21.3,27.9
37115,63.3,60.9,58.8,51.6,42.8,12.0,11.4,10.8,10.6,9.6
37117,93.5,82.3,102.1,98.8,84.9,34.4,24.2,22.2,18.3,14.8
37119,63.7,59.7,54.4,47.1,39.9,57.5,52.0,50.6,45.0,44.0
37121,167.0,164.1,150.3,128.8,109.2,83.2,76.3,75.9,78.1,74.8
37123,74.9,70.9,65.3,54.9,45.4,30.4,29.9,28.6,25.2,22.4
37125,135.7,134.3,127.3,102.5,82.3,126.7,129.4,133.5,121.8,109.5
37127,114.9,107.8,92.3,83.5,72.4,87.0,79.2,71.0,67.5,72.4
37129,119.1,114.4,102.7,84.8,69.1,90.3,84.5,82.7,76.6,73.0
37131,1.6,1.4,15.6,14.8,15.0,7.4,9.6,10.5,15.2,11.0
37133,86.1,80.4,76.9,65.2,56.5,50.4,46.3,50.7,48.6,45.6
37135,46.8,43.9,42.1,36.9,32.2,99.0,95.1,85.7,78.0,76.2
37137,74.0,79.8,86.9,82.5,76.5,7.6,4.0,3.7,3.5,3.7
37139,141.5,136.6,130.8,118.4,95.4,55.8,56.0,48.7,47.1,45.4
37141,46.1,46.3,50.6,48.9,40.1,21.8,21.0,17.0,16.7,17.1
37143,40.2,37.8,36.1,29.9,25.2,24.0,16.5,20.3,19.6,19.3
37145,112.2,109.8,104.6,91.8,77.6,23.5,19.9,17.9,15.9,13.9
37147,94.0,89.4,82.9,72.1,62.1,121.1,110.7,100.0,94.3,97.8
37149,68.9,72.6,64.7,55.1,47.3,28.7,29.4,32.2,29.6,28.6
37151,79.8,76.1,71.5,63.2,53.7,33.8,31.1,27.1,25.1,22.6
37153,160.3,134.9,151.6,137.0,115.3,96.7,87.9,78.9,82.6,67.8
37155,141.1,140.1,129.7,114.0,103.1,61.8,65.0,57.2,56.3,55.6
37157,148.4,131.8,131.9,121.6,107.8,59.0,51.5,48.3,44.1,40.2
37159,96.4,90.3,80.8,72.6,63.4,56.4,52.2,52.1,48.4,45.8
37161,106.4,103.1,97.3,89.3,77.9,39.4,47.3,50.6,47.7,51.0
37163,95.4,92.8,87.2,77.7,65.4,34.8,33.5,34.8,30.2,25.4
37165,225.1,216.7,191.5,166.4,142.7,104.8,96.2,85.4,80.0,74.2
37167,139.1,128.3,111.1,100.8,86.9,33.3,35.7,30.2,30.3,28.5
37169,91.2,85.4,86.1,82.2,70.5,34.0,32.1,28.5,22.5,24.6
37171,191.5,181.6,164.0,140.6,122.2,61.6,69.6,81.5,97.5,103.1
37173,104.8,97.2,88.5,77.9,69.5,114.8,97.5,120.2,111.1,125.0
37175,115.8,106.2,98.9,86.8,74.6,40.9,41.6,39.8,34.5,31.6
37177,74.3,94.8,88.8,79.3,70.6,12.5,10.4,8.0,5.5,3.9
37179,76.6,73.2,67.9,60.4,51.7,26.0,23.4,19.9,23.1,20.8
37181,146.4,133.9,120.9,101.6,86.8,49.4,46.0,45.0,38.6,30.3
37183,61.3,58.6,54.5,47.4,41.1,39.1,37.4,38.0,35.8,34.8
37185,31.6,33.9,32.3,29.4,24.8,2.7,2.7,3.3,3.1,2.0
37187,103.2,98.7,87.1,86.8,84.8,41.1,30.5,36.3,31.7,28.8
37189,92.1,85.5,76.8,68.7,63.5,55.7,57.1,52.4,51.2,55.6
37191,88.8,80.2,78.6,71.1,59.0,42.0,43.1,41.3,35.1,30.7
37193,100.2,97.4,91.4,79.1,67.8,33.4,37.6,37.1,39.5,40.7
37195,105.7,98.6,90.7,81.8,72.1,34.1,34.4,37.2,43.3,36.9
37197,74.4,64.6,69.3,55.5,46.9,28.6,20.0,19.8,23.9,25.2
37199,111.6,109.4,98.7,84.9,74.0,35.7,28.1,31.6,32.1,30.3
38001,148.5,122.2,119.8,100.1,85.0,111.7,98.9,88.7,93.3,98.6
38003,76.7,66.8,63.6,53.8,51.0,38.6,33.3,32.0,31.0,33.5
38005,6.9,7.5,6.9,6.5,4.0,4.4,2.0,2.1,2.0,2.9
38007,-9.0,-9.0,-9.0,-9.0,-9.0,0.0,0.0,0.0,0.0,0.0
38009,47.6,41.4,35.3,29.4,26.4,12.1,16.7,10.8,12.1,10.8
38011,41.7,54.2,55.2,52.2,40.8,27.7,12.9,12.8,6.1,3.3
38013,-9.0,-9.0,-9.0,-9.0,-9.0,4.5,1.1,4.0,7.5,9.6
38015,79.7,76.1,67.7,57.9,52.3,68.4,61.4,64.7,64.0,56.1
38017,42.7,36.4,30.9,24.8,20.8,40.1,35.8,36.5,32.0,30.5
38019,22.9,52.0,46.2,45.3,42.4,40.4,31.1,40.4,39.7,47.5
38021,79.7,74.4,66.3,63.1,51.6,35.3,30.5,21.8,22.6,24.2
38023,1.9,0.4,0.2,0.1,-9.0,3.9,4.0,1.7,0.5,0.5
38025,26.7,17.5,17.0,16.9,17.2,4.4,1.4,1.7,1.8,1.8
38027,108.1,95.9,81.0,74.5,77.3,0.6,0.2,0.0,0.1,0.2
38029,69.1,58.5,55.4,48.0,45.7,38.2,36.3,36.6,25.6,24.0
38031,107.2,118.3,106.4,87.9,82.1,85.8,74.0,60.6,51.5,51.1
38033,-9.0,-9.0,-9.0,-9.0,-9.0,4.8,6.2,5.1,2.6,2.6
38035,67.6,61.3,58.4,53.8,47.0,59.5,53.5,57.2,56.8,55.3
38037,0.6,0.3,0.5,0.3,-9.0,4.8,5.9,7.7,5.9,4.7
38039,-9.0,0.2,27.2,53.7,47.3,5.2,8.2,4.2,6.4,7.3
38041,24.1,20.9,20.9,23.1,17.9,0.9,1.4,1.5,1.2,3.6
38043,44.7,40.7,33.3,30.0,25.2,18.6,18.9,19.3,20.8,22.0
38045,39.7,34.4,38.5,31.7,33.2,6.2,7.3,8.3,7.2,8.3
38047,-9.0,0.3,0.4,-9.0,-9.0,13.7,0.0,0.0,0.0,0.0
38049,0.7,0.8,17.9,19.7,20.1,6.5,6.2,9.1,15.9,14.3
38051,52.6,42.8,42.3,35.5,29.8,30.0,19.5,16.5,20.4,25.9
38053,58.3,41.9,33.5,34.6,37.6,12.1,12.4,13.0,11.6,9.1
38055,50.9,45.1,41.3,35.0,34.6,24.9,21.8,23.3,22.6,22.2
38057,73.6,71.4,68.1,62.0,53.4,42.7,31.8,28.0,28.8,26.4
38059,50.0,47.4,41.8,38.4,37.4,9.9,10.4,8.0,6.7,7.3
38061,14.8,12.1,10.9,10.7,8.1,2.5,2.4,2.7,3.4,4.3
38063,35.8,34.1,32.7,28.1,30.7,4.9,4.9,6.0,7.0,11.7
38065,-9.0,-9.0,-9.0,-9.0,-9.0,0.1,0.1,0.0,0.0,0.0
38067,69.5,66.0,54.1,51.6,45.3,42.3,38.1,33.1,21.1,20.3
38069,55.4,59.3,58.7,50.2,53.8,48.3,42.6,39.7,39.3,41.1
38071,142.1,130.3,120.4,109.7,100.5,66.4,62.9,53.1,54.9,52.5
38073,83.9,72.8,54.2,47.0,46.2,30.8,22.8,23.9,23.9,19.9
38075,20.7,18.5,27.2,24.5,23.6,0.0,0.0,0.1,0.2,0.8
38077,43.2,35.6,34.7,27.9,25.0,26.9,22.5,18.0,17.0,16.2
38079,6.4,5.3,4.2,3.1,2.9,3.4,3.8,4.0,4.1,4.9
38081,1.6,1.1,0.1,0.1,-9.0,1.7,1.5,1.5,1.0,2.2
38083,-9.0,-9.0,-9.0,-9.0,-9.0,3.0,3.1,2.8,2.7,2.1
38085,-9.0,-9.0,-9.0,-9.0,-9.0,0.0,0.0,0.3,0.5,0.6
38087,-9.0,-9.0,-9.0,-9.0,-9.0,0.0,0.0,0.0,0.0,0.0
38089,81.2,71.6,67.0,61.3,56.2,38.7,38.7,39.8,35.4,35.9
38091,-9.0,-9.0,-9.0,-9.0,-9.0,0.0,0.0,0.0,0.0,0.0
38093,89.7,83.8,74.7,63.5,59.8,29.7,31.1,34.8,32.2,30.2
38095,-9.0,0.3,0.5,1.9,-9.0,11.7,13.7,16.5,19.0,25.2
38097,18.3,40.6,27.1,19.2,15.5,10.2,11.0,10.4,14.3,15.2
38099,61.0,57.8,43.9,39.5,33.7,19.8,14.3,15.4,12.3,13.4
38101,76.5,70.9,60.8,52.2,46.7,45.8,50.9,50.7,38.5,37.0
38103,3.5,2.1,77.9,64.9,57.1,53.1,47.9,49.3,53.7,55.7
38105,76.8,66.2,59.7,55.5,49.3,34.4,29.6,30.0,30.0,29.7
39001,91.8,88.3,83.9,78.6,69.0,39.8,33.1,28.2,26.4,23.7
39003,109.6,99.0,89.8,76.6,66.0,72.6,67.6,69.5,68.2,67.9
39005,51.9,49.1,45.1,37.1,30.2,19.4,18.9,19.5,19.5,19.7
39007,86.9,75.0,67.6,59.8,49.5,35.4,34.1,34.9,34.1,32.6
39009,96.2,91.4,83.2,69.6,58.1,48.6,47.1,46.4,42.9,40.4
39011,55.5,52.5,50.1,43.4,35.8,21.3,20.1,20.7,20.2,16.0
39013,118.2,103.1,88.3,76.6,63.0,43.8,23.4,26.0,22.0,18.6
39015,102.4,96.1,86.6,76.3,67.5,27.9,42.2,39.6,31.7,32.4
39017,93.4,85.1,77.0,65.8,54.9,44.0,40.8,40.2,37.6,36.0
39019,48.6,46.2,41.7,36.0,30.2,16.8,18.6,18.0,16.0,13.0
39021,81.9,74.7,70.3,62.4,55.7,12.9,12.1,13.4,11.2,11.4
39023,115.7,109.2,104.5,88.7,76.3,58.4,50.9,41.8,42.1,37.8
39025,100.2,88.0,82.3,72.8,62.6,22.0,25.8,28.9,31.1,30.1
39027,119.2,109.1,102.8,89.1,75.1,46.3,44.2,43.7,42.0,41.9
39029,99.0,92.4,84.2,69.3,57.2,23.9,19.8,20.1,20.8,20.5
39031,87.0,85.0,80.7,68.8,54.7,27.7,23.9,28.9,27.1,24.6
39033,104.6,96.7,87.5,76.4,67.1,45.2,45.4,42.0,36.2,27.3
39035,70.1,67.0,61.3,50.5,39.1,56.0,52.3,50.4,46.8,45.0
39037,58.5,57.7,52.1,43.9,39.1,18.3,24.9,14.6,13.6,17.8
39039,95.2,88.7,80.2,70.3,60.2,55.7,51.3,54.5,58.5,50.1
39041,62.0,58.3,54.6,48.2,41.6,29.7,28.6,32.2,30.8,31.8
39043,107.8,95.7,84.3,73.6,60.2,44.4,39.1,38.3,37.4,38.0
39045,86.2,80.3,73.5,62.9,54.6,51.8,48.8,47.7,41.8,40.7
39047,119.8,106.7,99.2,85.6,73.0,68.2,64.8,61.8,58.4,47.8
39049,88.5,80.2,72.0,59.6,50.1,65.8,60.6,58.7,54.7,52.2
39051,88.6,84.3,74.7,65.5,56.3,22.5,18.8,17.9,16.0,14.8
39053,126.6,109.4,87.5,69.0,54.2,54.8,54.4,51.2,50.1,48.5
39055,61.2,58.8,54.8,46.9,39.9,22.4,21.1,24.4,23.5,20.4
39057,91.1,83.5,74.4,61.9,51.3,51.0,50.9,54.9,51.1,51.4
39059,116.4,103.7,97.3,84.3,72.4,30.2,29.1,31.0,32.1,30.6
39061,86.4,78.6,72.2,62.3,52.6,75.1,68.4,64.9,58.6,55.6
39063,73.1,67.1,61.5,53.9,46.6,50.0,42.1,43.5,47.0,47.5
39065,82.8,71.8,69.2,59.7,51.2,11.5,19.8,26.2,21.6,9.2
39067,72.8,70.9,65.2,57.9,49.2,8.6,8.2,8.7,10.4,15.8
39069,66.1,61.8,54.5,49.5,41.6,11.8,13.5,15.7,14.6,14.3
39071,127.8,110.4,102.5,91.2,79.6,28.4,32.2,32.4,33.6,31.8
39073,108.4,103.3,94.2,77.9,67.3,22.8,19.9,20.2,20.0,30.4
39075,32.3,29.0,23.6,20.6,17.0,8.8,8.6,8.4,7.8,6.9
39077,114.9,105.2,97.0,82.1,68.9,57.1,38.0,36.6,35.8,35.1
39079,175.3,151.8,133.8,113.1,89.2,30.9,28.4,43.8,42.7,48.3
39081,138.7,121.8,111.9,95.0,80.1,78.7,77.2,71.5,66.0,47.9
39083,63.6,57.5,54.1,45.3,37.0,23.0,19.8,18.1,17.8,18.8
39085,85.0,80.5,74.8,62.4,51.5,43.3,38.3,35.5,31.3,28.8
39087,101.3,92.8,82.6,73.8,62.8,50.4,51.7,39.6,36.7,33.6
39089,76.6,72.2,65.8,56.3,47.9,22.9,21.1,19.7,18.4,20.1
39091,99.9,90.2,83.5,72.3,62.1,29.1,29.6,28.4,27.3,26.6
39093,86.1,79.9,74.0,60.6,50.1,32.6,31.0,30.5,28.5,25.6
39095,112.1,106.1,98.0,85.1,73.6,86.0,78.9,77.4,74.1,67.8
39097,78.1,75.9,73.0,65.5,56.6,23.8,23.5,21.7,20.3,15.9
39099,112.3,105.7,93.5,78.8,67.9,81.6,76.9,72.4,67.3,64.3
39101,115.9,109.2,102.8,91.7,83.0,84.1,73.0,61.5,56.5,56.8
39103,73.1,66.8,61.3,51.2,42.4,22.8,21.2,20.1,18.4,18.7
39105,84.1,72.1,64.1,51.9,41.9,9.3,8.2,7.2,5.9,7.3
39107,58.9,46.4,48.0,42.0,36.7,25.8,21.8,20.8,21.8,21.1
39109,80.5,74.0,68.0,59.8,47.7,26.1,25.0,24.1,19.9,19.8
39111,60.3,55.9,44.8,37.0,29.2,15.5,13.4,11.2,9.4,7.1
39113,111.8,103.5,92.9,76.9,63.2,72.7,69.0,66.7,63.6,59.6
39115,48.1,47.4,42.3,39.1,32.0,7.9,10.8,12.2,12.9,14.5
39117,59.2,56.1,50.7,45.3,40.0,8.5,6.5,7.4,8.3,8.3
39119,115.6,105.2,96.7,84.8,71.1,65.4,57.5,57.3,55.2,52.2
39121,30.0,25.6,23.2,18.9,15.9,7.9,7.4,7.6,8.0,7.5
39123,79.5,75.4,69.9,60.9,51.4,24.6,18.8,17.8,16.9,14.7
39125,48.4,41.8,37.7,30.9,24.1,15.6,14.0,14.3,12.0,11.3
39127,95.3,85.7,81.0,69.5,59.4,33.7,32.8,29.0,26.8,25.6
39129,84.6,78.3,71.3,61.8,51.5,31.4,30.5,32.9,30.9,26.1
39131,132.2,117.9,105.7,93.8,75.1,50.4,51.8,50.1,51.6,44.2
39133,67.9,65.2,61.0,51.5,43.1,26.5,23.5,23.9,20.4,17.9
39135,64.2,61.1,66.9,58.9,48.4,19.6,16.7,16.2,13.1,12.9
39137,43.5,43.4,40.6,33.9,29.1,17.1,15.5,14.3,13.1,11.1
39139,87.9,79.5,70.2,59.9,51.6,34.7,30.5,29.7,28.2,27.2
39141,116.5,106.0,93.4,76.7,65.6,59.6,63.3,63.9,57.2,56.7
39143,85.3,74.5,68.2,61.0,56.4,26.2,24.3,25.4,22.2,21.4
39145,124.5,113.7,105.5,92.0,78.8,72.8,71.7,75.5,73.3,69.3
39147,85.3,79.6,72.7,60.7,51.5,20.0,18.2,19.3,17.7,16.2
39149,84.8,77.0,71.4,60.5,53.1,22.6,21.3,22.1,34.4,33.3
39151,111.5,103.5,92.6,77.7,65.4,58.8,52.6,52.3,51.1,48.2
39153,91.4,86.1,76.6,62.4,51.8,60.0,54.0,52.5,49.5,47.7
39155,105.6,101.8,94.8,81.7,72.3,47.3,39.2,36.0,33.3,30.3
39157,88.9,80.8,75.1,65.2,53.1,57.6,55.0,52.2,47.2,36.1
39159,74.3,73.2,67.3,58.7,51.4,37.4,32.0,31.8,28.9,24.9
39161,81.4,71.8,67.4,56.5,47.6,31.3,28.2,29.0,24.3,23.0
39163,1.6,0.9,4.9,19.5,17.7,4.2,4.3,4.1,4.2,3.9
39165,76.4,70.6,64.1,54.9,47.3,30.8,27.0,26.8,25.6,23.4
39167,147.5,133.7,119.9,102.9,88.6,67.7,61.7,59.4,60.2,66.4
39169,70.0,64.7,57.0,48.1,40.7,27.2,24.6,23.9,19.7,20.6
39171,81.9,58.9,52.6,43.8,37.9,18.0,18.6,15.2,14.6,22.3
39173,55.5,51.8,47.1,43.1,38.0,31.8,29.9,28.9,27.4,25.7
39175,52.9,48.6,46.2,41.8,35.1,10.9,11.0,14.5,17.3,12.2
40001,58.5,70.9,66.9,65.9,58.0,70.2,70.2,70.3,73.9,62.9
40003,6.3,5.5,0.4,0.5,-9.0,5.5,5.8,6.1,17.3,18.5
40005,45.3,43.3,34.4,32.2,26.7,6.0,4.6,8.4,19.5,16.0
40007,-9.0,-9.0,-9.0,-9.0,-9.0,9.1,7.1,4.2,3.2,1.0
40009,123.5,117.4,123.3,94.4,86.4,45.8,42.7,56.1,85.1,92.3
40011,6.5,9.5,1.7,1.2,0.0,23.0,15.1,20.9,19.9,16.3
40013,148.8,154.4,145.8,126.6,109.6,62.9,60.1,61.1,57.2,56.9
40015,86.3,82.2,77.3,61.5,47.6,25.3,21.6,21.7,19.8,14.0
40017,101.1,96.5,87.5,80.4,74.1,22.2,21.0,22.1,22.9,22.8
40019,188.7,174.8,165.0,149.6,141.1,97.5,85.2,79.5,77.4,73.3
40021,116.1,107.9,103.8,98.9,97.2,52.4,47.6,44.9,40.3,36.6
40023,54.9,49.1,35.3,34.0,24.2,27.9,20.4,18.6,17.6,12.5
40025,82.6,77.3,54.2,35.2,33.3,17.0,14.9,14.4,1.5,2.7
40027,93.8,85.7,79.1,74.8,69.0,41.6,33.7,34.9,36.7,36.9
40029,61.4,108.9,95.3,74.9,70.7,52.5,60.8,18.8,16.7,15.9
40031,80.0,83.1,82.5,76.3,70.9,66.8,60.8,58.4,54.6,51.3
40033,8.7,8.0,1.2,0.7,-9.0,0.2,1.2,2.5,3.6,4.1
40035,122.2,108.1,105.7,100.1,83.9,26.0,19.3,19.0,19.6,18.4
40037,136.6,121.0,110.7,99.3,87.1,21.2,16.1,25.1,21.1,14.5
40039,113.6,109.2,104.4,93.4,85.5,34.0,21.7,20.9,18.0,17.0
40041,90.2,88.9,91.2,77.6,69.6,41.8,44.2,40.6,36.6,30.2
40043,6.5,4.3,17.3,12.6,8.3,8.3,7.3,8.8,10.7,8.8
40045,86.6,88.8,81.3,3.4,0.0,33.7,28.7,41.7,44.7,42.7
40047,97.2,96.9,97.4,93.0,87.2,64.4,57.1,62.7,73.4,66.2
40049,77.5,57.9,53.9,50.5,40.6,32.2,32.0,36.4,36.4,37.5
40051,61.9,55.7,54.0,55.6,50.0,28.4,25.8,26.7,26.6,16.7
40053,25.4,22.3,22.4,25.3,21.7,0.8,0.3,11.5,13.2,13.3
40055,59.3,47.4,30.0,36.2,15.8,22.5,16.6,15.5,12.2,19.5
40057,210.3,161.5,186.9,174.6,174.2,162.9,176.9,163.1,137.5,126.5
40059,10.5,12.4,1.0,0.8,-9.0,96.0,233.1,160.8,7.7,5.9
40061,121.6,112.4,97.3,93.0,87.6,44.6,47.4,34.2,38.7,29.0
40063,50.1,38.7,34.7,29.3,20.7,9.6,7.3,26.6,14.4,16.2
40065,128.9,104.3,101.6,92.4,91.3,47.2,41.8,53.1,51.0,43.9
40067,41.8,41.4,32.7,10.1,-9.0,14.2,26.0,26.6,32.4,27.8
40069,8.7,8.0,2.4,2.3,0.0,14.3,16.6,14.2,14.1,12.6
40071,102.6,94.2,90.5,81.8,76.4,39.8,41.9,36.1,34.1,32.6
40073,53.2,23.7,109.3,110.8,108.4,102.2,115.6,114.2,123.7,125.7
40075,49.3,47.1,41.2,32.8,29.9,31.7,20.7,18.3,17.7,18.8
40077,83.6,78.9,74.8,74.1,65.3,60.5,57.9,57.6,62.2,54.1
40079,92.8,98.3,89.4,80.6,71.0,44.4,39.8,36.6,44.4,31.7
40081,23.6,27.4,20.8,17.5,19.2,26.3,23.4,22.9,22.2,20.4
40083,53.8,54.6,50.9,45.5,32.6,14.3,6.9,6.5,5.7,5.0
40085,83.8,72.2,75.4,69.2,69.4,113.2,127.1,114.5,119.6,87.5
40087,151.4,143.7,137.5,126.1,109.9,28.0,25.1,21.4,21.9,20.5
40089,96.9,68.3,77.6,68.4,57.0,26.5,18.1,21.8,17.8,15.1
40091,73.8,71.2,66.9,62.4,54.4,15.5,11.1,8.5,13.3,10.4
40093,6.8,5.9,1.1,1.4,41.3,16.2,16.2,20.9,17.6,21.0
40095,51.7,47.7,58.5,72.6,61.9,15.3,20.4,19.9,13.5,11.7
40097,122.5,104.9,101.5,88.4,75.2,33.4,30.4,22.2,22.1,27.4
40099,175.9,164.1,154.3,130.3,121.7,56.1,51.5,48.0,36.5,23.8
40101,127.7,128.1,122.9,114.1,112.0,80.0,73.1,70.6,58.5,49.6
40103,21.6,18.6,13.4,6.4,0.0,4.4,4.1,17.3,19.3,18.7
40105,76.4,68.9,64.9,53.3,46.3,41.3,40.3,37.4,38.6,33.2
40107,6.0,9.7,1.3,0.8,0.0,3.8,4.7,4.9,3.9,5.3
40109,126.5,117.5,109.1,97.0,84.6,106.2,98.6,94.6,88.9,82.9
40111,110.0,105.1,97.1,89.3,74.1,17.4,15.3,16.1,17.6,12.8
40113,20.2,14.1,12.4,9.9,8.6,13.1,11.3,9.9,12.6,11.7
40115,115.7,101.1,88.9,83.7,73.4,38.4,34.1,48.4,46.9,46.3
40117,105.6,102.1,100.0,87.6,77.7,28.1,27.5,36.5,36.5,34.0
40119,111.5,103.5,102.3,86.9,76.7,42.1,40.1,45.3,44.2,45.6
40121,170.7,164.2,156.5,140.7,126.8,84.8,60.6,61.7,50.7,49.3
40123,128.3,120.5,116.5,105.9,102.3,64.9,57.2,60.1,70.9,67.3
40125,146.6,130.4,128.4,120.7,117.8,53.5,47.6,54.0,48.9,47.5
40127,9.7,8.3,1.6,29.5,38.4,7.0,7.1,6.8,14.6,2.7
40129,4.1,4.2,0.7,0.7,-9.0,6.8,10.3,13.3,16.9,59.9
40131,120.9,125.7,103.9,93.6,82.8,32.3,28.8,27.3,25.1,19.7
40133,73.8,74.0,65.4,60.1,61.4,25.7,27.1,25.3,23.6,20.6
40135,89.0,85.0,63.3,52.5,31.7,16.3,14.8,14.3,14.3,15.2
40137,123.8,132.5,132.0,122.7,127.8,71.1,53.2,57.9,60.4,55.2
40139,27.0,24.6,40.1,33.4,29.1,16.0,13.5,15.8,15.0,12.8
40141,110.5,93.4,96.9,88.3,95.8,68.8,67.6,60.6,29.6,18.7
40143,144.1,135.8,125.8,113.6,98.1,117.0,101.9,95.9,89.5,90.8
40145,77.3,68.5,63.2,57.9,49.4,13.5,13.3,13.2,9.7,10.1
40147,131.3,126.2,113.8,103.4,93.5,46.0,40.5,40.3,37.2,36.0
40149,2.6,3.4,0.5,0.4,-9.0,16.9,13.9,14.6,16.2,20.6
40151,43.5,35.2,26.2,24.4,20.9,16.0,9.7,8.2,10.4,13.4
40153,118.3,111.1,105.6,93.6,89.3,60.6,37.5,34.9,33.7,30.4
41001,147.2,140.8,129.8,109.0,94.6,71.3,66.6,59.0,53.3,45.5
41003,56.9,51.7,46.5,38.1,31.2,63.8,55.2,56.8,52.9,51.3
41005,86.9,83.1,74.4,63.8,56.8,34.7,31.0,30.0,28.0,26.2
41007,149.2,124.1,107.6,90.2,79.4,57.1,51.7,49.7,45.1,36.3
41009,84.3,77.9,68.9,63.2,55.9,24.4,24.8,22.0,21.9,21.1
41011,158.6,146.5,134.1,115.8,99.3,78.8,71.6,64.5,57.8,56.1
41013,119.1,110.0,98.1,83.4,73.7,34.9,36.2,34.9,29.2,25.9
41015,177.6,154.0,148.6,132.7,125.2,78.8,82.6,82.2,72.9,63.5
41017,102.1,95.0,86.3,74.4,67.4,58.2,54.0,51.3,49.0,48.1
41019,118.1,108.7,101.4,89.5,78.5,54.6,53.9,54.2,52.4,52.4
41021,103.6,104.3,101.0,75.4,70.7,27.5,22.0,17.7,19.2,19.5
41023,4.2,3.3,2.8,53.9,60.4,47.0,35.8,47.0,50.2,43.5
41025,124.7,114.5,101.2,85.6,79.9,57.2,45.8,45.5,47.8,48.6
41027,92.0,87.4,93.5,79.0,70.4,71.5,71.3,70.3,73.5,75.2
41029,124.5,114.4,106.5,94.3,85.7,90.2,82.3,81.0,76.7,76.2
41031,65.2,59.0,58.7,52.5,43.7,24.6,23.9,22.5,21.1,17.2
41033,141.9,131.2,119.7,103.9,94.8,50.3,47.0,47.9,44.1,41.9
41035,108.5,94.6,83.0,69.1,56.2,40.8,39.4,38.7,34.9,30.9
41037,129.0,117.9,103.7,89.0,67.1,46.9,43.3,41.7,41.8,33.4
41039,123.4,113.5,101.9,87.2,74.7,66.5,61.4,60.1,57.7,54.4
41041,153.3,135.9,114.8,97.4,82.6,42.1,38.3,34.6,36.5,31.4
41043,127.0,115.2,103.0,89.0,77.6,29.2,30.9,27.8,25.9,22.8
41045,171.4,158.8,148.6,137.4,118.5,92.9,82.8,75.7,64.5,63.0
41047,78.4,73.7,68.9,58.8,49.1,40.8,38.3,39.0,38.7,36.8
41049,20.4,17.9,19.0,32.3,28.9,23.5,16.2,17.1,8.4,12.3
41051,65.3,57.8,51.3,42.8,36.5,51.7,47.7,46.8,44.2,42.5
41053,67.1,60.6,51.9,48.0,42.3,22.5,20.9,18.9,17.3,17.2
41055,-9.0,-9.0,-9.0,-9.0,-9.0,22.3,4.9,0.0,0.0,1.2
41057,124.0,114.1,102.1,91.7,83.8,56.6,59.0,54.4,47.6,47.9
41059,109.9,103.3,96.0,79.1,64.8,34.2,30.6,31.3,23.5,21.2
41061,131.5,126.2,114.2,100.2,85.6,62.0,51.2,49.4,47.3,47.0
41063,111.6,94.8,85.5,77.5,70.9,52.7,50.1,52.8,47.9,50.4
41065,156.5,141.2,135.8,122.0,106.8,55.0,50.9,51.4,46.8,41.4
41067,60.1,55.3,50.5,43.9,38.5,37.5,35.4,34.6,32.8,30.6
41069,-9.0,-9.0,-9.0,-9.0,-9.0,57.5,48.5,42.1,21.9,16.0
41071,92.0,83.5,71.8,62.6,51.7,33.8,31.3,30.2,28.2,27.1
42001,52.6,51.5,45.9,37.6,32.2,26.4,23.0,20.8,22.1,21.8
42003,84.2,79.0,72.1,59.1,50.2,68.9,62.0,59.4,56.5,52.9
42005,83.9,81.0,74.0,74.6,63.6,29.2,26.6,27.0,25.6,24.5
42007,85.8,80.3,72.9,62.3,55.3,32.4,30.5,26.8,24.2,24.8
42009,75.1,69.1,66.6,55.5,42.9,19.8,19.6,19.9,22.8,23.6
42011,65.8,64.0,59.2,49.4,42.7,32.8,29.2,26.6,24.9,24.2
42013,115.7,111.3,105.5,89.6,75.6,76.1,64.0,61.3,59.1,57.3
42015,75.3,71.9,70.0,59.1,49.4,57.6,50.4,45.5,50.5,53.2
42017,75.3,70.8,66.4,57.1,51.9,41.2,37.9,38.6,35.7,33.3
42019,78.0,74.5,69.3,58.3,51.5,33.5,29.0,26.6,24.7,24.2
42021,109.2,103.9,98.7,85.7,74.2,61.4,52.7,50.8,51.5,51.5
42023,124.5,111.5,100.2,84.9,72.4,20.2,17.5,14.0,17.1,19.3
42025,83.3,79.8,74.0,60.6,50.0,29.1,25.4,24.0,19.8,18.6
42027,54.9,50.7,48.4,40.6,34.6,32.3,31.4,30.2,28.2,25.8
42029,57.3,55.0,50.8,44.1,38.8,30.6,28.5,26.7,26.0,25.4
42031,75.0,69.5,68.6,58.1,54.6,33.0,35.0,31.8,32.3,32.3
42033,92.1,84.4,75.7,62.2,53.2,49.9,45.4,44.9,44.6,42.6
42035,79.1,76.0,73.6,66.7,57.4,45.3,44.4,41.5,41.5,37.4
42037,89.6,86.1,80.7,70.2,62.2,52.7,43.9,41.4,39.0,37.6
42039,103.0,95.8,84.4,69.9,58.1,54.2,53.1,56.7,52.8,53.0
42041,79.6,75.3,69.4,56.2,48.1,41.8,37.7,35.8,34.4,33.5
42043,76.8,70.9,64.4,52.3,44.1,57.0,52.6,52.1,50.8,46.9
42045,82.2,77.4,70.6,57.8,47.9,45.5,40.9,39.6,35.7,33.1
42047,98.7,93.3,88.0,70.0,59.7,36.7,31.9,32.8,34.6,33.5
42049,93.2,87.5,79.5,66.6,58.3,60.6,57.0,59.3,56.5,53.8
42051,134.9,134.2,128.8,109.8,98.9,83.0,80.9,95.0,76.3,58.1
42053,42.7,41.0,41.5,39.1,35.6,3.2,2.8,2.4,1.3,1.5
42055,83.7,78.8,73.2,58.7,48.5,36.6,33.3,33.0,25.1,22.7
42057,12.7,12.0,13.8,61.4,55.7,20.7,15.6,13.8,12.2,12.2
42059,82.3,78.2,79.1,68.6,60.6,26.6,16.9,16.0,14.6,16.4
42061,69.5,64.6,59.9,49.6,43.1,20.6,16.1,16.1,17.7,17.5
42063,80.2,77.0,71.1,62.3,47.2,33.8,30.8,27.6,23.0,21.3
42065,86.3,80.9,73.2,63.8,54.1,28.9,27.0,29.4,27.2,25.9
42067,63.1,58.4,55.8,50.0,42.6,30.1,27.3,23.9,16.9,14.6
42069,123.4,117.3,112.1,98.5,83.7,73.1,63.5,57.0,53.0,50.6
42071,65.1,60.6,54.6,45.7,40.3,34.7,32.5,30.8,29.3,26.6
42073,114.2,102.5,92.4,78.5,65.1,53.1,41.0,40.6,40.6,46.0
42075,66.2,63.4,57.9,48.1,41.4,30.7,27.2,26.9,25.5,20.6
42077,53.7,51.2,48.0,39.8,35.0,46.5,39.7,37.8,38.5,36.4
42079,98.8,92.1,85.7,71.1,61.5,51.2,48.3,44.4,40.9,38.8
42081,100.1,93.7,86.3,73.1,64.7,55.1,50.1,47.1,45.2,43.6
42083,100.3,91.0,86.9,78.7,70.2,47.4,46.4,47.0,50.9,47.5
42085,124.2,120.1,109.2,92.3,77.6,72.7,69.5,68.2,64.4,61.4
42087,92.4,84.3,82.3,68.0,55.9,40.3,36.2,31.8,34.6,31.8
42089,87.9,82.8,75.9,65.4,56.7,32.3,30.4,26.4,23.4,23.7
42091,65.9,63.4,59.4,51.2,43.7,51.7,46.8,44.3,41.9,40.0
42093,87.8,81.8,78.0,66.3,59.0,298.7,260.2,246.4,241.7,230.0
42095,77.4,72.5,66.4,54.8,49.3,53.6,49.4,52.0,43.4,41.3
42097,106.4,104.5,95.2,82.3,67.3,37.7,35.1,32.5,29.0,26.2
42099,70.6,64.7,55.9,49.0,43.1,16.5,15.2,13.7,12.6,12.1
42101,80.0,75.8,67.6,54.7,44.2,50.0,42.8,40.6,38.4,36.6
42103,70.7,57.4,48.8,40.6,38.8,24.8,22.8,24.0,22.0,18.9
42105,74.1,66.9,63.0,56.3,48.9,35.7,35.9,34.8,35.2,34.1
42107,88.1,83.8,79.2,68.0,59.8,32.2,26.5,23.8,22.2,20.3
42109,76.4,69.1,65.9,55.9,48.1,37.9,35.7,31.8,27.8,27.7
42111,72.7,72.6,69.8,61.9,48.9,27.8,24.3,23.1,19.8,20.9
42113,51.5,48.0,44.6,38.9,30.4,12.7,12.3,11.4,12.3,16.9
42115,65.7,60.1,51.8,48.6,42.5,22.2,21.2,20.4,18.6,14.8
42117,79.4,80.8,75.4,62.5,52.6,33.7,32.6,28.7,28.0,27.3
42119,64.4,62.4,58.6,52.4,42.8,58.0,61.9,59.0,55.6,50.1
42121,96.0,90.4,80.7,67.1,58.3,50.6,49.1,45.7,41.5,37.9
42123,82.7,80.5,76.4,67.9,61.6,43.2,37.1,34.6,35.2,34.7
42125,83.6,79.8,72.2,59.5,52.7,36.8,40.8,40.8,36.4,37.0
42127,72.1,67.4,64.6,56.3,52.2,21.2,21.0,18.4,16.9,13.9
42129,83.6,79.2,74.1,63.7,55.8,44.1,36.2,30.9,33.9,32.3
42131,90.7,85.2,80.7,67.0,50.2,38.0,39.4,33.8,29.2,26.6
42133,72.3,68.1,62.5,51.6,43.9,39.1,36.9,36.3,34.3,33.4
44001,54.7,51.2,44.5,39.5,33.2,19.4,17.9,16.2,16.7,14.7
44003,87.8,78.5,71.7,62.9,54.4,52.4,45.1,46.0,41.6,43.2
44005,68.8,63.7,59.7,50.5,43.4,28.4,25.8,23.9,20.1,20.4
44007,70.6,63.7,58.1,48.5,40.0,41.7,36.5,33.4,31.5,30.4
44009,73.5,66.5,63.2,56.1,46.9,34.2,29.1,30.6,31.4,27.3
45001,63.8,62.7,58.0,52.4,47.1,32.4,30.1,29.2,28.5,25.5
45003,97.9,92.7,87.7,77.7,67.0,42.4,41.0,36.9,34.4,31.2
45005,63.8,56.4,55.0,47.2,41.2,43.5,46.7,64.0,88.5,53.0
45007,102.7,97.4,93.6,85.0,76.8,76.3,67.5,64.4,62.7,57.9
45009,101.4,106.3,101.1,92.6,77.9,43.2,48.9,40.2,35.2,17.1
45011,105.6,100.4,98.4,89.7,74.1,47.8,47.5,48.8,48.5,47.3
45013,70.7,68.3,65.0,59.7,54.0,47.4,47.6,44.8,42.9,42.2
45015,64.7,61.8,59.4,54.9,46.7,18.1,18.6,20.1,20.8,19.4
45017,1.5,3.9,11.3,8.7,7.9,5.9,6.5,6.0,7.7,7.8
45019,91.0,84.8,76.0,66.2,56.3,112.6,106.2,101.6,94.6,88.6
45021,126.8,115.6,115.8,106.1,93.0,59.0,52.2,49.2,44.8,41.6
45023,106.8,100.8,97.3,82.2,71.5,40.7,38.3,30.5,32.1,32.8
45025,100.1,89.9,86.9,80.2,68.9,25.5,28.2,25.7,21.8,20.6
45027,92.4,84.9,80.8,73.9,68.7,43.0,62.8,56.8,51.5,51.0
45029,134.5,134.3,125.8,115.2,104.3,51.5,45.2,42.5,38.2,38.7
45031,168.8,157.0,152.4,141.1,127.4,100.3,90.9,83.4,82.8,80.0
45033,151.1,137.9,127.2,114.5,97.0,60.6,55.2,48.2,43.7,45.9
45035,105.7,102.9,101.0,89.6,77.5,22.3,23.3,22.7,20.8,19.9
45037,47.7,59.0,63.1,54.4,46.2,16.7,17.2,17.3,19.9,15.1
45039,74.3,67.1,53.7,46.3,41.8,25.3,25.3,24.3,20.2,16.1
45041,147.5,140.9,136.2,122.4,107.4,135.5,126.0,113.8,107.0,98.0
45043,105.3,97.3,88.2,78.2,66.4,53.2,49.8,49.5,40.2,31.0
45045,104.0,96.6,91.6,80.2,69.3,72.8,68.5,65.3,61.2,59.7
45047,137.4,127.7,115.3,101.4,89.7,87.9,87.7,79.4,70.6,72.0
45049,106.9,108.7,104.9,91.6,80.6,27.0,24.9,24.9,21.2,15.2
45051,129.8,121.9,110.7,97.3,83.3,63.2,56.2,57.1,54.2,51.0
45053,69.5,62.1,68.3,59.9,50.7,19.8,18.3,15.9,14.5,17.3
45055,82.2,79.1,90.5,80.3,67.5,30.8,30.6,32.0,36.2,37.5
45057,104.3,91.3,82.6,72.7,63.7,32.7,31.7,28.6,25.5,24.2
45059,96.5,90.8,86.2,79.0,69.2,37.9,34.6,31.8,29.7,27.4
45061,36.8,37.4,43.1,38.4,37.5,12.7,13.4,9.9,9.2,6.9
45063,105.5,97.7,91.8,82.2,72.4,58.1,59.6,62.1,53.3,45.7
45065,2.4,2.4,2.3,2.3,0.0,10.8,11.6,12.5,10.5,11.4
45067,134.6,127.0,115.6,110.5,86.9,44.2,43.1,37.8,32.8,31.7
45069,113.9,112.9,106.5,99.5,91.8,26.6,18.1,14.7,15.1,13.0
45071,99.7,89.4,85.5,77.5,64.3,39.1,37.9,40.3,32.9,35.0
45073,141.1,126.1,115.9,110.4,94.0,61.4,57.3,52.2,46.2,47.0
45075,98.9,93.7,91.3,81.8,69.7,48.2,44.5,40.2,35.2,34.4
45077,114.8,109.4,107.2,95.6,84.4,71.3,73.4,67.2,62.1,54.1
45079,74.7,70.8,64.9,58.4,50.8,62.9,62.0,57.7,54.2,56.3
45081,56.2,56.4,53.8,42.5,35.2,12.3,12.8,8.7,7.4,5.2
45083,125.4,116.0,107.4,94.5,82.4,86.0,74.6,72.1,67.3,60.2
45085,81.4,82.1,76.5,70.6,61.1,41.7,46.3,49.1,48.3,47.6
45087,140.6,124.9,119.8,106.7,86.9,17.1,17.6,11.2,5.8,4.8
45089,98.4,88.0,75.5,72.2,63.2,18.5,18.2,20.1,20.9,21.1
45091,85.7,79.5,72.3,62.7,52.0,29.1,29.8,29.4,26.7,22.6
46003,-9.0,-9.0,-9.0,-9.0,-9.0,19.5,21.0,26.5,21.2,23.1
46005,79.5,72.1,65.7,58.2,54.1,43.3,35.4,33.7,26.8,28.2
46007,0.6,0.8,0.1,0.2,-9.0,3.5,4.1,3.4,5.2,5.3
46009,0.2,0.1,0.1,0.5,0.0,10.1,12.4,8.3,4.4,3.8
46011,53.5,51.5,42.7,42.2,34.5,27.6,20.5,19.5,20.3,20.1
46013,68.3,63.6,63.8,57.2,49.7,52.3,56.9,54.8,63.2,57.8
46015,94.4,1.9,83.8,77.5,67.2,55.4,52.3,49.3,57.6,55.3
46017,-9.0,-9.0,-9.0,-9.0,109.2,5.6,4.0,4.3,7.4,1.1
46019,29.6,25.7,26.5,25.7,-9.0,4.6,6.1,5.4,7.2,6.9
46021,-9.0,-9.0,-9.0,-9.0,-9.0,2.5,5.7,2.9,4.2,2.8
46023,30.8,33.1,34.6,38.5,37.0,29.0,21.9,23.9,20.0,18.4
46025,0.6,0.2,32.2,27.4,19.9,22.3,15.0,13.1,11.2,10.5
46027,48.8,44.5,47.4,45.0,40.1,27.8,24.4,24.4,17.9,15.3
46029,83.5,78.9,67.0,61.5,56.2,40.4,37.1,36.8,29.8,23.9
46031,-9.0,-9.0,-9.0,-9.0,-9.0,6.2,4.8,4.6,5.3,7.7
46033,49.1,45.4,40.7,33.6,33.3,21.6,32.4,30.1,23.0,22.7
46035,116.9,104.4,89.3,74.9,66.6,49.8,45.5,46.8,45.0,40.5
46037,1.4,0.7,0.7,0.5,-9.0,4.3,4.0,8.2,22.4,21.1
46039,37.8,35.3,34.8,0.7,-9.0,3.3,3.2,3.8,6.2,1.6
46041,-9.0,-9.0,0.1,-9.0,-9.0,3.5,2.8,3.5,3.2,3.1
46043,51.5,49.2,43.2,37.7,27.3,30.1,23.6,23.0,18.2,15.3
46045,66.9,70.4,55.0,56.9,49.5,40.5,31.8,20.5,23.4,25.2
46047,92.7,88.1,87.7,81.7,75.5,49.4,37.2,31.2,25.7,26.2
46049,1.9,0.3,0.1,-9.0,-9.0,13.6,23.9,11.4,2.5,1.6
46051,63.8,62.7,57.6,56.7,52.2,28.8,26.0,25.8,26.1,23.8
46053,108.0,127.1,98.5,79.6,65.1,62.4,63.2,55.5,49.5,43.6
46055,104.5,112.7,119.8,99.1,105.0,109.1,118.8,101.8,95.2,90.3
46057,-9.0,-9.0,-9.0,-9.0,-9.0,2.9,1.6,2.2,1.9,1.3
46059,2.8,1.6,0.3,0.7,-9.0,0.6,0.3,1.8,1.1,8.5
46061,-9.0,-9.0,-9.0,-9.0,-9.0,0.6,0.3,0.0,0.0,0.0
46063,-9.0,-9.0,-9.0,-9.0,-9.0,1.4,2.0,2.6,2.4,3.2
46065,120.3,109.4,98.0,84.7,67.1,42.2,38.8,37.6,35.7,34.5
46067,87.6,82.8,78.0,75.6,68.1,53.4,53.9,44.0,45.2,49.7
46069,-9.0,-9.0,-9.0,-9.0,-9.0,34.6,39.1,27.4,36.9,31.7
46071,-9.0,-9.0,-9.0,-9.0,-9.0,8.0,10.5,5.6,6.5,5.5
46073,1.3,0.2,101.0,102.8,93.2,120.4,130.2,111.4,80.1,68.5
46075,-9.0,-9.0,-9.0,-9.0,-9.0,35.9,31.6,24.3,8.8,3.0
46077,32.7,19.1,52.2,46.0,40.0,27.8,22.9,22.1,15.8,15.0
46079,35.8,29.0,33.5,35.3,31.2,18.7,21.9,24.4,24.9,21.3
46081,93.8,86.6,79.4,69.4,60.6,31.3,32.2,32.0,29.9,27.3
46083,32.2,32.2,35.0,35.4,30.9,30.3,29.2,28.9,27.8,30.5
46085,21.6,18.0,11.0,10.2,10.0,6.4,4.1,5.8,6.1,4.3
46087,41.0,39.2,31.7,30.5,25.9,19.1,17.8,12.1,7.0,5.8
46089,45.3,45.1,6.7,0.2,0.1,2.6,4.4,3.1,1.2,2.3
46091,48.8,46.3,44.6,36.3,29.4,16.2,15.7,14.0,12.4,9.1
46093,14.3,15.0,13.9,12.8,10.9,9.3,6.6,7.2,12.3,10.5
46095,146.3,140.0,85.9,68.7,52.1,3.3,2.5,2.6,3.8,3.2
46097,33.6,35.8,30.5,27.7,24.9,5.9,3.8,3.3,16.4,16.0
46099,76.4,77.6,65.6,58.6,50.1,61.2,53.7,55.5,52.3,49.5
46101,29.1,0.9,37.2,32.6,26.5,12.4,15.0,12.7,12.6,12.2
46102,-9.0,-9.0,-9.0,-9.0,-9.0,4.1,3.1,0.0,0.0,0.2
46103,80.8,79.6,76.2,64.8,53.6,55.6,52.7,51.5,49.1,47.6
46105,41.8,46.4,47.2,49.7,46.7,8.7,52.9,104.4,102.8,99.4
46107,2.8,0.6,0.4,1.5,-9.0,7.3,4.0,2.4,3.2,3.2
46109,42.5,42.8,45.9,41.3,36.4,26.0,31.9,28.8,36.1,35.0
46111,-9.0,-9.0,-9.0,-9.0,-9.0,2.8,1.4,2.8,2.7,5.3
46115,2.6,3.1,2.4,1.0,0.1,9.2,7.8,11.4,24.2,22.1
46117,2.0,2.1,2.9,2.7,0.0,5.1,2.8,5.0,4.3,6.3
46119,-9.0,-9.0,-9.0,-9.0,-9.0,1.8,0.6,3.2,4.6,4.5
46121,14.6,-9.0,-9.0,-9.0,-9.0,10.1,8.2,11.2,7.1,4.7
46123,132.6,137.2,102.5,77.8,62.9,54.1,40.5,27.8,27.6,29.9
46125,30.0,18.3,32.5,29.4,31.0,12.6,11.3,11.3,13.4,14.0
46127,74.5,77.8,70.1,61.2,76.1,280.1,225.5,189.4,173.4,163.5
46129,84.1,109.5,101.7,90.0,75.3,30.7,32.1,33.2,29.8,26.2
46135,115.5,104.9,95.2,83.7,78.3,60.0,48.9,43.7,39.5,37.7
46137,-9.0,-9.0,-9.0,-9.0,-9.0,0.0,0.0,0.0,0.0,0.0
47001,180.3,167.9,147.4,126.6,109.5,71.3,52.1,49.4,45.1,45.7
47003,124.2,111.1,101.5,94.2,80.8,38.8,31.1,29.2,26.6,23.0
47005,151.8,143.5,136.7,119.3,94.4,49.7,37.1,31.7,30.9,51.0
47007,86.2,87.8,83.6,72.9,68.4,58.1,58.5,50.9,51.3,47.2
47009,110.1,102.0,91.0,80.4,69.1,44.0,40.9,40.9,39.1,42.2
47011,148.9,141.3,129.9,115.3,102.0,97.3,94.7,90.3,91.4,99.6
47013,244.1,228.1,195.6,177.7,145.7,44.2,36.0,35.2,31.0,28.2
47015,121.1,108.2,101.9,96.4,63.1,23.3,21.9,21.0,15.7,14.2
47017,164.2,148.7,139.8,118.6,102.2,129.2,110.8,116.1,113.8,110.6
47019,119.2,113.2,109.5,98.9,88.7,34.3,32.9,32.2,31.7,26.5
47021,101.0,91.2,107.0,94.1,82.9,36.2,38.3,37.2,33.4,28.2
47023,111.3,105.0,100.6,93.7,81.0,54.2,43.6,39.1,32.1,26.0
47025,232.2,219.4,189.4,167.5,148.2,102.9,101.8,99.4,89.2,91.6
47027,185.9,189.0,189.9,192.2,157.6,36.9,32.7,31.4,27.1,25.3
47029,213.9,201.5,188.3,168.2,145.1,67.6,68.8,70.1,68.9,64.4
47031,192.9,175.5,169.5,157.1,138.3,150.6,137.3,135.9,97.8,103.1
47033,98.5,104.4,91.3,68.4,55.2,19.4,17.2,17.6,16.7,20.9
47035,153.6,145.4,129.3,116.8,102.2,59.6,40.7,37.1,35.5,36.0
47037,95.8,92.2,85.2,73.9,60.6,92.3,82.4,83.2,78.9,74.0
47039,185.7,166.8,164.1,136.2,122.2,57.0,69.9,55.0,57.1,49.4
47041,208.7,180.3,161.2,137.9,116.2,55.6,49.0,42.1,33.1,29.9
47043,160.2,147.0,138.8,119.2,97.7,83.8,61.4,52.7,55.3,56.2
47045,184.4,183.2,176.6,163.2,160.0,84.3,80.2,66.1,56.8,49.0
47047,79.5,76.0,72.0,65.5,57.7,34.3,31.7,28.1,22.9,17.7
47049,175.3,182.6,178.7,159.2,123.4,41.3,37.9,46.4,60.1,53.9
47051,131.4,127.1,119.8,104.7,92.3,64.1,51.6,52.9,57.2,56.1
47053,140.0,141.6,139.4,130.3,119.1,69.1,58.8,55.9,55.5,50.3
47055,158.6,146.9,130.2,114.0,99.8,39.7,42.6,47.4,46.6,43.4
47057,122.0,108.1,94.5,83.7,71.4,12.6,12.4,12.7,18.8,21.8
47059,144.0,134.8,124.3,111.3,96.3,59.6,59.5,58.1,54.0,51.8
47061,200.3,189.4,171.9,146.1,155.4,22.9,22.3,15.8,22.3,26.1
47063,199.9,180.4,163.2,144.3,122.9,118.6,126.1,112.7,103.1,103.3
47065,136.1,130.8,123.0,109.9,94.5,109.0,102.9,102.8,97.3,91.7
47067,173.0,148.5,124.7,107.1,104.9,79.2,73.4,50.9,44.5,17.9
47069,113.6,113.2,113.6,101.9,89.3,41.4,31.6,45.8,30.4,29.1
47071,169.5,161.1,153.5,145.2,130.3,108.9,117.7,115.3,115.3,107.4
47073,102.4,94.4,89.0,78.3,70.6,33.1,31.6,29.1,28.3,27.2
47075,86.1,85.7,86.6,78.8,63.0,25.1,24.5,22.4,21.9,22.1
47077,151.4,147.3,136.8,121.2,102.0,52.0,42.8,37.5,29.5,24.4
47079,203.8,196.1,188.7,167.0,141.7,73.2,70.6,76.1,69.3,66.4
47081,73.3,71.5,71.3,65.1,54.1,19.9,14.4,13.6,17.7,16.0
47083,152.9,149.9,148.7,138.7,110.4,37.5,57.7,65.6,64.0,61.2
47085,162.4,139.9,129.7,116.7,96.0,27.1,25.1,25.5,28.3,29.1
47087,25.1,66.4,63.3,47.6,36.7,9.8,7.8,6.5,5.7,3.4
47089,136.7,124.9,113.3,103.3,90.0,63.4,60.4,58.0,51.2,48.7
47091,137.4,120.6,106.6,90.0,76.9,38.0,34.8,36.2,35.4,35.7
47093,117.9,108.2,97.6,85.4,73.1,113.2,104.8,99.9,89.9,81.8
47095,96.9,83.8,79.4,64.4,64.5,10.4,11.3,13.2,16.9,10.5
47097,111.5,110.9,102.6,96.2,98.4,63.5,63.6,57.4,46.2,46.7
47099,162.6,151.8,143.2,129.1,111.2,57.1,37.2,27.4,22.5,23.3
47101,163.9,157.9,154.3,133.4,116.7,34.8,33.0,22.6,16.3,21.7
47103,122.3,111.5,105.6,96.2,84.9,29.0,27.8,28.2,25.6,25.5
47105,119.2,110.5,101.9,91.7,75.4,23.8,20.2,20.9,18.3,17.7
47107,185.0,178.1,157.3,133.9,113.6,70.2,59.0,58.5,62.1,56.2
47109,190.1,185.7,173.7,149.4,124.6,77.7,67.4,65.8,58.2,57.2
47111,139.6,130.7,130.0,114.8,87.6,19.4,15.4,14.8,11.6,9.0
47113,139.2,131.5,126.7,114.7,99.5,149.6,144.8,139.7,131.4,130.4
47115,113.5,109.4,102.7,86.3,70.5,27.5,29.3,23.2,18.2,32.2
47117,129.5,134.9,145.2,124.0,99.6,57.4,55.2,42.3,25.2,26.1
47119,155.9,146.1,134.9,114.8,97.5,110.3,89.5,82.3,68.7,57.7
47121,8.1,8.7,52.3,40.5,35.0,25.5,19.4,18.0,18.8,24.0
47123,172.8,163.8,147.3,137.1,122.5,59.2,55.9,55.3,54.5,52.4
47125,95.8,88.7,87.0,77.6,68.5,46.1,41.2,37.8,33.1,35.4
47127,31.6,26.9,22.3,18.6,6.2,8.0,15.9,13.9,12.7,12.0
47129,110.6,100.9,77.6,68.2,59.3,35.7,34.4,30.1,24.7,25.2
47131,118.7,101.0,99.5,95.5,94.1,91.3,89.2,80.8,77.8,78.5
47133,122.4,109.1,111.5,101.7,90.6,70.7,67.8,61.4,47.7,43.3
47135,112.7,97.0,99.1,101.1,85.9,100.6,96.3,89.9,72.5,62.7
47137,149.1,118.0,85.8,89.9,89.1,25.9,19.2,27.3,24.9,40.7
47139,37.0,44.5,53.8,118.2,102.4,29.3,25.5,26.5,28.2,31.3
47141,156.1,152.1,139.6,126.1,108.6,95.4,94.2,100.6,84.5,78.6
47143,174.6,168.5,157.5,138.5,122.7,41.8,31.2,34.2,44.0,47.0
47145,167.3,160.4,147.0,128.1,106.5,57.2,56.5,45.6,41.8,40.4
47147,146.3,138.8,126.8,116.5,103.8,42.6,44.1,35.8,30.6,26.9
47149,106.1,101.5,94.8,82.4,70.8,54.5,50.3,48.5,46.5,44.6
47151,121.7,136.8,169.4,155.2,123.8,88.5,78.2,69.8,64.1,61.5
47153,186.2,191.3,175.2,163.0,125.1,31.5,30.0,25.8,16.1,13.5
47155,144.3,125.9,114.9,99.5,85.8,61.8,43.3,43.5,38.8,38.7
47157,79.2,76.5,73.6,64.9,54.7,65.5,60.8,59.7,57.4,53.0
47159,172.8,154.6,133.0,107.8,95.4,94.2,52.5,51.8,48.2,41.8
47161,66.5,57.3,62.7,57.6,49.3,15.6,17.9,17.9,12.7,9.0
47163,189.7,178.2,165.0,145.7,125.1,143.6,127.0,124.6,118.9,118.7
47165,99.8,96.0,90.9,82.9,70.2,58.6,54.7,49.5,47.5,45.4
47167,102.0,105.5,112.2,101.9,86.7,45.2,43.6,40.0,33.8,29.5
47169,236.8,212.2,171.7,118.8,111.3,31.1,24.4,23.5,22.0,15.2
47171,153.3,146.4,145.1,134.1,120.0,62.5,61.5,60.5,57.9,66.3
47173,132.7,110.0,94.3,76.0,61.2,14.7,13.7,12.3,11.6,11.7
47175,9.8,9.0,8.7,10.6,0.1,7.0,1.9,2.2,3.0,2.2
47177,170.0,166.3,158.0,132.6,117.9,56.8,46.9,44.6,43.0,34.5
47179,121.0,116.0,108.5,96.0,84.1,136.9,137.6,142.3,130.3,123.5
47181,165.4,162.0,152.5,131.6,117.1,72.5,63.2,61.1,67.5,73.9
47183,130.0,130.6,128.3,116.4,105.9,89.3,87.0,75.7,74.2,62.2
47185,156.9,147.1,130.7,115.8,101.4,28.4,26.0,23.2,20.4,16.5
47187,62.2,60.6,57.6,50.8,44.4,58.1,51.6,48.5,45.8,43.7
47189,106.0,99.0,91.4,78.9,69.3,59.1,44.9,44.4,43.6,42.4
48001,99.8,88.4,68.5,60.4,54.3,39.4,36.4,33.7,30.5,27.1
48003,55.2,47.9,58.2,56.5,48.7,19.5,11.8,11.6,12.7,12.6
48005,122.2,105.4,93.2,87.8,80.7,64.0,58.7,55.9,53.5,55.3
48007,112.6,101.4,95.7,81.9,74.8,21.4,17.1,19.1,18.3,15.8
48009,-9.0,-9.0,-9.0,-9.0,-9.0,0.6,0.6,0.6,0.8,1.1
48011,1.8,-9.0,-9.0,-9.0,-9.0,8.5,20.5,41.2,58.9,73.7
48013,90.7,88.5,88.8,82.5,76.4,22.6,21.1,17.6,18.1,15.2
48015,53.1,55.3,52.5,52.0,45.1,26.2,20.2,10.1,9.4,8.8
48017,78.8,65.3,62.7,67.4,65.5,26.3,22.6,25.9,12.1,12.4
48019,44.8,38.5,33.3,37.9,34.7,10.1,10.9,9.7,8.9,8.4
48021,88.3,84.1,78.1,71.5,63.1,15.5,12.5,9.9,9.7,10.4
48023,72.6,58.6,49.0,61.4,60.1,36.9,34.3,33.3,32.4,26.4
48025,77.8,73.3,69.9,64.7,58.1,19.4,14.7,15.3,11.9,11.6
48027,68.3,58.6,53.4,48.5,42.6,58.9,53.7,52.5,48.7,43.5
48029,64.5,57.8,54.6,50.0,44.1,48.8,44.6,42.2,39.9,37.7
48031,17.1,17.1,18.3,16.7,13.7,7.5,7.5,11.8,12.5,7.8
48033,-9.0,-9.0,-9.0,-9.0,-9.0,1.3,0.0,0.0,0.0,0.0
48035,36.1,38.5,39.2,35.5,34.3,11.5,14.3,16.8,15.5,12.5
48037,138.5,123.2,124.6,114.0,101.2,115.3,104.8,101.6,96.9,92.8
48039,71.1,63.8,62.3,57.8,52.9,28.9,28.6,25.6,24.1,23.2
48041,77.4,66.9,53.9,46.7,42.2,44.6,39.7,36.0,33.0,30.7
48043,82.5,69.2,70.1,64.4,64.1,23.3,19.5,15.5,12.8,8.4
48045,-9.0,-9.0,-9.0,-9.0,-9.0,0.3,0.2,27.5,26.6,25.4
48047,55.8,28.0,40.7,58.0,52.8,16.3,18.1,20.5,21.1,19.5
48049,139.7,130.0,120.4,117.7,110.3,66.0,59.3,56.0,47.3,42.4
48051,35.7,30.9,55.4,52.2,45.4,18.9,17.7,16.0,11.0,10.0
48053,114.7,103.3,96.3,87.2,71.0,19.1,13.9,17.2,23.8,20.3
48055,60.6,55.4,52.5,46.3,38.2,8.4,6.2,6.1,5.5,5.1
48057,115.8,99.7,101.1,95.3,88.8,34.0,31.2,27.9,26.4,20.8
48059,2.2,2.5,10.9,20.6,19.7,10.3,6.9,6.4,3.2,4.5
48061,33.1,29.4,28.5,25.6,22.6,23.4,22.5,20.7,19.4,18.2
48063,96.6,70.4,69.6,57.6,52.9,38.8,40.5,31.7,18.7,18.7
48065,2.3,2.5,3.7,3.5,0.1,1.4,2.8,4.1,4.1,2.0
48067,69.8,65.9,81.8,77.6,69.4,49.3,46.7,45.7,46.1,43.7
48069,2.4,1.6,1.1,1.0,-9.0,18.5,9.7,2.8,1.4,0.9
48071,5.5,14.5,34.2,32.0,29.8,10.5,7.9,8.7,9.6,10.2
48073,66.6,51.0,72.0,61.6,58.5,31.1,29.8,23.8,22.6,17.3
48075,185.8,175.1,177.3,149.3,129.0,70.8,68.6,49.5,46.2,60.2
48077,-9.0,-9.0,-9.0,-9.0,-9.0,20.5,13.0,14.2,14.6,13.1
48079,-9.0,-9.0,-9.0,-9.0,-9.0,33.9,20.0,13.6,13.5,14.3
48081,-9.0,-9.0,-9.0,-9.0,-9.0,0.0,0.0,0.0,0.0,0.0
48083,5.4,4.3,68.3,69.1,62.7,20.8,15.1,14.6,15.8,10.4
48085,61.9,57.9,56.2,50.5,45.4,31.2,29.7,27.8,26.4,26.1
48087,-9.0,-9.0,-9.0,-9.0,-9.0,8.7,15.4,15.0,14.5,11.7
48089,77.3,66.2,60.5,48.0,39.5,23.8,23.2,21.1,19.7,17.3
48091,83.4,77.1,74.4,68.5,62.0,37.3,33.0,28.0,20.8,20.8
48093,92.5,73.3,78.8,71.8,67.9,51.4,53.1,44.2,41.2,39.4
48095,-9.0,-9.0,-9.0,-9.0,-9.0,10.3,1.0,2.5,10.1,12.9
48097,105.9,93.0,91.9,83.5,76.3,33.9,31.3,28.3,24.5,22.7
48099,75.3,69.6,63.9,59.1,54.1,16.8,13.2,11.3,11.2,10.3
48101,-9.0,-9.0,-9.0,-9.0,-9.0,0.0,0.0,0.0,0.0,0.0
48103,81.1,57.7,63.2,72.1,66.9,20.4,14.9,17.3,16.1,15.2
48105,49.7,52.8,47.2,45.8,41.8,28.9,30.2,28.5,23.3,28.9
48107,2.5,1.7,2.0,1.8,0.0,19.5,19.0,16.0,12.4,14.8
48109,-9.0,-9.0,-9.0,-9.0,-9.0,86.7,70.7,44.2,46.5,41.7
48111,84.7,75.4,73.7,62.2,56.4,26.9,19.8,16.8,13.7,14.6
48113,59.8,52.5,50.6,45.1,40.3,51.0,46.5,45.5,42.3,39.8
48115,65.9,60.9,58.2,58.8,53.2,12.1,9.5,16.6,15.8,16.0
48117,51.8,47.2,40.3,34.3,31.0,6.4,4.8,5.2,6.2,6.0
48119,3.8,3.4,22.9,-9.0,-9.0,22.4,4.3,6.6,14.9,13.2
48121,66.9,61.1,59.2,53.2,47.9,33.8,31.0,29.6,27.9,25.2
48123,52.3,48.6,51.2,45.3,42.9,36.7,35.4,32.4,34.0,33.3
48125,6.7,5.8,7.4,6.8,-9.0,0.1,0.0,0.0,0.0,0.0
48127,102.9,96.4,94.8,102.5,74.3,13.1,7.0,4.9,3.9,4.3
48129,3.0,4.2,3.8,2.0,0.1,0.6,0.4,0.1,0.0,0.0
48131,14.9,15.0,10.5,9.3,4.2,2.7,3.5,3.4,3.8,3.8
48133,70.7,66.1,71.8,78.2,70.3,14.6,15.2,17.9,29.1,28.8
48135,92.4,77.5,70.7,66.6,61.6,53.0,41.8,42.5,41.2,41.0
48137,-9.0,-9.0,-9.0,-9.0,-9.0,3.3,0.9,0.0,0.4,0.5
48139,81.0,75.1,74.0,66.4,58.4,32.2,30.5,19.7,17.1,21.1
48141,39.6,37.4,37.5,33.9,30.6,31.0,26.3,25.2,25.5,23.4
48143,85.7,76.3,70.5,67.4,62.0,36.5,35.6,33.9,34.4,33.8
48145,74.6,59.0,61.7,57.2,50.1,28.3,27.9,26.3,21.7,23.3
48147,67.7,62.7,61.5,55.7,49.8,19.7,18.6,14.4,13.4,13.4
48149,71.7,66.7,60.3,58.9,56.0,65.3,66.1,63.0,48.7,47.2
48151,7.9,6.8,4.7,5.3,0.1,3.1,3.2,2.7,1.8,4.2
48153,25.9,3.5,3.2,2.4,-9.0,27.2,30.4,28.6,27.5,32.6
48155,59.3,62.0,58.7,51.5,30.9,55.9,53.9,26.6,10.5,7.7
48157,44.2,40.9,39.2,35.2,32.1,21.5,21.0,18.4,17.4,15.7
48159,75.8,68.0,73.8,69.9,59.7,29.3,30.3,14.1,12.0,6.3
48161,3.9,3.3,29.1,26.3,30.9,18.0,12.4,9.5,9.9,9.9
48163,48.7,44.4,43.6,39.5,35.9,7.9,10.4,10.8,10.4,11.8
48165,62.3,52.3,50.8,46.0,39.7,24.5,10.8,8.1,7.4,7.2
48167,92.4,78.9,75.4,69.0,64.6,45.9,40.5,36.3,35.2,33.9
48169,2.0,1.7,1.6,0.5,-9.0,4.0,2.1,1.3,2.7,2.5
48171,88.7,77.9,76.4,72.9,68.8,49.9,73.5,88.8,76.3,68.6
48173,-9.0,-9.0,-9.0,-9.0,-9.0,0.0,0.0,0.0,0.0,0.0
48175,32.7,26.1,22.7,19.8,18.1,5.3,5.2,4.7,4.8,3.3
48177,61.6,56.2,53.3,48.2,47.8,17.0,14.6,14.6,13.1,11.8
48179,131.5,115.1,109.4,101.5,87.7,77.4,69.3,58.4,44.5,44.7
48181,133.2,112.7,104.5,94.3,85.5,72.3,65.6,64.8,66.3,61.1
48183,178.5,138.7,132.9,123.9,120.6,114.8,105.4,102.2,104.3,105.1
48185,23.4,19.5,28.1,25.2,20.8,10.1,9.5,7.2,6.1,6.8
48187,51.7,47.1,47.7,44.6,41.9,20.6,18.6,21.5,20.5,18.5
48189,71.5,69.5,65.5,58.0,56.0,34.9,29.5,27.7,26.5,25.1
48191,7.1,3.7,3.8,2.4,-9.0,13.9,16.8,17.5,17.9,19.8
48193,7.7,5.1,30.0,48.4,41.1,46.9,51.7,53.3,58.3,50.2
48195,1.5,1.6,0.5,0.0,-9.0,8.7,6.2,5.7,4.7,5.6
48197,85.9,75.3,77.7,74.6,79.4,47.3,42.5,45.1,74.1,81.5
48199,110.4,98.2,97.3,89.0,86.3,21.3,17.3,13.0,12.1,11.9
48201,55.1,48.3,46.2,41.4,37.9,42.6,38.0,35.0,33.1,31.5
48203,78.0,69.8,72.0,62.8,60.3,40.8,35.1,29.4,29.6,30.8
48205,-9.0,-9.0,-9.0,-9.0,-9.0,0.0,0.0,0.0,0.0,0.0
48207,9.3,18.9,8.6,6.3,-9.0,7.2,5.1,1.9,6.5,8.0
48209,67.1,60.5,58.4,51.7,46.1,26.1,22.0,21.0,21.0,24.0
48211,4.2,2.7,3.1,2.0,-9.0,2.6,1.7,7.6,14.4,15.6
48213,93.6,84.1,80.5,75.1,69.2,35.4,34.0,34.8,40.4,32.0
48215,30.1,29.5,27.8,25.3,22.7,20.2,17.4,15.4,14.6,13.9
48217,95.4,80.2,61.9,58.3,54.3,36.3,35.7,30.1,28.1,27.7
48219,91.2,82.7,78.9,72.6,67.6,34.7,29.7,21.4,17.7,15.2
48221,136.4,125.3,119.4,107.6,99.8,57.0,58.3,60.4,56.3,52.6
48223,112.6,97.5,92.7,83.0,77.0,44.7,42.6,39.7,40.9,40.6
48225,26.0,22.0,47.5,41.3,40.9,13.9,13.8,12.9,7.0,8.7
48227,71.9,59.6,65.6,62.6,59.5,22.8,20.2,19.6,16.5,13.3
48229,-9.0,-9.0,-9.0,-9.0,-9.0,0.0,0.0,0.0,0.0,0.0
48231,107.5,93.3,90.5,83.2,73.2,32.9,29.2,26.0,24.5,22.8
48233,85.6,78.2,81.5,73.8,67.4,32.4,32.7,32.1,31.3,27.7
48235,-9.0,-9.0,-9.0,-9.0,-9.0,0.0,0.0,0.0,0.0,0.0
48237,4.9,1.9,2.1,1.3,0.0,12.3,9.0,7.8,12.7,14.6
48239,35.0,29.6,33.2,31.7,18.7,18.2,16.4,13.7,14.0,13.8
48241,76.8,67.4,67.3,56.5,49.7,28.3,29.5,30.2,26.5,22.7
48243,-9.0,-9.0,-9.0,-9.0,-9.0,43.3,47.9,36.9,26.5,21.8
48245,102.0,93.1,85.5,77.4,71.0,78.8,68.8,64.9,63.0,59.8
48247,3.3,1.6,34.6,24.6,19.2,0.0,0.0,0.0,0.0,0.0
48249,92.9,83.4,79.7,75.4,72.4,44.0,45.9,33.8,28.4,27.2
48251,92.7,90.9,90.9,84.4,76.1,40.6,37.1,34.4,32.3,31.3
48253,34.2,30.3,30.2,29.9,24.8,10.9,10.9,12.2,10.4,11.6
48255,76.4,66.4,58.0,54.3,43.6,24.1,24.5,24.0,21.5,21.4
48257,88.3,79.9,76.3,69.9,65.5,24.4,20.2,18.6,17.4,17.4
48259,76.6,71.4,65.4,59.0,53.4,28.8,32.2,29.9,28.5,26.1
48261,-9.0,-9.0,-9.0,-9.0,-9.0,0.0,0.0,0.0,0.0,0.0
48263,-9.0,-9.0,-9.0,-9.0,-9.0,0.0,0.0,0.0,0.0,0.0
48265,99.0,85.2,80.6,76.1,74.8,43.2,39.6,38.1,36.5,33.4
48267,74.5,67.6,59.8,55.1,50.4,24.4,19.3,4.7,10.5,19.4
48269,-9.0,-9.0,-9.0,-9.0,-9.0,0.0,0.0,0.0,0.0,0.0
48271,2.5,2.1,26.8,21.9,18.3,1.2,1.8,9.3,16.2,11.6
48273,73.9,71.5,65.8,59.9,56.7,26.2,23.1,23.1,20.4,20.2
48275,-9.0,-9.0,-9.0,-9.0,-9.0,33.7,29.0,26.0,21.9,15.3
48277,169.1,158.6,151.0,138.0,129.5,63.7,68.0,63.3,56.0,54.6
48279,52.6,49.3,2.5,2.6,0.0,16.2,14.2,13.5,15.7,18.2
48281,34.4,31.7,63.1,59.2,51.6,19.9,16.0,16.2,20.5,18.7
48283,0.5,0.4,0.4,0.2,-9.0,12.5,9.0,12.5,11.1,5.7
48285,57.9,50.7,56.6,51.1,46.4,12.7,12.3,11.4,9.5,8.6
48287,24.5,19.6,50.5,45.7,39.7,11.4,11.0,7.3,6.4,5.2
48289,4.3,3.3,39.8,39.5,36.1,7.0,9.5,8.7,8.9,8.8
48291,118.3,101.9,90.9,82.3,76.2,33.0,28.8,24.1,20.1,17.8
48293,107.2,93.9,86.2,85.5,90.2,36.2,27.3,27.4,30.1,30.3
48295,-9.0,-9.0,-9.0,-9.0,-9.0,0.1,0.1,0.0,0.0,0.2
48297,21.4,21.1,18.0,13.8,10.3,3.3,5.9,4.7,4.7,4.6
48299,83.4,71.2,62.7,56.5,52.9,25.4,21.6,20.0,19.6,22.2
48301,-9.0,-9.0,-9.0,-9.0,-9.0,0.0,0.0,0.0,0.0,0.0
48303,94.2,83.7,84.2,77.8,70.1,95.2,86.8,80.2,76.7,72.9
48305,2.4,1.5,1.3,0.9,0.0,10.7,12.9,13.6,11.7,19.8
48307,76.1,63.4,55.2,53.2,38.3,20.3,18.1,14.6,10.9,12.3
48309,89.8,77.0,75.4,70.5,63.2,51.1,48.8,45.5,47.6,41.9
48311,-9.0,-9.0,-9.0,-9.0,-9.0,0.0,0.0,0.0,0.0,0.0
48313,51.8,45.5,73.9,71.5,63.0,21.7,25.1,15.6,11.6,5.4
48315,2.8,1.6,1.6,1.6,0.0,8.8,10.0,9.4,7.8,5.4
48317,3.8,2.2,40.2,40.4,33.8,22.0,27.2,26.2,25.0,23.8
48319,6.5,4.2,44.5,38.5,41.7,0.4,2.8,2.5,2.2,2.5
48321,80.1,70.8,66.0,60.8,60.6,35.8,30.4,31.1,36.4,35.5
48323,31.3,29.1,28.4,27.3,25.1,10.5,9.5,8.8,9.3,8.6
48325,44.0,43.7,44.1,42.0,36.4,20.1,15.5,13.1,11.5,10.3
48327,-9.0,-9.0,-9.0,-9.0,-9.0,1.6,1.7,1.2,0.3,0.3
48329,81.0,66.7,58.7,53.3,47.1,29.9,22.4,28.8,28.2,28.2
48331,81.3,63.8,67.7,61.1,54.8,21.9,24.2,19.6,17.2,13.0
48333,-9.0,-9.0,-9.0,-9.0,-9.0,7.1,8.2,8.8,6.8,5.3
48335,3.1,2.7,55.2,51.8,46.3,51.9,48.0,44.8,42.1,38.0
48337,92.2,83.1,82.1,72.9,68.5,37.3,39.0,36.6,33.8,29.5
48339,75.5,66.5,60.6,55.2,50.6,46.3,37.8,35.5,33.2,31.2
48341,66.2,58.6,55.3,51.3,51.8,36.6,32.6,31.2,28.0,24.2
48343,102.2,103.6,80.6,76.2,73.9,12.4,13.3,17.6,17.7,22.0
48345,-9.0,-9.0,-9.0,-9.0,-9.0,0.0,0.0,0.0,9.8,15.7
48347,119.6,103.4,86.0,81.4,73.2,60.7,54.3,55.7,55.1,52.9
48349,86.2,78.4,72.9,66.4,61.2,26.6,22.7,19.0,16.2,13.4
48351,2.9,1.7,34.5,25.2,20.5,8.4,7.8,6.4,5.4,0.1
48353,147.0,127.4,118.8,81.9,65.7,27.9,25.2,22.5,24.6,26.1
48355,92.1,83.4,80.2,70.2,64.0,77.3,72.5,68.3,64.4,59.5
48357,80.2,39.7,46.1,53.1,48.9,23.1,20.3,20.2,20.2,20.6
48359,-9.0,-9.0,-9.0,-9.0,-9.0,0.0,0.0,0.0,0.0,0.1
48361,127.3,119.2,113.4,94.2,88.6,53.0,51.4,49.5,45.7,43.4
48363,130.6,116.8,108.6,94.8,86.8,30.5,26.4,26.1,27.8,24.3
48365,83.7,82.4,81.4,75.5,72.1,26.8,22.1,19.0,16.2,14.3
48367,81.1,75.8,73.3,65.1,57.9,34.5,27.3,26.2,25.1,24.2
48369,2.6,1.8,1.1,0.9,0.0,20.4,19.1,18.1,19.5,21.8
48371,44.5,37.5,37.9,35.1,33.5,20.6,19.5,20.1,23.2,19.8
48373,120.5,106.7,101.1,90.8,84.3,31.1,28.5,25.1,24.6,24.2
48375,89.3,78.1,76.1,72.2,65.1,106.3,101.9,96.5,92.6,92.8
48377,-9.0,-9.0,-9.0,3.3,6.3,7.5,6.2,5.0,4.6,5.0
48379,75.8,74.4,68.6,61.9,54.3,1.5,1.6,1.6,1.8,4.2
48381,84.9,76.1,73.9,68.5,62.7,31.7,26.7,23.7,22.4,22.9
48383,-9.0,0.4,25.6,25.1,21.0,2.7,1.8,3.1,1.8,0.7
48385,-9.0,-9.0,-9.0,-9.0,-9.0,1.5,1.8,1.9,2.0,1.6
48387,6.0,3.5,47.9,57.1,55.1,74.2,85.3,94.9,100.8,99.1
48389,91.0,75.9,63.8,57.3,54.6,34.8,34.3,18.0,20.6,20.8
48391,3.2,1.7,1.7,1.5,0.0,11.2,9.8,15.3,14.5,14.5
48393,-9.0,-9.0,-9.0,-9.0,-9.0,0.0,0.0,0.7,5.3,15.0
48395,6.0,4.0,28.6,24.8,21.7,7.8,5.9,3.6,2.9,3.2
48397,78.7,69.4,74.6,70.1,63.3,50.5,42.6,35.6,32.5,31.1
48399,61.8,54.7,70.6,68.6,58.5,29.1,37.3,38.2,38.2,46.8
48401,68.1,53.2,49.0,44.1,43.2,18.7,19.7,19.1,20.1,20.1
48403,7.0,3.9,54.7,44.6,33.9,23.1,30.8,28.5,31.4,25.7
48405,7.0,4.2,74.7,64.5,65.8,35.2,29.6,28.3,28.1,30.0
48407,1.9,1.1,19.1,17.1,20.0,1.2,3.6,4.9,2.4,2.6
48409,80.1,80.6,86.4,80.5,71.5,34.3,26.9,25.1,24.8,23.5
48411,77.8,2.8,49.5,42.2,0.6,6.5,5.9,6.5,5.8,13.2
48413,-9.0,-9.0,-9.0,-9.0,-9.0,19.2,26.0,8.8,4.3,3.8
48415,106.6,90.8,84.5,80.8,73.0,17.1,15.2,14.5,12.7,10.7
48417,-9.0,-9.0,-9.0,-9.0,-9.0,2.8,3.1,2.4,3.0,2.4
48419,89.7,58.7,69.1,64.6,58.4,18.2,19.7,14.5,9.8,9.8
48421,31.2,1.3,1.4,1.1,-9.0,0.6,0.3,0.4,0.3,0.0
48423,107.9,95.2,88.6,81.2,73.2,104.0,100.5,96.7,96.8,95.7
48425,8.6,5.9,5.8,5.1,0.0,46.9,45.4,52.2,69.7,77.2
48427,32.7,32.2,34.6,33.1,29.3,26.7,25.0,21.0,18.3,13.8
48429,128.1,119.2,103.5,95.1,83.1,22.5,19.1,18.1,14.7,14.0
48431,-9.0,-9.0,-9.0,-9.0,-9.0,4.0,1.0,1.3,0.7,0.2
48433,4.9,3.8,2.5,2.6,-9.0,1.9,2.6,2.5,3.0,4.8
48435,6.5,5.1,3.1,2.7,0.1,16.6,16.7,19.4,34.0,46.6
48437,3.0,2.3,2.3,9.1,-9.0,7.6,6.9,5.3,3.5,5.0
48439,76.0,68.8,66.7,60.0,53.7,50.6,45.5,43.9,41.2,39.5
48441,130.7,114.8,107.0,97.4,89.0,90.8,70.7,70.7,67.7,68.9
48443,-9.0,-9.0,-9.0,-9.0,-9.0,81.1,67.7,54.5,19.5,32.6
48445,63.4,53.4,86.8,78.3,69.0,17.8,21.2,29.6,32.7,31.1
48447,-9.0,-9.0,-9.0,-9.0,-9.0,23.4,18.9,16.1,12.6,12.5
48449,106.0,90.5,84.6,74.9,69.7,46.5,52.1,45.8,36.8,35.1
48451,92.4,80.1,75.1,70.8,66.3,53.7,46.7,44.6,40.8,38.7
48453,61.1,55.5,51.2,45.1,39.5,44.3,39.3,37.6,34.5,32.2
48455,57.5,42.0,60.0,56.1,43.4,18.5,22.4,20.7,19.6,12.2
48457,32.0,22.9,52.4,51.3,48.6,9.5,10.7,12.0,12.4,16.4
48459,26.1,22.2,19.0,17.8,17.0,11.9,7.9,5.2,5.1,5.7
48461,1.9,1.9,1.4,1.6,0.1,6.3,4.1,3.3,9.3,3.2
48463,76.9,72.1,73.1,70.5,63.1,27.5,25.7,20.5,17.6,18.6
48465,42.5,39.5,38.6,35.5,32.5,23.3,21.7,21.6,21.2,19.7
48467,88.3,81.7,78.5,69.8,64.3,24.6,17.5,14.8,11.8,9.6
48469,121.1,103.9,98.7,93.2,84.5,70.8,68.2,67.4,57.2,57.6
48471,87.0,76.9,58.9,57.3,55.0,27.0,24.2,22.0,19.2,17.8
48473,7.3,5.4,12.8,11.7,9.8,4.3,4.4,2.9,2.7,4.0
48475,73.4,71.4,57.8,51.2,46.3,31.6,33.6,35.7,31.2,28.9
48477,90.5,88.0,75.5,69.9,65.1,29.3,29.2,34.8,34.3,29.4
48479,30.2,29.0,27.2,24.7,21.3,18.8,16.9,15.2,14.5,15.5
48481,76.8,69.3,63.5,59.4,57.1,34.6,31.7,32.2,26.7,20.1
48483,47.7,45.6,39.1,32.3,20.0,9.1,4.3,12.5,3.2,10.0
48485,119.1,107.5,105.2,96.8,89.6,84.2,80.7,75.8,72.7,70.3
48487,167.2,152.5,147.6,135.8,122.0,50.9,48.7,44.4,44.6,47.1
48489,53.8,47.2,28.9,32.4,31.8,20.0,17.3,19.5,8.0,6.4
48491,70.6,64.9,62.2,56.6,50.5,32.4,29.4,27.4,26.0,24.7
48493,56.3,59.8,58.6,54.4,50.7,16.2,12.6,12.3,9.4,8.4
48495,87.1,59.6,56.5,47.3,44.1,10.1,8.4,5.5,5.8,5.7
48497,68.9,63.0,63.6,62.0,57.1,39.7,46.8,42.3,37.6,30.7
48499,115.9,97.5,94.8,90.2,81.1,33.9,30.1,25.6,26.6,24.2
48501,8.7,7.1,6.5,7.6,0.1,15.1,17.9,19.6,18.0,18.8
48503,112.6,103.3,99.0,92.2,88.9,43.9,37.9,38.6,39.9,41.6
48505,2.2,14.2,23.7,20.6,17.7,3.8,3.9,3.8,3.6,2.0
48507,5.0,0.9,0.7,0.6,0.0,1.7,3.2,1.4,1.7,1.7
49001,91.8,98.1,93.9,91.6,75.7,77.2,70.0,55.5,47.2,44.7
49003,85.5,81.9,80.1,73.2,66.6,32.0,30.7,29.9,24.4,24.8
49005,66.7,61.2,54.5,49.6,44.6,37.4,34.1,35.9,40.4,37.1
49007,188.9,183.1,176.0,153.7,147.2,138.2,127.9,128.1,120.3,117.9
49009,-9.0,-9.0,-9.0,-9.0,-9.0,1.5,1.0,0.1,0.0,0.2
49011,72.9,68.7,66.7,62.5,57.0,47.2,45.3,46.3,44.2,41.8
49013,54.1,51.2,57.7,58.6,56.9,48.5,47.2,47.4,50.0,52.2
49015,97.4,96.7,45.2,79.8,78.3,32.4,32.7,31.5,28.1,24.2
49017,92.7,86.8,87.1,84.1,70.2,57.6,55.9,49.5,44.8,40.9
49019,108.4,95.4,83.3,79.5,73.3,57.1,47.6,40.4,37.5,34.4
49021,105.0,110.9,103.9,91.5,81.2,53.2,53.0,50.6,52.3,54.9
49023,96.9,95.9,81.2,75.9,71.3,42.9,38.1,33.4,26.8,26.0
49025,130.4,149.4,106.8,104.6,93.2,56.7,48.1,36.2,40.2,44.7
49027,69.0,70.1,58.0,64.5,55.6,32.6,28.5,33.1,58.4,47.2
49029,60.8,62.0,57.8,37.6,32.8,32.3,22.9,22.1,20.2,14.8
49031,-9.0,-9.0,-9.0,-9.0,-9.0,0.0,0.0,0.9,1.1,0.5
49033,44.0,31.2,29.4,29.1,28.1,10.3,7.2,4.7,4.2,9.5
49035,80.2,75.0,70.5,63.0,55.6,58.6,52.8,52.9,50.2,47.8
49037,23.5,19.2,16.3,16.2,14.2,17.2,15.6,15.0,14.7,13.5
49039,95.5,86.8,95.7,85.2,78.0,43.8,42.2,44.7,42.6,38.6
49041,130.2,124.3,112.8,107.9,99.8,77.1,73.6,75.3,79.4,81.3
49043,69.9,65.8,61.2,51.4,44.6,54.2,41.9,41.1,45.8,39.5
49045,81.5,72.8,70.3,63.9,52.8,24.7,21.2,19.4,17.2,16.3
49047,82.8,71.3,66.9,60.5,51.4,36.3,36.9,35.5,31.7,29.2
49049,64.5,61.2,58.7,53.0,47.4,41.5,39.6,39.3,38.1,35.2
49051,79.6,75.0,68.9,58.5,51.2,21.7,20.5,19.0,21.0,20.8
49053,96.1,91.6,89.0,79.5,72.8,72.2,68.6,67.3,65.5,62.1
49055,-9.0,-9.0,-9.0,-9.0,-9.0,26.9,20.8,16.9,22.7,22.4
49057,90.7,86.9,83.2,76.3,69.8,58.8,59.2,59.8,57.4,54.9
50001,27.2,43.8,51.0,41.1,36.8,24.5,24.6,22.7,22.5,19.0
50003,83.4,81.8,72.4,62.2,52.4,43.6,39.2,37.9,34.4,32.4
50005,45.7,63.1,62.3,54.3,45.1,31.8,25.3,22.7,19.1,23.1
50007,43.6,50.0,48.7,41.5,35.2,42.6,40.7,40.8,36.0,32.8
50009,0.1,10.8,12.6,0.5,-9.0,42.4,40.1,36.7,32.3,31.3
50011,58.0,83.7,85.7,79.1,68.8,37.3,32.2,28.9,30.6,29.6
50013,13.3,18.4,18.4,14.9,12.9,12.9,12.5,7.5,1.0,0.4
50015,34.7,57.7,57.4,56.3,50.7,36.9,35.5,35.1,31.0,33.6
50017,22.1,42.8,42.9,34.0,24.9,23.3,21.0,19.8,21.4,18.9
50019,31.7,60.5,62.5,60.2,53.8,39.9,37.6,36.4,32.6,25.8
50021,88.9,84.8,79.8,65.2,52.2,44.4,39.5,38.1,36.2,31.4
50023,38.9,58.0,57.8,51.8,44.8,35.9,31.4,30.1,29.2,26.9
50025,77.9,74.9,72.8,59.5,50.5,39.4,32.1,31.4,31.7,29.4
50027,50.0,48.5,41.7,30.6,25.7,26.3,25.7,23.3,20.1,20.3
51001,70.5,64.8,60.7,51.0,33.9,19.4,18.7,18.6,18.4,16.3
51003,65.0,61.7,59.1,48.3,40.3,46.6,36.6,33.2,30.3,27.7
51005,90.4,85.7,86.8,70.2,66.3,62.6,48.5,39.4,35.4,30.8
51007,54.2,52.3,48.1,36.8,29.8,2.7,1.6,1.9,1.5,1.7
51009,90.4,83.0,75.0,62.7,56.8,30.5,33.3,33.3,49.7,43.2
51011,146.2,138.6,125.0,97.8,86.0,40.5,16.9,8.4,8.5,7.5
51013,28.0,26.1,24.4,20.5,18.1,35.2,31.3,33.1,27.2,23.4
51015,33.3,29.1,19.7,15.8,11.9,45.0,42.7,36.8,33.8,31.1
51017,8.7,6.2,1.4,1.2,-9.0,15.9,17.2,15.7,12.8,11.3
51019,50.0,46.8,44.9,38.3,32.8,18.1,17.2,18.1,16.4,18.2
51021,71.1,81.0,66.8,54.5,42.9,90.8,83.9,77.6,86.3,96.7
51023,46.3,41.9,39.6,35.3,31.5,12.2,11.9,12.6,10.5,11.1
51025,29.0,25.6,23.9,17.3,12.6,6.2,7.0,7.2,7.8,9.5
51027,84.7,88.0,131.0,138.6,113.6,66.7,72.7,71.7,75.5,77.4
51029,2.7,2.1,2.1,1.8,0.0,6.5,4.5,4.5,4.0,3.5
51031,38.0,33.9,43.0,33.6,28.2,6.4,5.2,4.7,4.7,4.0
51033,19.9,20.6,35.3,32.2,28.7,4.4,4.2,4.5,2.9,1.8
51035,44.7,45.3,44.9,36.8,33.0,48.4,48.7,42.1,28.7,20.1
51036,-9.0,-9.0,-9.0,-9.0,-9.0,12.2,6.8,21.7,20.7,17.9
51037,43.9,43.3,38.9,31.5,26.2,25.2,26.1,26.2,25.0,23.3
51041,77.9,73.4,67.8,56.2,45.6,38.7,36.0,35.4,31.5,29.9
51043,21.6,27.7,28.5,28.1,24.0,19.4,16.8,13.0,9.0,6.1
51045,8.4,6.5,5.2,6.1,0.0,4.5,1.5,0.0,0.8,0.8
51047,79.3,71.5,65.5,53.3,46.5,19.7,22.1,30.7,18.8,13.3
51049,35.5,33.1,29.3,21.7,18.2,0.1,0.0,0.0,0.1,0.2
51051,157.3,137.5,185.1,154.7,131.5,98.0,80.0,83.0,89.5,69.9
51053,5.5,5.6,5.1,3.8,0.7,1.3,2.0,2.3,2.5,2.8
51057,123.3,122.9,109.5,87.8,69.2,79.2,62.7,31.8,22.1,26.1
51059,33.7,32.0,29.7,25.3,21.8,27.8,26.5,25.2,24.1,23.4
51061,81.6,76.5,72.2,62.3,51.1,34.8,32.4,32.0,28.6,27.9
51063,65.0,59.3,50.0,34.8,27.7,7.8,9.2,8.1,7.7,10.4
51065,38.0,36.4,31.4,27.0,24.4,7.3,6.4,5.4,4.2,5.7
51067,96.2,87.4,80.1,68.4,59.6,16.6,16.5,12.4,12.1,11.3
51069,62.9,59.9,58.2,50.7,43.9,4.3,3.6,2.6,2.7,2.7
51071,149.5,142.6,119.8,101.9,84.9,31.6,26.3,22.9,21.3,21.7
51073,128.1,119.4,107.5,88.8,71.9,33.9,36.1,37.3,39.5,39.1
51075,16.4,15.3,14.8,10.7,1.3,9.1,10.9,11.7,7.8,6.0
51077,28.3,8.7,25.0,20.1,17.3,10.6,14.3,16.0,16.4,15.5
51079,88.8,83.1,77.8,66.0,54.2,16.0,12.6,10.5,9.5,10.6
51081,-9.0,-9.0,-9.0,-9.0,-9.0,1.5,1.4,1.4,1.0,0.3
51083,75.9,87.8,81.3,71.0,57.5,24.5,18.3,18.5,17.9,16.4
51085,102.0,96.0,90.2,73.8,57.9,50.1,46.4,43.3,42.1,39.7
51087,81.0,75.3,68.2,56.5,46.1,51.4,46.6,45.1,42.6,40.8
51089,101.1,86.9,73.4,63.7,54.2,6.4,5.7,6.1,7.8,7.6
51091,-9.0,-9.0,-9.0,-9.0,-9.0,0.7,0.3,0.9,2.4,1.2
51093,67.3,67.8,74.1,64.5,56.4,13.6,12.5,11.7,16.8,7.6
51095,112.7,106.1,96.2,80.7,69.7,42.0,38.8,34.5,34.4,34.8
51097,-9.0,-9.0,-9.0,-9.0,-9.0,2.2,0.5,0.2,0.0,0.0
51099,54.5,53.5,54.6,44.7,39.8,4.4,5.0,6.9,7.5,6.4
51101,47.4,42.3,40.3,29.6,22.8,7.8,9.2,9.1,9.5,6.8
51103,187.1,183.2,156.9,125.4,98.7,44.0,41.4,41.5,40.3,36.7
51105,129.3,112.3,149.5,132.2,112.5,64.4,59.9,57.1,58.1,54.1
51107,40.9,38.3,36.8,31.6,27.2,17.4,17.3,17.2,17.1,15.8
51109,58.9,53.2,49.8,42.2,35.3,10.0,8.8,8.0,8.0,7.2
51111,4.3,3.0,1.6,1.2,0.0,6.8,6.5,5.9,5.9,7.7
51113,-9.0,-9.0,-9.0,-9.0,-9.0,4.7,4.7,5.4,5.0,2.6
51115,63.4,60.2,55.2,49.9,45.9,3.1,3.5,7.3,12.1,11.5
51117,115.3,112.0,105.7,83.9,69.2,48.4,48.6,45.3,41.6,40.5
51119,5.4,4.5,3.1,3.1,0.1,8.5,7.7,8.6,10.3,8.1
51121,72.5,66.0,61.6,53.9,46.1,56.4,49.0,49.5,40.3,37.9
51125,27.4,26.7,21.9,18.0,14.4,19.6,20.5,18.8,15.4,12.8
51127,68.8,61.6,58.7,44.5,35.7,16.5,17.8,14.5,14.4,12.6
51131,115.5,112.7,113.8,95.6,92.4,74.0,63.0,61.6,59.9,58.7
51133,37.3,34.9,30.7,23.7,19.0,8.0,7.7,6.4,6.9,6.5
51135,88.6,64.3,77.3,66.6,52.4,34.8,31.7,28.2,27.5,23.1
51137,105.3,96.6,91.0,74.4,61.8,19.3,18.7,15.4,14.7,13.8
51139,102.9,99.4,86.0,76.9,68.5,40.7,36.3,33.5,27.6,27.9
51141,85.1,78.1,69.2,62.0,48.1,43.7,40.2,40.0,36.8,37.2
51143,22.8,24.4,22.3,16.7,13.7,7.1,7.1,6.5,4.5,4.1
51145,55.5,51.3,45.8,41.9,37.9,15.8,14.7,14.0,14.6,14.4
51147,113.6,105.2,99.5,83.5,72.2,26.4,21.9,24.8,24.3,19.6
51149,0.6,-9.0,-9.0,-9.0,-9.0,9.3,8.2,7.7,6.9,8.1
51153,44.0,40.6,38.5,32.6,28.3,17.3,16.1,13.4,10.9,10.3
51155,142.6,135.6,134.1,113.6,97.3,45.5,35.6,34.2,33.4,32.6
51157,-9.0,-9.0,-9.0,-9.0,-9.0,10.8,6.7,6.6,6.4,8.9
51159,45.5,43.5,44.0,35.5,29.5,5.0,4.1,4.2,4.0,4.7
51161,98.6,91.1,84.4,75.0,67.3,86.8,73.1,68.7,72.3,75.7
51163,-9.0,-9.0,-9.0,0.1,2.8,17.7,14.5,14.9,15.3,15.2
51165,34.8,32.6,30.3,27.9,21.2,7.4,13.9,16.1,16.9,19.3
51167,138.3,117.6,111.7,105.8,90.5,57.3,68.9,60.3,57.0,46.9
51169,169.4,161.9,153.7,139.0,123.2,169.4,143.2,153.1,140.4,139.6
51171,84.4,74.7,69.0,53.2,42.2,22.4,19.4,15.9,16.2,16.1
51173,151.7,139.7,131.3,104.9,83.9,41.4,38.4,40.1,36.9,33.4
51175,3.5,2.9,0.0,-9.0,-9.0,2.2,1.8,2.3,3.7,2.8
51177,83.2,75.4,66.4,55.3,48.0,30.9,26.4,23.3,23.7,20.9
51179,57.9,53.5,49.1,41.5,36.4,18.6,13.3,16.2,18.7,17.2
51181,-9.0,-9.0,-9.0,-9.0,-9.0,1.2,1.2,0.9,1.4,2.3
51183,27.1,24.6,22.0,14.1,10.2,6.0,4.8,4.6,4.8,5.0
51185,231.1,200.5,179.3,158.1,132.2,79.0,70.8,60.5,66.2,64.7
51187,99.6,92.4,87.6,78.1,65.0,21.2,17.9,23.7,24.9,15.8
51191,127.5,116.1,105.0,88.3,74.4,57.7,58.0,51.8,54.0,54.3
51193,52.4,45.7,43.0,34.7,29.8,4.0,4.4,4.5,3.4,2.8
51195,235.7,214.1,194.5,164.0,140.9,63.1,66.2,79.1,76.1,77.7
51197,122.5,120.5,109.5,94.0,78.8,42.3,52.5,53.6,32.6,35.3
51199,57.7,50.6,47.0,40.0,35.2,21.7,19.6,17.0,16.8,17.2
51510,38.3,35.9,33.0,27.6,24.1,20.3,19.4,20.4,18.6,21.5
51520,190.8,186.0,174.2,162.2,148.2,30.0,24.7,30.9,23.1,53.2
51530,85.1,71.9,85.2,81.9,78.8,27.4,24.6,24.0,26.4,23.0
51540,77.2,69.2,52.8,45.1,35.3,163.4,156.0,151.5,135.6,125.0
51550,74.8,68.4,65.5,55.1,48.1,40.9,37.8,36.4,33.6,30.0
51570,277.3,243.0,222.2,181.3,145.5,82.7,69.1,57.3,48.6,47.0
51580,287.6,256.4,235.3,222.4,177.8,54.0,115.4,111.2,94.8,102.0
51590,199.1,188.6,179.2,162.2,134.4,80.8,63.8,61.0,52.7,50.7
51595,315.5,300.6,283.1,222.1,183.4,125.7,115.1,122.2,124.1,118.9
51600,88.7,81.4,78.8,69.4,62.4,67.0,56.4,63.0,69.3,67.2
51610,81.5,64.1,57.1,51.6,42.6,29.2,21.7,21.8,20.8,20.5
51620,294.5,271.8,268.2,234.5,204.6,72.2,54.8,54.3,54.4,50.9
51630,165.2,175.9,166.3,136.9,106.0,233.5,232.7,226.7,218.9,193.6
51640,460.3,431.1,394.4,357.5,301.3,161.3,90.8,76.4,76.1,105.9
51650,90.9,86.9,76.8,60.8,49.7,32.3,26.9,25.2,23.9,23.9
51660,143.3,133.7,124.7,107.3,87.7,90.4,80.8,85.2,80.7,87.7
51670,131.4,115.6,151.7,149.4,136.4,57.2,47.9,41.1,37.8,33.7
51678,325.7,269.0,237.0,215.4,191.3,116.8,112.9,110.0,99.8,97.6
51680,154.2,137.6,116.7,93.5,79.1,104.8,108.2,105.3,108.7,101.7
51683,123.9,117.1,109.7,89.4,79.1,84.9,70.6,75.1,70.9,68.0
51685,-9.0,-9.0,-9.0,-9.0,-9.0,0.0,0.0,0.0,0.0,0.0
51690,532.5,444.4,399.9,346.6,293.5,374.8,315.7,302.4,234.3,176.5
51700,73.5,69.1,62.8,50.4,40.7,61.5,54.7,51.4,48.2,47.7
51710,74.1,70.8,64.8,54.0,43.9,72.1,71.2,67.0,62.6,65.4
51720,563.3,504.9,470.3,402.0,311.3,569.1,441.0,390.7,374.9,403.9
51730,167.4,157.5,152.2,129.4,104.9,60.2,44.4,39.0,38.4,34.4
51735,102.6,93.7,80.6,65.4,62.6,5.7,4.8,4.4,4.7,4.1
51740,120.6,114.5,102.4,83.7,69.8,59.6,45.7,46.4,46.2,42.5
51750,124.4,108.3,97.8,84.7,70.5,44.1,51.5,46.6,40.2,42.6
51760,67.8,59.4,53.2,41.5,32.1,58.8,56.7,60.2,57.3,54.2
51770,122.0,108.3,102.1,87.9,70.6,84.9,88.7,88.9,79.1,68.0
51775,242.5,220.7,206.0,181.1,156.7,390.2,377.7,396.4,379.3,342.2
51790,217.6,190.1,175.0,144.8,120.9,54.5,53.8,45.0,42.1,39.3
51800,91.5,90.0,85.4,75.1,64.2,45.9,43.4,46.0,41.1,35.2
51810,68.4,65.1,61.0,52.2,45.3,44.3,37.9,34.4,31.1,29.6
51820,262.5,232.1,202.9,170.4,138.0,49.3,46.4,42.9,36.8,34.9
51830,-9.0,-9.0,-9.0,-9.0,-9.0,0.0,0.1,0.2,0.0,0.2
51840,201.6,189.9,175.0,137.3,123.4,227.9,218.1,204.9,217.5,236.0
53001,33.0,30.0,27.6,26.2,21.7,17.1,15.9,16.3,13.7,11.3
53003,152.8,146.5,150.9,133.9,122.9,51.3,61.2,65.8,64.4,72.6
53005,110.5,107.8,102.4,89.9,73.8,77.1,73.0,66.9,60.3,57.2
53007,91.9,86.9,79.4,70.6,61.5,64.5,56.9,55.8,54.7,52.2
53009,140.0,127.8,119.7,100.7,83.4,51.1,43.6,41.1,39.1,40.4
53011,67.5,63.7,60.3,53.8,46.7,41.4,39.3,37.4,36.7,36.3
53013,128.7,117.4,119.9,102.3,97.7,88.9,142.5,102.1,69.7,55.8
53015,105.6,98.2,89.4,76.6,65.4,40.9,38.3,36.3,35.2,34.2
53017,67.7,65.7,65.1,56.4,52.3,19.8,13.8,14.9,23.7,26.9
53019,76.1,70.3,66.4,59.5,55.9,31.6,40.9,36.6,34.4,35.7
53021,70.1,69.0,62.6,53.4,46.4,18.4,12.4,13.9,11.6,10.9
53023,143.0,132.4,119.0,94.8,100.1,98.6,71.2,44.9,51.7,43.9
53025,81.1,76.4,73.4,65.7,55.6,36.5,31.7,29.6,26.8,25.7
53027,123.9,119.7,113.0,93.6,79.0,51.6,49.3,41.3,30.9,27.8
53029,46.6,43.5,42.8,38.6,36.2,20.9,18.9,16.3,14.3,13.2
53031,96.5,90.4,85.1,79.2,70.0,50.3,45.1,38.8,36.3,34.2
53033,55.5,51.2,47.4,41.6,35.8,39.5,36.6,36.7,33.8,32.3
53035,71.2,66.7,61.9,56.3,48.4,37.6,36.0,38.2,36.2,35.3
53037,65.0,62.6,56.2,47.5,37.7,22.9,20.4,20.5,19.8,18.1
53039,29.4,23.7,3.2,20.0,22.0,32.4,30.7,30.5,27.7,25.7
53041,116.0,107.1,96.8,80.7,70.1,40.1,37.0,39.7,37.3,34.0
53043,164.1,93.4,93.1,77.4,68.1,69.1,65.5,55.0,48.9,47.8
53045,100.9,97.2,87.1,76.1,66.8,20.1,16.4,19.5,14.7,13.1
53047,77.3,78.7,71.1,63.7,52.4,45.0,43.1,40.0,40.4,34.8
53049,48.3,44.3,37.9,30.2,25.5,18.6,17.3,33.4,30.3,31.1
53051,136.0,126.5,118.0,101.3,87.4,85.4,87.8,77.7,63.8,54.7
53053,72.9,69.0,65.2,56.7,49.8,44.0,40.1,39.1,37.2,34.6
53055,36.8,42.3,57.6,61.0,52.2,30.5,25.8,22.3,23.0,26.7
53057,94.3,89.5,80.7,71.1,66.0,59.5,55.4,54.8,52.4,52.1
53059,60.1,44.5,3.9,2.8,0.0,17.0,18.7,19.0,2.2,0.9
53061,83.5,78.4,70.6,61.0,51.7,31.7,30.6,28.6,25.9,24.9
53063,92.5,87.0,83.7,76.7,68.5,64.5,58.0,56.3,53.8,52.6
53065,92.0,84.8,82.5,76.6,63.1,52.2,50.7,49.7,44.9,41.9
53067,71.6,69.6,63.1,54.6,47.6,47.8,44.0,42.6,42.7,39.9
53069,67.1,27.3,6.0,5.8,-9.0,3.6,3.6,3.9,3.6,3.6
53071,94.2,90.8,86.7,76.9,62.7,55.1,46.5,40.4,41.8,40.1
53073,79.3,76.7,71.2,63.7,55.5,45.0,40.6,38.4,37.3,35.2
53075,53.0,52.5,49.5,46.7,41.2,41.9,38.0,40.6,35.8,34.2
53077,78.0,72.4,68.0,60.0,50.3,42.6,37.9,36.0,34.4,29.9
54001,110.7,93.8,67.2,56.0,48.3,25.1,24.4,24.0,21.4,18.6
54003,115.3,100.9,90.2,83.3,72.7,35.3,30.2,25.2,23.7,21.1
54005,192.1,172.5,142.4,109.5,105.0,81.6,75.9,80.2,77.9,70.2
54007,114.5,98.6,90.0,79.9,70.3,25.7,24.8,22.6,23.0,22.2
54009,114.3,98.4,86.3,76.7,65.6,17.0,14.1,14.4,14.4,12.5
54011,148.8,135.7,122.3,108.7,92.1,130.5,121.2,120.9,113.9,115.0
54013,70.2,57.5,46.5,36.8,31.3,38.3,48.0,53.7,52.9,55.5
54015,75.3,67.5,62.6,52.4,45.2,20.9,19.6,22.3,23.2,18.3
54017,47.7,42.3,33.6,27.1,23.1,0.6,0.7,0.4,0.4,0.1
54019,95.4,91.7,78.1,62.9,53.7,27.3,24.6,24.6,19.5,20.9
54021,81.8,75.6,59.2,50.8,41.8,6.4,8.4,9.0,10.0,9.6
54023,104.4,94.5,84.1,74.1,67.3,59.9,59.8,58.2,59.1,58.8
54025,148.4,127.2,107.6,96.2,77.7,55.7,61.2,64.7,45.8,40.6
54027,82.1,68.4,69.2,65.0,53.7,18.9,20.3,17.9,17.3,18.4
54029,152.0,139.5,143.9,120.4,111.1,110.5,77.4,82.2,77.2,73.6
54031,97.0,86.1,80.7,70.2,62.5,25.6,25.4,24.2,23.9,24.7
54033,130.3,119.9,102.9,89.7,79.9,99.0,87.2,83.4,76.7,74.2
54035,130.6,107.1,81.9,68.9,57.7,23.0,20.2,19.3,19.4,25.2
54037,88.6,85.9,88.4,77.0,64.0,24.8,23.5,24.4,22.7,22.5
54039,155.2,131.0,111.2,96.0,79.0,97.2,85.3,81.1,74.5,73.9
54041,107.7,87.0,83.2,74.3,66.7,58.2,55.5,47.3,37.7,39.0
54043,73.9,64.1,53.3,41.0,33.9,25.7,26.5,25.3,24.0,28.2
54045,263.0,206.6,194.3,171.3,146.4,93.9,83.0,76.4,61.0,57.7
54047,156.4,137.1,104.4,86.7,73.2,22.7,18.5,15.7,17.0,16.2
54049,113.0,97.0,89.0,75.9,59.7,39.7,37.0,35.7,32.0,29.5
54051,137.9,130.5,117.2,110.2,91.2,61.5,73.7,81.7,68.4,58.4
54053,118.3,101.7,81.5,69.4,57.3,57.1,58.3,58.2,52.6,50.0
54055,160.5,150.8,119.3,102.8,85.5,65.3,53.6,53.9,47.8,45.2
54057,118.2,108.8,101.4,81.8,69.5,29.1,26.4,24.3,22.7,23.0
54059,181.3,134.2,96.5,74.8,48.7,69.2,66.6,67.5,61.3,57.3
54061,78.2,69.7,59.1,46.8,38.0,69.0,62.6,61.4,60.5,59.6
54063,28.3,27.1,42.7,33.6,18.3,15.6,17.7,15.9,14.2,13.5
54065,72.3,71.9,73.6,68.0,61.7,26.9,24.2,25.6,23.7,23.3
54067,186.8,157.4,134.8,115.6,106.6,57.3,46.9,48.2,45.0,47.6
54069,106.9,95.4,80.7,68.2,55.6,106.8,84.6,76.5,66.3,58.5
54071,83.6,88.7,83.7,60.2,42.7,10.7,10.0,7.0,6.4,6.1
54073,134.1,122.8,113.9,100.5,80.3,28.4,10.4,4.2,4.8,6.0
54075,68.1,56.7,58.3,48.9,46.4,15.2,17.7,22.5,26.3,20.4
54077,71.4,74.0,70.7,61.1,51.1,36.9,31.9,28.6,27.4,28.3
54079,121.2,106.6,95.5,79.9,66.6,48.1,48.5,48.3,43.1,41.3
54081,164.6,144.6,104.6,80.5,66.3,64.1,55.5,57.9,59.0,57.1
54083,122.4,112.7,95.1,87.9,75.3,52.9,43.1,43.0,37.1,36.2
54085,69.2,58.5,68.0,58.7,50.6,13.3,15.4,13.6,11.2,15.7
54087,125.6,109.1,94.5,88.8,73.9,41.8,41.0,49.0,43.1,45.9
54089,108.2,105.1,115.4,89.7,79.6,71.5,58.3,55.4,39.0,34.2
54091,89.2,80.9,69.8,59.1,51.6,27.5,25.0,24.3,26.4,31.9
54093,41.2,46.6,41.2,35.8,42.4,25.3,21.7,27.6,20.9,22.9
54095,63.1,55.0,51.6,45.2,38.2,16.0,11.9,25.3,20.1,11.0
54097,82.6,71.8,58.0,50.2,43.5,15.7,13.5,13.4,13.3,12.8
54099,82.5,76.1,67.5,62.2,60.3,12.4,11.0,10.9,10.4,11.4
54101,76.6,69.3,61.3,52.2,49.0,125.4,114.7,105.6,106.2,90.4
54103,118.0,108.1,95.5,86.3,66.3,35.3,34.3,34.5,33.6,27.0
54105,66.2,50.5,38.1,34.4,33.3,13.7,15.8,16.9,16.5,16.8
54107,152.3,132.7,109.4,93.1,76.4,79.0,65.8,62.5,57.6,51.8
54109,218.2,192.8,143.6,112.1,88.9,41.5,39.9,40.5,39.3,39.9
55001,49.6,45.7,43.6,37.4,29.5,8.5,4.7,7.2,6.4,3.2
55003,98.8,101.5,86.7,73.8,71.8,57.2,59.1,55.5,45.3,40.7
55005,79.9,75.5,76.8,70.3,54.8,43.1,41.1,40.5,38.5,37.5
55007,10.3,10.4,9.5,5.1,-9.0,4.4,3.8,5.6,5.9,5.9
55009,73.6,69.8,65.2,55.7,49.0,51.5,47.3,51.2,48.0,45.5
55011,7.2,2.2,0.4,0.4,0.0,3.6,3.6,3.2,2.5,1.5
55013,58.7,63.8,63.0,62.7,58.8,25.5,25.2,24.0,22.2,23.0
55015,21.8,20.6,19.7,18.3,16.8,13.2,9.4,9.6,9.1,4.9
55017,63.2,64.6,64.3,52.7,43.8,17.6,15.7,16.1,15.9,15.3
55019,35.1,36.6,32.1,27.1,25.3,21.0,16.1,13.8,12.4,11.2
55021,103.5,98.2,93.2,80.7,69.4,35.4,35.3,31.9,27.0,25.1
55023,79.7,72.9,71.4,64.0,58.9,31.9,30.2,32.2,30.8,29.3
55025,62.4,58.8,53.1,43.6,37.9,47.2,42.1,40.5,37.8,35.4
55027,46.3,45.1,41.6,37.1,33.7,29.8,29.1,28.6,22.1,22.8
55029,59.8,70.8,65.4,57.9,52.7,30.0,27.1,25.5,20.2,22.6
55031,84.4,73.0,61.9,49.1,42.0,17.4,15.5,16.7,14.6,14.5
55033,53.0,43.1,38.4,33.4,29.2,19.9,17.3,16.2,14.0,14.7
55035,72.2,63.6,57.7,48.4,43.4,60.8,57.3,56.8,53.3,52.6
55037,-9.0,-9.0,-9.0,-9.0,-9.0,18.1,8.7,12.6,6.8,19.2
55039,57.4,55.5,51.5,44.2,43.0,31.3,28.9,28.1,26.2,22.7
55041,53.9,50.4,45.8,40.9,38.5,5.6,6.3,4.7,8.0,20.0
55043,53.7,51.5,46.7,42.6,37.5,27.7,26.7,30.7,24.0,21.5
55045,64.3,60.0,54.1,46.3,43.1,40.9,41.0,42.0,37.0,34.5
55047,74.1,67.3,61.9,53.5,46.6,28.2,21.5,21.8,20.3,16.0
55049,51.0,50.0,46.5,39.8,35.4,25.6,26.2,25.4,23.6,28.9
55051,75.1,72.4,64.8,65.4,70.1,29.9,27.5,24.6,21.4,13.1
55053,30.0,26.8,25.3,23.1,17.3,14.6,12.7,23.3,22.6,18.9
55055,73.2,68.4,63.6,54.5,47.8,17.5,15.4,18.2,24.7,23.2
55057,117.3,123.9,118.9,102.4,82.3,34.6,36.7,36.4,26.6,24.1
55059,75.8,71.3,64.0,53.2,47.3,31.5,30.2,31.2,28.7,25.4
55061,27.3,24.8,23.8,15.3,14.7,13.9,12.3,10.6,9.6,5.7
55063,71.1,64.8,63.0,57.6,50.2,55.2,52.4,52.1,47.2,47.1
55065,14.9,14.1,14.2,12.9,4.8,21.2,20.4,20.1,20.7,17.4
55067,111.6,106.4,94.4,83.2,72.0,43.0,39.8,35.8,29.4,29.8
55069,82.1,78.4,75.4,63.4,56.8,26.8,26.3,25.3,22.7,22.9
55071,74.8,69.4,59.5,48.9,46.9,33.1,28.5,25.0,23.1,20.6
55073,56.3,53.0,49.9,42.5,39.2,49.6,45.7,43.5,37.7,35.1
55075,89.2,82.1,76.3,64.4,60.3,42.2,38.6,36.1,32.6,29.5
55077,38.4,36.4,33.2,26.4,22.8,4.4,2.6,1.6,3.3,2.0
55078,-9.0,-9.0,-9.0,-9.0,-9.0,10.7,10.3,9.9,10.3,11.5
55079,89.7,84.7,76.8,63.8,53.4,68.5,63.3,59.2,53.7,48.2
55081,74.2,67.6,65.4,58.3,51.3,34.5,32.3,27.7,23.0,18.3
55083,43.5,39.6,36.5,31.0,25.1,15.6,18.9,15.8,12.3,10.8
55085,102.4,93.2,84.2,69.6,61.9,49.9,47.6,53.6,45.6,44.8
55087,66.7,61.6,57.6,49.9,45.6,43.1,39.9,40.4,36.6,35.7
55089,66.5,63.7,61.2,55.5,46.5,50.9,44.7,41.3,35.3,32.9
55091,72.0,63.5,57.6,49.4,46.8,25.6,25.8,21.3,20.2,19.3
55093,37.4,36.5,38.7,31.2,24.5,14.4,11.8,15.3,17.4,15.7
55095,79.5,72.1,63.2,53.3,49.5,47.2,43.4,34.4,30.9,28.9
55097,65.8,59.6,55.2,47.1,40.5,30.7,22.1,23.8,21.1,20.4
55099,62.1,56.0,50.1,51.2,47.4,29.7,27.8,22.9,20.2,18.8
55101,89.1,84.7,78.4,65.1,54.9,40.0,35.2,32.0,27.9,25.7
55103,19.8,17.5,36.9,38.6,34.7,17.3,17.0,13.9,16.5,23.5
55105,89.5,84.5,78.2,64.2,55.9,44.0,42.2,41.5,37.8,34.3
55107,40.4,34.4,31.3,28.0,23.2,16.8,13.9,11.9,10.8,11.3
55109,47.5,40.7,33.4,31.5,28.4,15.9,15.2,19.0,18.9,21.2
55111,75.7,73.8,66.8,57.1,49.4,38.3,36.8,36.3,33.7,33.5
55113,101.5,101.1,89.4,77.7,72.9,40.1,32.7,26.6,25.5,25.0
55115,54.1,48.0,42.0,35.6,34.2,16.2,12.2,11.8,10.0,9.5
55117,77.6,73.5,67.0,54.5,43.9,56.0,53.8,59.0,57.0,52.5
55119,33.5,31.5,29.2,22.1,14.4,11.3,13.3,14.6,11.8,11.9
55121,25.6,23.5,17.5,14.0,10.2,6.2,5.8,6.3,6.3,7.3
55123,51.0,46.7,42.2,37.2,34.2,26.5,23.9,23.2,20.8,19.7
55125,70.2,62.4,61.9,52.4,42.3,28.3,29.2,25.5,17.7,15.1
55127,72.4,67.4,63.0,52.0,45.4,20.4,18.5,17.1,16.7,16.6
55129,65.4,29.5,29.1,26.9,22.5,53.3,49.3,39.7,39.8,42.5
55131,76.1,71.2,65.7,55.1,48.2,26.7,25.0,22.3,23.6,22.3
55133,76.9,73.6,68.3,58.3,51.1,41.2,41.1,42.2,38.7,36.1
55135,94.8,89.0,84.7,72.7,63.4,34.8,32.4,29.7,29.2,26.2
55137,26.6,25.3,26.5,24.9,25.4,14.6,15.8,14.5,11.3,10.1
55139,64.2,59.3,54.9,48.2,44.6,45.2,41.1,40.3,38.8,34.4
55141,83.5,75.4,72.0,60.1,52.5,50.9,46.4,43.6,42.1,41.3
56001,55.8,51.7,46.7,42.9,37.5,26.3,26.3,23.3,20.3,22.9
56003,62.1,58.6,56.0,49.6,46.8,28.2,32.3,31.1,26.8,25.2
56005,82.2,75.1,70.8,66.1,56.0,40.7,37.3,39.2,37.5,37.5
56007,76.8,80.7,72.5,60.0,50.2,70.3,59.8,22.3,19.8,22.6
56009,64.5,60.2,65.5,64.7,58.0,29.1,27.3,30.1,36.2,47.1
56011,0.6,0.6,0.3,0.4,-9.0,6.4,5.7,5.6,7.4,5.3
56013,95.1,93.1,83.6,76.1,59.2,48.2,41.3,34.5,36.0,36.0
56015,42.3,38.8,31.9,29.8,29.5,7.6,15.9,16.1,15.3,17.4
56017,98.3,102.6,98.1,87.8,97.1,105.8,94.6,97.1,91.5,92.1
56019,68.0,67.6,65.8,60.6,55.2,34.9,30.2,27.2,21.5,19.7
56021,84.3,77.9,71.6,63.7,56.0,53.7,51.1,49.2,46.1,42.4
56023,80.1,80.8,77.6,64.3,58.5,39.8,41.9,45.3,42.5,38.2
56025,89.3,81.9,82.6,72.5,64.6,74.6,68.8,62.5,58.9,58.8
56027,2.4,1.5,3.0,1.5,0.0,2.3,5.4,9.7,11.9,13.9
56029,106.0,97.9,85.3,73.1,72.8,59.5,55.0,51.8,55.2,50.2
56031,58.5,55.3,54.5,51.3,51.6,17.6,16.7,25.3,25.7,25.0
56033,60.8,55.3,51.8,44.0,37.2,33.6,33.4,34.9,34.1,32.9
56035,63.7,56.6,58.6,54.0,55.8,54.4,32.8,23.9,19.6,17.4
56037,93.5,86.4,87.7,86.8,79.2,70.2,70.9,84.3,74.4,73.8
56039,81.2,76.5,62.7,58.7,42.6,54.7,50.9,49.2,46.5,43.5
56041,112.4,104.7,105.4,99.8,95.9,59.7,59.4,51.5,61.5,58.1
56043,109.7,95.3,81.3,81.9,75.0,46.7,40.8,79.0,97.8,103.1
56045,68.3,58.3,46.7,39.4,35.2,4.7,6.6,11.6,9.2,6.7
