FIPS,2010 Unemployment,2011 Unemployment,2012 Unemployment,2013 Unemployment,2014 Unemployment,2015 Unemployment,2016 Unemployment,2017 Unemployment,2018 Unemployment,2019 Unemployment,2020 Unemployment,2021 Unemployment,2022 Unemployment
01001,8.8,8.3,7.1,6.3,5.8,5.2,5.1,4.0,3.6,2.9,5.3,2.8,2.2
01003,9.9,9.0,7.7,6.7,6.1,5.6,5.4,4.2,3.6,2.9,6.1,2.9,2.3
01005,12.1,11.4,11.8,10.4,10.5,8.9,8.4,6.0,5.1,4.0,7.7,5.5,4.0
01007,11.2,10.4,8.8,8.0,7.2,6.7,6.5,4.5,4.0,3.2,7.2,3.4,2.4
01009,9.7,8.6,7.1,6.4,6.1,5.4,5.4,4.1,3.5,2.8,4.5,2.4,2.2
01011,11.7,11.5,10.6,9.5,8.8,8.0,6.9,5.0,4.7,3.9,5.9,3.9,2.8
01013,13.4,12.4,11.8,10.4,8.5,7.6,6.9,5.6,4.7,3.9,9.5,5.1,3.3
01015,11.2,10.3,9.1,8.9,7.9,7.1,6.6,5.1,4.6,3.7,7.7,4.0,3.0
01017,14.6,11.8,10.1,8.1,6.7,6.1,5.5,4.2,3.9,3.1,7.4,3.6,2.5
01019,10.5,9.6,8.2,6.7,5.8,5.5,5.1,4.2,3.6,3.0,5.1,2.5,2.3
01021,10.1,9.1,7.4,6.7,6.2,5.7,5.5,4.2,3.6,2.9,5.4,2.8,2.2
01023,13.0,13.0,10.5,9.4,9.0,9.2,8.5,6.5,5.5,4.9,7.3,4.3,3.7
01025,19.5,18.6,15.4,14.0,12.1,11.8,10.9,8.7,7.4,6.1,9.7,5.8,4.9
01027,14.2,11.7,9.6,8.5,7.1,6.2,6.0,4.4,3.8,3.1,4.4,2.7,2.2
01029,9.8,9.6,8.4,7.8,6.6,6.1,6.0,4.6,4.2,3.3,5.0,2.6,2.3
01031,8.5,8.1,7.2,7.0,6.6,6.0,5.9,4.5,3.9,3.1,4.8,2.8,2.5
01033,11.3,10.1,9.0,8.3,8.3,8.0,7.0,5.3,4.6,4.0,7.2,3.9,3.0
01035,16.9,15.0,12.2,10.9,10.3,9.3,8.4,6.3,5.2,4.2,7.9,4.7,3.4
01037,15.1,12.3,9.6,9.3,8.8,6.7,6.0,4.8,4.1,3.1,6.0,3.0,2.5
01039,10.2,9.8,8.6,8.2,7.7,7.2,6.8,5.3,4.6,3.6,5.4,3.0,2.6
01041,10.0,9.8,8.5,7.8,6.9,6.0,5.9,4.6,4.0,3.0,6.2,3.3,2.7
01043,10.3,9.5,7.9,6.8,6.0,5.3,5.0,3.8,3.3,2.7,4.7,2.3,2.0
01045,8.7,8.3,7.6,7.5,7.0,6.4,5.8,4.6,4.2,3.3,5.3,3.1,2.5
01047,16.6,15.0,13.2,12.4,11.2,9.6,9.2,7.7,6.5,5.8,11.6,7.1,4.9
01049,12.4,11.7,9.3,7.7,6.8,6.1,6.1,4.6,3.8,3.0,4.9,2.5,2.3
01051,9.0,8.4,7.1,6.2,5.7,5.1,4.8,3.8,3.4,2.8,5.2,2.7,2.1
01053,11.6,10.7,9.4,8.7,8.0,7.1,6.7,5.1,4.5,3.7,6.7,4.0,3.0
01055,10.8,10.0,8.5,7.7,7.0,6.2,5.9,4.7,4.1,3.6,8.3,4.0,3.0
01057,12.8,11.0,8.8,8.4,7.8,7.1,6.8,4.8,4.1,3.3,5.5,3.0,2.7
01059,10.5,9.5,8.6,8.2,7.7,6.5,5.9,4.4,3.7,2.9,4.9,2.5,2.3
01061,10.2,9.2,7.8,7.1,6.7,6.0,5.8,4.4,3.9,3.1,4.5,2.8,2.3
01063,17.0,17.1,13.9,13.0,12.4,11.1,10.0,7.7,6.6,5.9,11.6,6.5,4.2
01065,14.8,13.7,11.7,11.8,9.8,7.8,7.7,6.1,5.1,4.2,10.2,5.5,3.8
01067,10.8,9.7,8.5,7.8,7.5,6.8,6.5,5.0,4.4,3.8,5.3,3.1,2.7
01069,9.0,8.6,7.8,7.0,6.7,6.3,5.8,4.5,4.0,3.2,5.9,3.3,2.5
01071,11.6,10.2,8.8,8.0,7.2,6.7,6.3,4.9,4.1,3.5,5.8,2.8,2.4
01073,10.2,9.2,7.6,6.8,6.3,5.8,5.7,4.4,3.7,3.0,6.7,3.5,2.5
01075,13.0,9.6,7.7,7.1,6.9,6.4,5.7,4.3,3.8,3.3,5.3,3.0,2.6
01077,10.0,9.1,7.9,7.2,7.2,7.0,6.4,4.7,4.2,3.5,6.1,3.1,2.6
01079,12.4,10.8,9.2,8.5,8.2,7.8,6.9,5.0,4.1,3.3,5.4,2.9,2.3
01081,8.9,8.0,7.0,6.0,5.6,5.3,5.2,4.1,3.6,2.9,5.7,2.8,2.3
01083,9.5,8.6,7.0,6.3,6.1,5.5,5.3,4.1,3.5,2.8,4.6,2.4,2.0
01085,18.1,17.5,15.8,14.3,12.8,11.6,10.6,8.4,7.3,6.1,14.3,8.7,5.1
01087,14.5,13.9,11.0,9.8,9.1,8.1,7.6,5.9,5.4,4.5,10.3,5.8,3.7
01089,8.2,8.2,7.1,6.4,6.1,5.5,5.1,4.0,3.5,2.7,5.1,2.6,2.1
01091,13.5,12.4,10.4,9.0,7.9,7.7,7.2,5.7,4.9,3.7,6.8,4.2,3.3
01093,13.3,11.1,9.1,8.0,7.9,7.0,6.6,4.9,4.1,3.7,5.5,2.8,2.4
01095,9.5,9.4,8.0,6.9,6.6,5.8,5.3,3.9,3.4,2.6,4.6,2.4,2.0
01097,11.1,10.7,9.4,8.7,7.7,6.9,6.6,5.3,4.7,3.9,8.5,4.6,3.2
01099,17.8,15.5,12.8,12.0,11.0,10.1,9.1,6.9,6.1,5.1,8.8,5.5,4.0
01101,9.9,9.7,8.3,7.4,6.8,6.1,5.7,4.4,4.0,3.3,8.4,4.7,3.0
01103,10.6,9.4,8.0,7.0,6.6,5.9,5.5,4.2,3.5,2.7,4.9,2.6,2.0
01105,16.5,16.3,13.6,13.7,12.0,10.0,10.3,8.0,6.5,5.5,11.8,7.9,5.1
01107,12.9,11.9,10.4,9.5,8.1,6.8,6.9,5.5,4.6,3.7,7.2,4.0,3.2
01109,9.4,8.9,8.2,7.8,7.3,6.6,6.5,5.0,4.5,3.5,5.4,3.2,2.7
01111,13.1,11.3,9.4,7.9,6.7,5.9,5.6,4.5,4.0,3.2,5.2,2.7,2.4
01113,10.7,10.2,9.0,7.4,6.5,6.0,5.6,4.4,4.0,3.1,5.7,3.0,2.6
01115,10.0,8.7,7.0,6.2,5.7,5.2,5.2,4.1,3.5,2.9,5.3,2.6,2.1
01117,7.0,6.2,5.2,4.7,4.5,4.2,4.3,3.3,2.8,2.3,4.2,2.1,1.8
01119,13.1,13.0,10.7,9.2,8.4,8.0,7.7,6.7,5.8,4.8,7.6,4.4,3.4
01121,13.2,11.5,9.6,8.7,7.7,6.6,6.6,5.1,4.3,3.6,7.7,4.0,3.0
01123,12.9,11.3,8.8,8.2,7.5,6.1,5.6,4.3,4.1,3.2,7.5,3.9,2.8
01125,9.1,8.3,7.2,6.5,5.9,5.5,5.7,4.3,3.6,2.9,7.2,3.5,2.5
01127,12.5,11.2,9.4,8.6,7.9,7.3,7.5,5.2,4.2,3.5,6.4,3.5,2.7
01129,13.9,14.4,12.2,11.0,9.5,9.0,8.6,6.9,5.8,4.9,8.7,4.6,3.6
01131,25.8,22.9,20.4,19.5,16.8,14.7,14.5,11.7,9.5,7.5,15.9,10.5,7.6
01133,15.7,13.4,10.2,9.5,8.6,7.6,7.1,5.1,4.2,3.5,5.1,2.7,2.4
02013,5.8,6.3,6.9,6.1,4.4,3.1,2.5,2.3,2.8,2.4,4.1,2.5,2.0
02016,5.2,6.0,7.0,6.9,4.7,3.7,3.2,3.4,3.2,3.2,4.7,3.8,3.2
02020,6.8,6.1,5.4,5.2,5.1,4.9,5.3,5.4,5.0,4.6,7.9,5.9,3.5
02050,15.1,15.3,15.6,16.2,15.8,13.9,13.7,12.7,11.9,11.9,12.3,13.0,9.3
02060,10.1,9.1,10.0,9.0,7.9,8.9,6.8,5.9,5.6,5.6,7.9,5.6,4.3
02063,,,,,,,,,,,8.7,2.5,3.0
02066,,,,,,,,,,,10.8,3.3,9.6
02068,12.3,14.0,13.9,12.6,10.2,8.4,8.7,8.5,7.3,7.7,17.5,10.4,6.6
02070,10.5,10.8,10.0,10.2,9.9,9.3,9.3,8.4,7.5,7.3,8.9,8.3,5.9
02090,6.9,6.6,6.2,5.9,5.7,5.3,5.6,5.7,5.3,4.9,6.7,5.1,3.8
02100,11.0,10.2,10.1,10.1,10.6,9.5,9.8,8.3,8.9,8.3,16.4,11.1,6.9
02105,14.5,15.4,14.6,14.7,14.9,14.7,11.3,11.5,11.7,10.4,14.1,9.2,5.8
02110,6.1,5.7,5.2,5.1,5.0,4.6,4.3,4.3,4.0,4.1,7.0,4.8,2.9
02122,10.3,9.7,8.8,8.1,7.7,7.6,8.2,7.7,7.1,6.3,9.6,7.3,4.7
02130,9.1,8.8,8.3,7.9,7.7,6.7,6.2,5.8,5.5,5.7,10.3,7.3,3.9
02150,7.6,7.6,6.8,6.2,5.6,4.7,4.9,4.7,5.4,5.1,6.7,6.6,4.5
02158,21.0,21.5,22.4,23.7,23.5,22.5,20.8,18.6,18.4,18.2,20.8,19.4,13.5
02164,14.9,15.4,15.4,15.6,16.1,12.1,11.9,11.0,10.2,9.3,11.6,8.7,5.9
02170,9.8,9.4,8.8,8.4,7.9,7.4,7.9,7.7,6.9,6.3,8.8,6.8,4.8
02180,13.0,12.6,11.8,12.4,12.1,11.5,12.2,11.4,10.6,10.2,11.1,9.7,7.2
02185,8.3,7.8,7.9,7.4,5.9,5.5,6.5,6.9,6.3,5.9,6.2,6.5,5.3
02188,13.9,15.8,15.9,16.5,16.8,15.5,15.4,15.2,12.8,13.1,12.8,11.4,9.6
02195,8.2,8.5,8.2,8.7,9.3,8.7,8.6,8.6,8.0,8.1,9.2,7.0,6.1
02198,10.9,12.6,13.4,12.3,13.2,12.2,11.7,10.4,9.9,9.3,9.8,8.1,5.7
02201,,,,,,,,,,,,,
02220,6.5,6.2,5.7,5.5,5.0,4.4,4.4,4.2,3.8,3.8,7.3,4.6,2.9
02230,15.0,16.5,14.2,12.4,11.7,11.1,10.7,9.7,8.9,9.2,21.7,13.5,6.8
02232,,,,,,,,,,,,,
02240,12.3,12.7,13.0,13.2,13.0,10.3,10.3,9.6,8.9,8.2,7.8,6.6,5.4
02261,9.7,10.1,9.8,10.0,9.5,8.4,8.2,7.2,6.8,7.0,,,
02275,8.4,7.7,8.3,8.1,8.2,7.6,7.2,7.2,6.4,7.0,9.3,7.5,5.4
02280,,,,,,,,,,,,,
02282,11.1,11.0,9.8,9.5,9.9,8.5,8.2,8.6,7.7,6.8,8.6,7.1,5.1
02290,17.8,18.8,17.6,18.4,18.7,17.8,17.2,16.6,13.7,13.1,12.7,12.2,8.3
04001,16.3,18.3,19.0,18.5,15.7,13.3,11.6,10.4,9.9,9.9,12.7,9.2,7.8
04003,9.3,9.5,9.0,9.3,8.4,7.3,6.3,5.6,5.6,5.7,6.9,5.1,4.4
04005,9.8,9.5,8.6,8.2,7.1,6.5,6.1,5.6,5.5,5.7,9.6,6.2,4.3
04007,12.4,11.5,10.2,9.7,8.3,7.9,7.3,6.1,5.8,5.6,7.6,5.2,4.1
04009,12.8,9.9,8.5,7.8,7.4,7.4,6.8,5.5,5.1,4.9,6.2,4.3,3.5
04011,16.3,11.0,8.2,5.9,6.5,7.9,7.7,5.1,4.1,4.0,5.3,4.2,2.9
04012,10.2,9.8,8.6,8.2,7.6,7.5,6.1,5.5,6.2,5.9,7.0,5.3,4.7
04013,9.5,8.5,7.3,6.6,5.8,5.1,4.7,4.3,4.1,4.1,7.3,4.6,3.3
04015,12.9,12.2,11.0,10.4,8.7,8.0,6.7,6.0,5.7,5.8,9.9,5.7,4.5
04017,14.6,14.7,14.1,13.6,11.1,9.7,8.4,7.7,7.7,7.5,10.0,6.6,5.2
04019,9.3,8.4,7.4,6.8,6.0,5.5,5.0,4.6,4.4,4.5,7.6,5.1,3.8
04021,10.6,9.7,8.5,8.1,7.0,6.3,5.6,5.1,5.0,5.0,7.4,4.9,3.8
04023,15.2,15.4,15.5,15.5,13.0,11.5,10.2,9.6,9.2,8.6,11.3,8.8,7.5
04025,10.6,9.8,8.6,7.8,6.4,5.6,5.0,4.6,4.4,4.5,7.4,4.3,3.4
04027,25.0,24.1,23.9,25.6,22.9,21.8,19.1,17.2,16.9,16.6,17.1,13.1,12.5
05001,17.9,11.6,8.4,7.1,5.2,4.1,3.4,3.3,3.3,2.9,4.1,3.4,3.2
05003,9.6,10.5,11.5,10.4,8.9,7.5,6.1,5.6,5.3,5.3,9.5,7.3,5.4
05005,9.1,8.9,8.1,7.8,6.5,5.4,4.3,4.3,4.1,3.9,6.1,3.8,3.5
05007,6.4,6.2,5.8,5.5,4.5,3.7,2.9,3.0,2.9,2.6,4.5,2.8,2.3
05009,7.5,7.6,7.3,6.8,5.8,4.8,3.7,3.5,3.5,3.1,5.4,3.0,2.8
05011,10.1,11.5,10.4,9.3,7.8,5.7,5.0,4.6,4.3,4.1,6.0,4.8,4.8
05013,8.4,9.1,8.6,7.9,6.4,5.3,4.6,3.9,3.8,4.3,5.3,3.4,3.0
05015,7.1,6.9,6.1,5.8,5.1,4.5,3.6,3.4,3.2,3.1,5.8,3.5,2.9
05017,11.9,12.6,10.9,11.3,10.2,9.0,6.6,6.6,6.7,6.8,10.7,8.5,6.0
05019,8.1,9.8,9.5,8.6,6.7,5.4,4.3,3.9,3.7,3.8,6.1,4.8,4.4
05021,10.6,11.6,10.6,9.5,7.7,6.5,5.7,4.6,4.3,4.8,6.2,4.0,3.9
05023,8.3,8.8,8.2,8.3,8.1,6.8,5.9,5.0,4.5,4.5,7.7,4.7,4.1
05025,8.1,8.2,7.1,7.4,6.7,5.5,4.5,4.4,3.8,3.9,6.2,4.1,3.7
05027,9.6,9.6,8.7,8.6,7.0,6.4,5.7,5.1,4.7,4.4,7.0,5.4,4.3
05029,9.3,9.4,8.8,9.0,7.0,6.0,5.7,4.8,4.3,4.3,6.2,4.2,3.6
05031,7.1,7.0,6.6,6.4,5.3,4.4,3.3,3.0,3.0,2.8,5.4,3.3,2.7
05033,7.9,8.4,7.7,7.5,5.9,5.1,3.9,3.5,3.5,3.3,5.5,3.6,3.1
05035,10.1,10.4,9.2,8.2,7.2,6.1,4.5,4.4,4.3,4.2,8.5,5.5,3.9
05037,8.0,8.0,7.6,7.4,6.2,5.3,4.4,4.0,4.1,4.2,6.2,4.4,3.6
05039,11.5,11.5,10.7,10.2,8.8,6.9,4.9,4.4,4.2,4.6,5.5,4.2,3.9
05041,10.7,10.6,9.5,9.4,7.9,7.2,5.5,4.8,4.5,4.4,7.2,6.0,5.2
05043,10.4,10.9,10.1,9.4,8.1,6.7,5.7,5.1,4.8,5.1,7.1,5.1,4.3
05045,6.9,6.8,6.3,6.3,5.4,4.6,3.8,3.4,3.2,3.0,5.6,3.5,2.8
05047,7.4,7.3,6.8,6.7,5.5,4.9,4.1,3.5,3.5,3.3,5.7,3.8,3.2
05049,7.5,7.4,6.9,6.7,5.7,5.1,4.3,4.2,4.0,3.9,5.2,3.7,3.3
05051,8.1,8.3,7.6,7.4,6.2,5.4,4.3,4.1,4.0,3.7,8.1,4.9,3.7
05053,6.8,7.0,6.5,6.4,5.3,4.5,3.6,3.2,3.1,3.1,5.3,3.2,3.0
05055,9.4,9.3,8.3,7.7,6.2,5.1,4.3,3.7,3.4,3.4,6.1,3.5,3.2
05057,8.9,8.4,7.0,7.1,5.8,4.8,3.8,3.5,3.5,3.8,5.3,3.6,3.2
05059,8.3,7.9,6.9,7.1,5.6,5.0,3.9,3.7,3.7,3.6,5.9,3.9,3.4
05061,7.4,7.1,6.4,6.2,5.7,4.2,3.3,3.0,3.4,3.2,5.1,3.3,3.2
05063,8.5,8.9,8.8,8.8,7.6,6.4,5.0,4.3,4.0,3.9,5.9,3.9,3.3
05065,9.7,9.5,8.4,8.4,7.4,6.5,5.6,5.6,5.4,5.4,8.6,5.5,5.0
05067,11.4,11.1,10.4,10.6,9.0,7.4,6.2,5.9,6.0,6.4,7.4,5.4,4.8
05069,10.1,10.7,9.6,10.1,8.6,7.0,5.6,5.2,5.2,5.4,8.2,6.5,5.0
05071,7.9,7.5,7.1,7.4,6.4,5.7,4.8,4.3,4.5,4.5,6.4,4.8,4.0
05073,9.4,9.1,9.0,9.3,7.5,7.4,5.8,5.0,5.1,4.6,7.8,5.8,4.6
05075,9.2,9.4,8.7,8.6,7.1,5.9,4.3,3.8,3.9,4.1,6.3,4.3,3.5
05077,8.2,9.1,9.1,9.1,7.4,6.6,4.7,4.9,4.8,4.4,7.8,5.7,4.4
05079,9.1,8.9,8.4,8.1,6.9,6.1,4.8,4.2,4.2,4.3,6.0,4.7,4.3
05081,7.5,7.5,7.0,7.4,6.4,5.4,4.7,4.9,5.2,4.2,6.7,4.6,3.8
05083,8.2,8.4,7.7,7.6,5.8,5.7,4.6,3.9,4.0,4.3,6.8,4.3,3.7
05085,6.5,6.6,6.1,5.9,5.0,4.1,3.3,3.3,3.1,3.2,5.6,3.4,2.7
05087,6.8,6.4,5.6,5.7,4.7,3.8,3.2,2.9,2.9,2.5,4.0,3.1,2.4
05089,9.8,9.0,7.9,7.5,6.1,5.1,4.0,4.0,4.1,4.0,6.6,4.4,3.6
05091,5.6,6.1,5.7,6.3,5.7,4.9,4.2,4.4,4.8,4.0,7.0,4.9,3.8
05093,11.9,11.5,10.5,11.1,9.0,8.9,6.8,6.0,5.6,5.0,9.2,7.1,5.1
05095,8.9,9.1,8.6,8.5,6.6,6.0,4.8,4.3,4.2,4.2,6.8,5.4,4.3
05097,8.4,8.8,8.1,8.2,7.7,6.6,5.1,4.8,4.7,4.6,7.1,4.9,4.6
05099,9.6,9.0,7.4,7.5,5.9,4.9,3.7,3.6,3.4,3.9,6.0,4.2,3.8
05101,6.7,7.1,7.1,6.8,5.7,4.8,3.9,3.6,3.4,3.5,5.2,3.1,2.9
05103,9.1,10.0,10.0,9.4,7.7,6.2,5.0,4.6,4.6,5.1,6.2,4.0,3.8
05105,8.6,8.9,8.7,9.1,7.5,6.0,4.8,4.2,4.1,4.0,5.7,4.1,3.5
05107,10.2,11.6,11.1,11.1,9.4,7.5,5.9,5.8,6.0,5.9,9.3,7.7,6.2
05109,8.7,9.4,8.6,8.5,7.1,5.8,4.3,4.0,4.0,3.8,6.1,4.5,3.6
05111,9.0,9.1,8.3,8.2,6.8,5.5,4.3,4.2,3.8,3.4,5.7,3.9,3.3
05113,7.2,7.6,7.1,7.0,6.1,5.7,4.9,4.5,4.1,4.1,6.8,4.5,3.6
05115,7.5,7.4,7.0,7.1,6.1,5.2,4.6,4.5,4.4,4.2,6.0,4.1,3.8
05117,8.9,8.3,7.3,6.9,5.6,4.6,3.8,4.1,3.8,4.2,5.5,3.7,2.9
05119,7.0,7.1,6.6,6.4,5.4,4.5,3.6,3.4,3.4,3.4,7.6,4.9,3.4
05121,9.9,10.8,10.4,9.3,7.7,7.0,4.6,4.2,4.0,3.8,6.1,4.0,3.3
05123,10.3,10.6,10.4,10.2,8.5,7.1,5.2,5.1,5.1,5.1,8.1,6.2,4.7
05125,6.4,6.3,5.9,5.6,4.7,4.0,3.1,3.0,3.0,2.8,5.1,3.2,2.7
05127,6.8,6.7,6.4,6.1,4.9,4.7,3.7,3.5,3.6,3.3,4.6,3.4,2.7
05129,8.9,8.7,7.9,7.8,6.2,5.6,4.6,4.7,4.3,4.5,6.5,4.4,4.4
05131,7.7,8.3,7.5,7.3,5.5,4.7,3.7,3.6,3.5,3.2,6.1,3.7,3.0
05133,6.7,8.7,8.3,8.1,6.8,6.0,4.9,4.6,4.5,4.7,5.9,4.5,3.8
05135,9.5,10.3,9.8,9.5,8.3,6.8,5.5,5.0,4.7,4.9,7.3,5.0,4.0
05137,7.3,8.5,7.9,8.2,7.5,6.2,5.1,4.8,4.5,4.7,7.2,5.1,4.1
05139,11.0,10.1,8.9,8.4,7.2,6.0,5.5,5.3,5.5,5.2,8.5,6.1,4.7
05141,10.8,10.6,9.8,9.5,7.9,6.6,6.9,5.5,5.2,4.9,7.3,4.9,4.1
05143,6.3,6.0,5.4,5.2,4.3,3.5,2.8,2.6,2.6,2.4,4.7,2.9,2.2
05145,7.9,8.3,7.5,7.6,6.9,6.1,5.2,4.6,4.3,4.4,6.4,4.1,3.4
05147,10.0,10.5,9.8,9.3,7.4,6.3,5.5,4.9,4.7,5.1,5.9,5.1,3.4
05149,7.8,7.1,6.4,6.4,5.5,5.0,4.5,4.1,4.1,3.9,5.2,4.1,3.7
06001,11.2,10.3,8.8,7.3,5.9,4.8,4.3,3.7,3.1,3.0,8.9,6.1,3.4
06003,13.1,12.9,11.2,9.8,8.3,7.5,6.5,6.2,4.6,5.2,11.7,8.2,5.7
06005,14.4,13.8,12.5,10.4,8.4,6.6,6.0,5.0,4.1,3.9,9.4,7.0,4.5
06007,14.2,13.9,12.3,10.4,8.7,7.2,6.6,5.8,5.1,5.1,9.4,6.9,4.5
06009,14.8,14.3,12.6,10.1,8.1,6.4,5.7,4.8,4.0,3.8,7.8,5.8,3.7
06011,21.3,21.6,21.0,19.1,17.6,15.5,15.6,14.3,13.2,12.9,16.4,12.5,11.8
06013,11.2,10.5,9.1,7.6,6.2,5.1,4.5,3.9,3.2,3.1,9.0,6.4,3.6
06015,13.5,13.5,13.7,12.0,10.2,8.6,7.5,6.5,5.7,5.8,9.7,7.6,5.2
06017,12.5,11.9,10.4,8.6,7.1,5.7,5.2,4.4,3.6,3.6,8.5,5.8,3.4
06019,17.1,16.8,15.4,13.4,11.7,10.3,9.5,8.6,7.6,7.3,11.6,9.1,6.5
06021,15.8,15.8,14.4,12.2,10.8,8.8,8.4,7.5,6.6,6.2,9.0,7.0,5.4
06023,10.8,10.7,9.7,8.2,6.7,5.6,4.9,4.2,3.6,3.6,8.5,6.3,4.1
06025,29.4,29.3,27.7,25.3,24.3,24.6,24.2,19.7,18.8,20.7,22.6,17.5,14.9
06027,10.0,9.9,9.2,7.9,6.9,5.8,5.3,4.4,3.9,3.6,8.0,5.9,3.8
06029,16.0,15.1,13.4,11.9,10.5,10.3,10.4,9.3,8.1,7.8,12.8,9.9,7.1
06031,16.5,16.2,15.1,13.6,12.1,10.6,10.0,9.0,7.9,8.0,11.8,9.7,7.1
06033,15.5,14.8,13.0,11.0,9.0,7.6,6.7,5.8,5.3,5.1,9.8,7.6,5.1
06035,14.4,13.8,12.7,10.7,9.2,7.3,7.0,5.5,4.8,4.7,7.4,6.1,4.6
06037,12.6,12.2,11.0,9.8,8.2,6.7,5.3,4.8,4.6,4.5,12.3,9.0,5.0
06039,17.0,16.4,14.7,12.7,11.3,10.6,9.3,8.2,7.1,7.0,11.1,8.8,6.2
06041,8.1,7.4,6.4,5.2,4.3,3.6,3.3,2.9,2.4,2.3,6.8,4.5,2.7
06043,13.3,13.4,12.4,10.6,8.9,7.2,6.9,5.9,5.3,4.6,11.1,7.9,4.5
06045,11.9,11.6,10.2,8.5,7.1,5.9,5.3,4.6,4.0,4.0,9.1,6.3,4.2
06047,18.4,17.9,16.6,14.7,13.0,11.4,10.6,9.4,8.4,8.2,12.5,10.3,7.8
06049,15.5,16.2,14.6,12.4,10.4,8.6,7.8,8.2,7.6,7.2,8.8,7.2,5.5
06051,10.4,10.2,10.5,8.6,7.1,6.2,5.4,4.5,4.1,3.7,12.1,6.8,3.8
06053,13.0,12.9,11.8,10.4,9.2,8.2,7.7,7.2,6.4,6.3,11.1,8.3,6.1
06055,10.6,10.0,8.6,7.0,5.7,4.6,4.3,3.7,3.0,2.9,8.9,6.1,3.3
06057,12.0,11.3,9.9,8.2,6.6,5.5,4.8,4.1,3.5,3.4,8.1,5.7,3.5
06059,10.0,9.3,8.0,6.7,5.6,4.5,4.1,3.5,3.0,2.8,8.9,6.0,3.2
06061,11.9,11.0,9.5,7.8,6.3,5.1,4.5,3.9,3.2,3.1,7.4,5.1,3.1
06063,18.7,17.9,16.4,14.0,11.7,10.3,9.8,8.9,7.6,7.8,11.0,9.4,6.6
06065,14.2,13.4,11.8,10.0,8.3,6.7,6.1,5.3,4.4,4.2,10.1,7.3,4.2
06067,12.9,12.3,10.7,9.0,7.4,6.0,5.4,4.7,3.9,3.7,9.4,6.9,4.0
06069,15.5,14.8,13.3,11.2,9.4,7.6,6.7,5.8,5.1,5.0,9.9,7.3,5.1
06071,13.9,13.1,11.6,9.9,8.1,6.5,5.8,5.0,4.1,3.9,9.6,7.4,4.2
06073,11.0,10.5,9.3,7.9,6.5,5.2,4.7,4.0,3.4,3.3,9.4,6.5,3.5
06075,9.1,8.2,6.9,5.5,4.4,3.7,3.3,2.9,2.4,2.2,7.9,5.1,2.6
06077,16.9,16.5,14.6,12.5,10.7,8.9,8.2,7.0,6.1,6.0,11.5,8.6,5.3
06079,10.2,9.7,8.4,6.9,5.6,4.8,4.3,3.6,3.0,2.9,7.8,5.3,3.1
06081,8.6,7.7,6.5,5.3,4.3,3.4,3.1,2.7,2.2,2.1,6.9,4.6,2.5
06083,9.9,9.5,8.5,7.3,6.2,5.3,5.1,4.6,4.0,3.6,8.1,5.8,3.7
06085,10.7,9.5,8.0,6.6,5.2,4.2,3.8,3.2,2.6,2.5,7.1,4.8,2.7
06087,13.6,13.3,12.0,10.4,8.9,7.5,7.0,5.7,5.0,4.9,9.7,6.9,4.9
06089,17.2,16.2,14.4,12.0,9.7,7.8,7.0,5.8,5.0,4.8,8.9,6.9,4.7
06091,15.7,15.1,14.6,12.9,10.2,8.8,7.6,6.6,6.0,5.4,8.3,6.1,4.2
06093,17.2,17.3,15.9,13.3,11.2,9.4,8.5,7.3,6.8,6.5,10.0,8.1,5.8
06095,12.8,12.4,10.9,9.2,7.6,6.2,5.5,4.8,3.9,3.8,9.7,7.4,4.3
06097,11.1,10.4,9.0,7.2,5.7,4.5,4.0,3.4,2.8,2.7,8.0,5.5,3.2
06099,17.3,16.8,15.1,13.1,11.3,9.6,8.6,7.5,6.5,6.1,11.0,8.3,5.5
06101,18.8,18.5,17.1,14.8,12.8,10.8,9.7,8.8,7.6,7.4,11.4,8.9,6.7
06103,15.8,15.2,14.0,11.8,9.7,8.0,7.1,6.4,5.7,5.7,9.1,7.2,4.9
06105,17.4,17.0,14.9,12.1,9.6,7.8,7.1,6.2,5.7,5.5,8.2,6.4,4.7
06107,17.6,17.4,16.4,14.5,13.3,11.7,11.2,10.5,9.8,9.8,13.4,10.6,8.3
06109,15.6,14.7,13.2,10.9,8.8,7.1,6.2,5.4,4.7,4.6,10.6,7.3,4.5
06111,11.1,10.4,9.2,8.0,6.7,5.7,5.2,4.5,3.8,3.6,8.7,6.2,3.7
06113,12.4,12.0,10.8,9.1,7.6,6.5,5.9,5.1,4.3,4.2,7.8,5.9,4.1
06115,18.2,17.3,15.6,13.3,11.3,9.3,8.6,7.5,6.4,6.2,10.6,8.4,5.6
08001,10.5,10.3,9.5,8.0,5.7,4.2,3.4,2.8,3.2,2.8,7.5,6.2,3.4
08003,9.5,10.1,10.6,9.6,7.2,5.0,3.9,3.2,3.8,3.4,5.9,6.0,3.7
08005,9.0,8.6,7.8,6.5,4.9,3.6,3.0,2.6,3.0,2.6,7.3,5.8,3.1
08007,11.1,10.4,10.2,8.6,6.0,3.9,3.1,2.8,3.2,3.0,7.0,5.3,3.2
08009,5.2,5.0,4.6,4.1,2.8,2.0,1.6,1.5,1.7,1.6,2.2,2.3,1.8
08011,8.6,8.6,8.5,7.6,5.3,3.8,2.9,2.6,3.0,2.7,4.0,6.6,3.6
08013,7.4,6.7,6.3,5.4,4.1,3.1,2.6,2.2,2.6,2.3,5.7,4.4,2.6
08014,7.8,7.3,6.7,5.7,4.2,3.2,2.8,2.4,2.7,2.4,6.1,4.6,2.6
08015,8.1,7.5,6.9,6.0,4.3,3.3,2.5,2.2,2.5,2.3,5.9,4.4,2.8
08017,4.4,4.4,4.6,4.1,2.9,2.6,2.1,1.6,1.7,1.5,2.2,2.5,1.9
08019,8.4,7.6,7.1,6.2,4.6,3.5,3.0,2.4,2.8,2.4,8.1,5.6,3.0
08021,10.0,10.9,10.8,10.5,7.8,5.5,4.6,3.9,4.0,3.5,5.2,5.1,3.3
08023,11.1,12.1,11.6,11.0,9.0,6.2,4.6,3.3,4.1,3.8,6.7,6.4,4.2
08025,9.7,9.2,8.2,7.0,5.9,4.3,3.4,2.9,4.1,4.1,5.1,5.6,3.8
08027,7.0,6.6,6.5,6.3,4.6,3.4,3.0,2.8,3.4,2.9,4.7,4.3,3.0
08029,11.2,10.8,9.8,8.8,7.0,5.5,4.7,3.6,3.7,3.2,6.1,5.7,3.6
08031,9.5,8.9,7.9,6.5,4.8,3.6,3.0,2.5,2.9,2.6,7.6,5.9,3.1
08033,18.5,13.3,10.3,8.2,3.9,3.0,3.7,2.7,2.7,2.9,6.4,5.0,3.0
08035,7.3,6.7,6.1,5.2,4.0,3.0,2.5,2.2,2.6,2.3,5.3,4.2,2.5
08037,8.9,8.1,7.3,5.9,4.2,3.0,2.6,2.2,2.5,2.2,8.9,4.8,2.6
08039,8.5,7.8,7.2,5.8,4.3,3.0,2.5,2.2,2.6,2.1,4.3,3.9,2.5
08041,9.8,9.4,9.0,7.8,6.0,4.4,3.6,3.0,3.7,3.2,6.7,5.7,3.3
08043,12.2,12.5,11.8,10.5,8.2,5.9,4.9,4.0,4.9,4.4,7.2,7.5,4.8
08045,10.8,9.8,8.6,7.3,5.2,4.0,3.3,2.7,3.0,2.6,6.3,5.1,3.0
08047,8.4,7.5,6.8,5.9,4.4,3.0,2.3,1.9,2.4,2.2,10.8,6.1,2.8
08049,9.2,8.4,7.3,5.7,4.0,3.1,2.6,2.1,2.5,2.1,7.9,4.6,2.7
08051,6.8,6.3,6.1,5.4,4.0,2.8,2.2,1.9,2.3,2.1,6.2,4.0,2.5
08053,6.0,5.3,4.8,4.6,3.7,3.0,2.2,2.1,2.5,3.2,3.8,3.8,2.6
08055,14.6,14.1,14.4,13.5,10.0,7.4,6.0,5.3,6.1,5.5,8.8,8.6,6.2
08057,9.3,6.4,5.3,4.7,3.6,3.6,2.6,1.7,2.4,2.3,3.9,3.6,2.2
08059,8.8,8.3,7.5,6.2,4.5,3.4,2.8,2.4,2.8,2.5,6.6,5.1,2.8
08061,6.7,5.2,4.7,4.3,3.3,2.5,1.9,1.6,1.7,1.5,2.2,3.5,1.9
08063,4.8,4.9,4.5,3.9,3.0,2.3,2.0,1.6,1.9,1.6,2.6,3.2,2.0
08065,11.5,10.4,8.7,7.1,4.6,3.7,2.7,2.0,2.5,2.3,7.6,4.8,2.6
08067,7.5,7.3,6.7,5.6,4.2,3.3,2.7,2.3,2.8,2.4,6.4,5.6,3.1
08069,8.1,7.4,6.8,5.7,4.2,3.2,2.7,2.3,2.6,2.3,5.9,4.8,2.7
08071,11.1,11.5,12.2,11.0,7.5,5.4,4.8,3.7,4.4,3.8,6.9,7.0,4.7
08073,6.3,6.6,6.6,5.7,4.0,3.3,2.5,1.9,2.3,2.2,4.2,4.6,2.9
08075,6.7,6.5,6.1,5.0,3.8,2.9,2.8,2.2,2.6,2.3,4.3,4.8,2.8
08077,11.4,10.6,9.8,8.6,6.2,5.3,5.1,3.7,3.8,3.3,7.0,5.9,3.5
08079,7.2,5.6,5.4,5.9,5.0,3.4,2.2,1.7,2.6,2.3,5.4,5.4,2.9
08081,10.5,9.7,8.4,6.8,5.7,4.4,3.8,3.1,3.4,3.3,5.6,5.2,3.2
08083,9.6,9.1,8.7,7.6,6.1,5.5,4.7,3.7,4.5,4.1,6.7,6.0,3.8
08085,11.4,11.4,10.5,9.3,6.8,4.9,4.0,3.0,3.4,3.0,6.2,5.5,3.4
08087,7.4,6.9,6.9,6.4,4.6,3.7,3.3,2.3,2.7,2.5,5.0,5.3,3.3
08089,9.6,10.4,10.4,9.7,7.6,5.6,4.5,3.9,4.7,3.9,5.7,6.6,4.2
08091,10.4,10.6,9.5,7.5,5.8,4.2,3.6,2.7,3.2,2.9,7.5,4.9,3.2
08093,8.5,7.9,6.9,6.0,4.6,3.3,2.7,2.2,2.6,2.4,5.4,4.2,2.6
08095,5.6,5.6,5.2,4.5,3.3,2.3,1.9,1.5,1.8,1.5,2.5,3.1,2.1
08097,8.5,8.1,7.3,6.4,4.8,3.7,3.2,2.9,3.5,3.1,9.8,6.0,3.3
08099,7.4,6.9,7.1,6.2,4.7,3.9,3.1,2.4,3.1,2.5,4.1,4.9,2.9
08101,10.9,10.9,10.8,9.7,7.3,5.4,4.6,4.0,4.5,3.9,7.6,8.0,4.5
08103,9.4,8.2,8.5,7.7,5.9,5.1,4.8,3.6,3.9,3.5,5.1,6.0,3.8
08105,11.2,12.8,12.4,11.4,9.2,6.1,4.7,4.0,4.6,4.0,6.7,6.9,4.3
08107,9.7,8.5,7.3,5.8,4.1,3.1,2.5,2.2,2.5,2.1,7.4,4.6,2.6
08109,10.6,11.6,11.2,11.1,8.7,5.9,4.7,4.1,4.4,3.9,6.6,6.3,3.5
08111,13.1,12.1,10.1,8.6,5.3,4.0,3.5,2.1,2.9,2.9,6.2,3.9,2.7
08113,8.2,8.3,8.0,6.6,4.7,3.6,3.1,2.6,3.2,2.7,10.2,5.5,3.2
08115,7.8,8.3,7.1,6.1,4.6,3.2,2.2,2.0,2.5,1.9,3.3,4.0,2.7
08117,7.1,6.8,6.1,4.9,3.4,2.4,2.0,1.7,2.0,1.7,9.2,4.4,2.3
08119,9.8,9.6,8.5,7.7,5.8,4.3,3.5,3.0,3.4,3.0,7.0,5.0,3.0
08121,6.2,5.7,4.9,4.5,3.1,2.5,2.1,1.8,2.3,1.9,2.9,3.5,2.4
08123,9.6,8.9,7.9,6.5,4.4,3.7,3.3,2.5,2.8,2.5,6.5,5.8,3.3
08125,5.9,5.5,5.2,4.7,3.3,2.5,2.0,1.5,1.9,1.5,2.6,3.0,2.1
09001,8.8,8.4,7.8,7.4,6.2,5.3,4.6,4.3,3.7,3.5,8.0,6.2,4.1
09003,9.9,9.2,8.5,8.1,6.8,5.8,5.0,4.6,4.0,3.7,8.2,6.7,4.2
09005,9.2,8.3,7.6,7.3,6.0,5.1,4.5,4.1,3.6,3.4,6.9,5.6,3.8
09007,8.3,7.8,7.2,6.8,5.7,4.8,4.2,3.8,3.3,3.1,6.6,5.3,3.6
09009,10.5,9.9,9.1,8.7,7.2,6.1,5.2,4.7,4.1,3.8,8.1,6.7,4.2
09011,9.4,9.1,8.7,8.3,6.8,5.8,4.8,4.2,3.7,3.5,9.7,6.9,4.2
09013,8.2,7.7,7.4,7.0,5.8,4.9,4.2,3.8,3.4,3.1,6.2,5.2,3.7
09015,10.8,10.1,9.5,9.0,7.4,6.3,5.3,4.8,4.3,3.9,7.8,6.4,4.3
09110,,,,,,,,,,,,,
09120,,,,,,,,,,,,,
09130,,,,,,,,,,,,,
09140,,,,,,,,,,,,,
09150,,,,,,,,,,,,,
09160,,,,,,,,,,,,,
09170,,,,,,,,,,,,,
09180,,,,,,,,,,,,,
09190,,,,,,,,,,,,,
10001,9.2,8.3,7.8,7.3,6.3,5.3,4.9,4.9,4.1,4.0,8.3,6.4,4.9
10003,8.5,7.3,6.9,6.4,5.4,4.6,4.4,4.4,3.6,3.5,7.4,5.4,4.1
10005,8.8,7.8,7.1,6.7,5.6,4.9,4.5,4.4,3.7,3.6,7.2,4.9,4.2
11001,10.0,10.2,9.0,8.4,7.7,6.9,6.2,6.1,5.7,5.5,7.9,6.8,4.7
12001,7.8,7.6,6.8,6.0,5.4,4.7,4.3,3.9,3.3,3.0,5.7,3.8,2.9
12003,11.0,10.2,8.9,7.7,6.6,5.6,4.9,4.2,3.5,3.2,5.3,3.8,2.9
12005,10.2,10.2,8.9,7.6,6.5,5.5,4.8,4.2,4.1,3.8,6.3,4.0,2.8
12007,9.5,9.1,7.8,6.6,5.8,4.9,4.3,3.7,3.4,3.3,6.3,4.3,3.3
12009,10.9,10.9,9.7,8.7,7.2,6.0,5.2,4.4,3.6,3.3,7.0,4.1,2.9
12011,9.8,9.4,8.2,7.1,6.1,5.2,4.5,4.0,3.5,3.1,9.4,4.9,3.0
12013,9.8,10.4,9.4,8.2,7.1,6.2,5.8,4.9,4.4,4.1,5.4,4.7,3.4
12015,12.4,11.3,9.8,8.4,7.1,6.1,5.4,4.8,4.1,3.8,7.7,4.5,3.6
12017,13.3,12.5,11.1,10.1,8.8,7.6,6.8,6.0,5.4,5.0,8.9,5.8,4.3
12019,9.6,9.1,7.9,6.6,5.9,5.1,4.5,4.0,3.4,3.1,5.7,3.6,2.7
12021,11.3,10.1,8.7,7.4,6.1,5.3,4.7,4.2,3.5,3.2,7.3,3.8,2.9
12023,10.5,10.3,9.1,7.9,6.8,5.6,4.9,4.4,3.9,3.3,6.3,4.6,3.3
12027,11.9,10.4,10.3,8.6,7.4,5.9,5.3,4.5,4.0,3.6,5.4,4.3,3.6
12029,12.5,12.3,10.5,8.9,7.6,6.3,5.5,4.8,4.3,3.9,5.8,4.5,3.4
12031,11.0,10.2,9.0,7.8,6.9,5.9,5.0,4.3,3.7,3.4,7.2,4.5,3.1
12033,9.7,9.6,8.7,7.6,6.6,5.6,5.0,4.3,3.7,3.3,7.1,4.6,3.1
12035,12.0,11.4,10.2,8.7,7.5,6.3,5.6,4.9,4.2,3.9,7.9,4.8,3.5
12037,7.7,7.6,6.7,5.8,5.8,4.8,4.4,3.7,3.6,3.7,5.7,3.9,2.9
12039,11.4,11.6,10.6,9.5,8.5,7.3,6.3,5.6,4.7,4.2,7.3,5.7,4.1
12041,10.4,10.3,9.3,8.2,6.9,5.7,5.0,4.5,3.8,3.5,5.2,3.9,3.2
12043,9.2,9.5,7.9,7.8,7.9,7.2,6.3,5.4,4.0,4.0,6.1,4.4,3.3
12045,10.0,9.6,8.3,7.0,6.2,5.3,4.7,4.0,4.6,4.9,6.1,3.7,2.8
12047,11.1,10.4,9.1,9.0,7.8,6.5,5.7,4.9,4.3,4.2,8.2,6.1,4.2
12049,11.2,10.1,9.2,8.6,7.9,7.1,6.7,6.0,5.3,5.2,6.9,5.0,4.0
12051,13.6,13.8,13.1,12.4,11.6,10.7,8.6,7.4,6.3,6.1,8.8,6.4,4.9
12053,13.1,12.5,10.9,9.4,8.2,7.0,6.1,5.3,4.7,4.3,8.4,5.2,3.7
12055,12.1,11.5,10.6,9.9,8.7,7.6,6.6,5.7,5.0,4.7,8.2,6.0,4.3
12057,10.4,9.6,8.1,6.9,6.0,5.1,4.5,4.0,3.5,3.2,7.6,4.3,2.9
12059,10.0,9.8,9.1,8.2,7.2,6.2,5.4,4.8,4.0,3.6,5.8,4.2,3.2
12061,13.5,12.6,11.3,10.0,8.1,6.9,6.1,5.1,4.4,3.9,7.8,4.8,3.5
12063,8.8,9.4,8.9,7.9,6.9,5.9,5.3,4.6,4.1,3.6,5.8,4.7,3.3
12065,9.6,10.0,9.5,8.1,6.8,6.0,5.3,4.4,3.9,3.4,5.9,4.4,3.3
12067,7.0,6.2,5.9,5.4,5.3,4.6,4.4,3.8,3.5,3.0,4.6,4.1,3.2
12069,11.4,10.6,9.1,7.7,6.6,5.6,4.9,4.3,3.6,3.3,9.2,4.8,3.1
12071,12.1,10.8,9.1,7.6,6.2,5.2,4.7,4.2,3.5,3.2,7.7,4.3,3.3
12073,7.7,7.8,7.2,6.4,5.7,5.1,4.6,4.0,3.5,3.2,6.2,4.3,3.1
12075,11.6,10.9,9.6,8.5,7.0,5.8,5.2,4.5,4.0,3.8,6.4,4.6,3.6
12077,8.5,9.1,8.2,7.0,6.8,5.9,5.2,4.6,4.0,3.6,5.1,4.4,3.3
12079,9.7,9.6,8.8,8.1,7.3,6.2,5.3,4.5,4.0,3.9,6.5,5.1,3.3
12081,11.1,9.9,8.4,7.0,5.9,5.1,4.6,4.1,3.5,3.2,7.2,4.1,3.0
12083,13.2,12.3,10.5,8.9,7.5,6.6,5.9,5.1,4.4,3.9,7.4,5.0,3.6
12085,10.4,9.9,8.6,7.5,6.2,5.4,4.9,4.3,3.6,3.2,6.4,3.7,2.8
12086,11.7,9.6,7.9,7.6,6.8,6.1,5.5,4.8,3.7,2.9,8.2,5.5,2.6
12087,7.5,7.0,5.9,5.1,4.2,3.5,3.2,3.3,2.6,2.1,8.2,3.0,1.9
12089,10.3,9.6,8.3,7.0,6.1,5.2,4.5,4.0,3.3,3.0,5.9,3.5,2.6
12091,8.1,7.8,6.9,6.0,5.3,4.6,4.1,3.5,3.1,2.8,5.8,3.4,2.5
12093,12.2,11.9,10.3,9.1,7.6,6.4,5.2,4.5,3.8,3.6,5.7,4.3,3.2
12095,10.5,9.8,8.5,7.1,6.0,5.1,4.4,3.8,3.3,3.0,11.2,5.2,3.0
12097,12.1,11.3,9.7,8.3,6.9,5.8,5.0,4.4,3.8,3.4,14.1,6.2,3.5
12099,10.6,10.0,8.8,7.5,6.0,5.2,4.7,4.2,3.7,3.3,8.0,4.4,3.0
12101,11.6,10.8,9.3,8.0,6.9,5.9,5.2,4.5,4.0,3.6,7.5,4.5,3.2
12103,10.5,9.7,8.2,6.9,5.9,5.0,4.4,3.9,3.4,3.1,7.5,4.1,2.7
12105,11.8,11.2,9.9,8.6,7.4,6.4,5.6,4.9,4.2,3.8,9.6,5.5,3.6
12107,13.0,12.8,12.2,10.8,9.0,7.7,6.4,5.5,5.0,4.4,8.4,6.1,4.2
12109,8.5,7.7,6.7,5.7,4.8,4.0,3.8,3.5,3.0,2.7,5.4,3.1,2.4
12111,13.3,12.6,11.3,10.4,8.2,6.4,5.8,5.2,4.5,4.0,8.1,5.0,3.5
12113,9.0,8.6,7.8,6.7,5.6,4.9,4.6,4.0,3.4,3.0,5.5,3.6,2.8
12115,11.2,10.2,8.7,7.3,6.0,5.1,4.6,4.0,3.5,3.2,7.2,4.0,3.0
12117,10.3,9.6,8.3,7.0,5.9,5.0,4.3,3.8,3.3,3.0,7.6,4.1,2.7
12119,12.9,12.2,10.9,9.7,8.6,7.8,7.2,6.2,5.3,4.8,8.3,5.4,4.2
12121,9.5,9.2,8.3,7.2,6.5,5.5,4.9,4.3,3.8,3.5,6.0,4.6,3.4
12123,10.2,10.0,9.3,8.2,7.1,6.8,5.4,4.6,3.9,3.7,6.7,5.2,3.5
12125,8.2,8.2,7.4,6.6,6.2,4.9,4.4,3.8,3.3,3.1,5.0,3.9,3.0
12127,11.9,11.2,9.8,8.6,7.0,5.9,5.1,4.5,3.9,3.5,8.0,4.7,3.3
12129,8.1,8.2,7.5,6.2,5.3,4.7,4.2,3.7,3.2,3.0,4.7,3.3,2.6
12131,9.1,8.5,7.5,6.4,5.5,4.7,4.3,3.7,3.2,2.9,6.1,3.6,2.7
12133,10.2,10.0,9.1,8.0,6.9,6.0,5.2,4.4,4.0,3.5,6.1,4.6,3.3
13001,12.0,12.2,11.0,10.7,8.9,7.4,6.5,5.5,4.3,4.1,4.7,3.6,3.6
13003,15.4,12.7,11.4,9.3,7.6,5.8,5.3,4.5,3.5,3.3,3.9,3.0,2.8
13005,10.8,10.4,9.6,8.4,7.0,5.8,5.3,4.5,3.8,3.7,4.6,3.3,3.1
13007,12.4,11.5,10.9,10.5,9.1,7.4,7.8,6.2,5.3,4.8,5.9,4.9,4.1
13009,15.6,13.6,11.4,10.1,8.8,7.8,6.9,5.9,5.0,4.4,6.9,4.9,4.1
13011,9.8,9.2,8.1,7.8,6.7,5.7,4.9,3.9,3.2,2.8,4.3,2.6,2.2
13013,10.9,9.9,8.5,7.3,6.3,5.4,4.8,4.1,3.3,2.9,5.0,3.0,2.6
13015,12.3,11.4,9.8,8.6,7.2,6.0,5.2,4.7,3.8,3.4,6.2,3.5,3.0
13017,16.1,15.5,13.7,12.4,10.0,9.2,8.3,7.8,5.9,5.6,6.8,5.3,4.5
13019,13.2,12.4,10.1,9.5,8.6,7.3,6.2,5.2,4.2,4.2,5.7,3.8,3.3
13021,11.8,11.4,10.4,9.2,8.1,6.8,6.0,5.4,4.6,4.1,7.4,5.1,3.9
13023,12.6,13.2,12.4,13.9,11.3,8.7,8.0,6.8,5.8,5.3,6.4,5.2,4.4
13025,12.9,13.1,11.9,10.6,9.3,7.6,6.8,5.7,4.5,4.3,5.3,3.7,3.6
13027,9.7,9.9,9.0,8.3,7.2,6.2,5.3,4.5,4.0,3.5,5.2,3.8,3.2
13029,9.7,9.3,8.2,7.4,6.5,5.3,4.9,4.2,3.4,3.0,5.1,2.9,2.7
13031,10.2,10.4,9.6,8.6,7.4,6.2,5.8,5.1,4.3,4.0,6.5,4.1,3.5
13033,12.3,12.6,12.2,11.9,10.1,8.3,7.8,7.2,6.1,5.3,7.1,5.9,5.4
13035,11.6,11.3,10.1,9.2,7.5,6.8,5.7,4.8,4.1,3.5,6.1,3.6,2.9
13037,8.9,8.3,7.7,8.1,7.0,6.3,5.7,5.3,4.3,3.7,5.1,4.1,3.2
13039,10.1,9.5,8.5,7.7,6.6,5.6,5.8,5.1,4.2,3.7,4.8,3.2,3.1
13043,8.9,9.5,8.5,8.1,6.9,5.8,4.9,4.1,3.4,3.1,4.4,3.1,2.5
13045,11.9,11.3,10.1,9.6,8.2,6.8,6.1,5.1,4.0,3.6,6.3,3.7,3.2
13047,8.7,8.1,7.4,6.7,6.2,5.3,4.9,4.2,3.4,3.1,4.4,2.8,2.8
13049,10.7,10.5,9.2,8.4,7.4,6.5,5.7,5.1,4.4,3.9,3.8,3.2,3.2
13051,10.0,10.0,9.1,8.2,7.3,6.0,5.3,4.5,3.8,3.4,7.6,4.3,3.1
13053,11.1,11.4,11.5,10.9,9.7,8.9,8.4,6.9,5.5,4.7,6.3,4.6,4.7
13055,11.8,10.9,10.1,8.9,7.6,6.3,6.4,4.8,4.1,5.2,8.3,4.8,4.3
13057,8.9,8.1,7.0,6.1,5.5,4.8,4.3,3.8,3.1,2.9,4.8,2.6,2.4
13059,9.4,9.2,8.6,7.8,7.0,6.2,5.6,4.8,4.0,3.7,6.4,3.9,3.4
13061,11.8,12.1,12.3,11.3,11.4,12.0,10.5,9.1,7.5,7.1,12.2,9.9,6.9
13063,13.7,13.3,11.9,10.7,9.3,7.8,6.7,5.9,4.9,4.4,10.3,6.3,4.1
13065,11.2,10.9,9.6,9.1,8.4,7.1,6.2,5.6,4.5,3.8,3.9,3.0,2.8
13067,9.4,8.8,7.6,6.6,5.9,5.2,4.7,4.1,3.5,3.1,5.9,3.3,2.7
13069,16.0,12.8,11.2,9.9,8.2,6.8,5.9,5.1,4.5,4.0,5.8,4.1,3.7
13071,9.8,9.4,8.6,8.7,8.1,6.5,5.3,4.5,3.8,3.2,4.5,3.3,2.9
13073,7.4,7.3,6.9,6.4,5.8,5.1,4.7,4.2,3.5,3.2,4.2,2.8,2.9
13075,11.8,11.1,9.3,8.5,8.1,6.8,5.5,4.6,3.8,3.5,4.8,3.5,3.2
13077,9.8,9.0,7.9,6.9,6.2,5.4,5.0,4.2,3.5,3.1,6.1,3.4,2.8
13079,11.7,10.7,9.7,8.8,7.5,6.4,6.0,5.0,4.2,3.7,5.1,3.8,3.2
13081,14.4,13.8,12.3,11.1,8.9,7.0,6.1,5.2,4.9,4.0,9.0,8.6,4.4
13083,8.8,7.9,7.5,7.1,6.3,5.6,5.1,4.4,3.7,3.4,4.1,2.7,2.7
13085,11.0,10.1,8.4,7.3,6.1,5.2,4.7,3.9,3.3,2.9,4.6,2.7,2.5
13087,12.6,11.9,10.0,9.4,8.2,6.9,6.7,5.6,4.7,3.9,4.8,3.7,3.4
13089,11.0,10.4,9.3,8.4,7.3,6.1,5.5,4.8,4.1,3.6,7.9,4.6,3.2
13091,13.2,12.2,11.4,11.3,9.8,8.5,7.4,6.3,5.2,5.5,6.0,4.3,3.9
13093,11.7,12.9,11.3,11.4,9.6,7.7,5.9,5.1,4.7,3.9,9.0,7.5,4.1
13095,12.7,12.1,11.1,10.3,9.3,7.9,6.9,6.1,5.4,4.8,8.6,6.3,4.5
13097,11.4,10.8,9.5,8.5,7.4,6.5,5.6,4.9,4.2,3.7,7.3,4.3,3.4
13099,11.9,11.4,10.0,9.1,9.0,7.1,7.0,5.5,4.6,4.0,5.7,5.0,3.9
13101,8.3,8.0,7.3,6.3,5.9,4.8,4.4,4.0,3.2,2.9,3.9,2.8,2.5
13103,9.7,9.2,8.2,7.1,6.2,5.2,4.9,4.1,3.3,2.9,4.9,3.0,2.6
13105,15.0,16.0,12.4,10.8,8.7,7.6,6.6,5.3,4.8,4.0,6.9,4.9,3.8
13107,13.0,13.2,12.2,12.5,10.5,8.9,7.8,6.7,6.0,5.5,7.0,5.2,4.2
13109,9.2,9.1,8.4,7.6,6.5,5.7,5.0,4.4,3.7,3.5,5.1,3.6,3.0
13111,11.8,11.2,10.1,8.9,7.6,6.3,5.4,4.8,4.0,3.5,4.7,2.9,2.8
13113,8.4,7.9,7.4,6.7,6.1,5.3,4.8,4.1,3.5,3.1,5.4,2.9,2.7
13115,12.0,12.0,10.8,9.4,7.9,6.8,6.1,5.3,4.3,4.0,6.2,3.7,3.2
13117,8.1,7.3,6.5,5.8,5.3,4.6,4.2,3.8,3.2,2.9,4.5,2.5,2.4
13119,12.9,12.0,11.1,9.7,8.2,6.4,5.3,4.8,3.9,3.6,5.8,3.8,3.3
13121,10.6,10.1,9.0,8.0,7.1,6.1,5.5,4.9,4.1,3.6,7.9,4.6,3.3
13123,11.4,11.7,10.4,8.9,7.3,6.1,5.8,5.1,4.2,3.6,4.7,3.1,3.1
13125,11.2,10.6,9.6,9.4,8.1,6.7,6.1,5.0,4.2,3.8,4.0,2.7,3.2
13127,10.1,10.3,9.3,8.5,7.5,6.2,5.4,4.8,3.7,3.5,6.7,3.8,3.0
13129,12.9,11.6,9.6,8.8,7.3,6.0,5.7,4.7,3.9,3.5,5.4,3.3,2.9
13131,10.6,9.5,8.5,7.7,7.4,6.1,5.5,4.9,3.9,3.5,4.4,3.2,3.1
13133,13.3,12.2,10.9,9.9,8.2,6.7,6.1,5.2,4.3,4.0,5.8,3.8,3.3
13135,9.4,8.6,7.6,6.8,6.1,5.3,4.8,4.3,3.6,3.2,6.3,3.5,2.8
13137,10.8,10.4,9.4,8.0,7.0,5.8,5.4,4.6,3.8,3.5,5.4,3.6,3.2
13139,9.8,8.8,7.7,6.8,5.9,4.9,4.6,3.9,3.2,2.9,4.7,2.7,2.5
13141,23.2,19.6,16.8,14.6,11.7,10.0,8.5,7.1,6.0,5.8,8.8,6.3,5.1
13143,12.4,11.5,10.1,9.2,8.0,6.7,5.9,4.8,3.9,3.5,5.8,3.5,3.1
13145,7.8,7.3,7.1,6.5,6.0,5.3,4.9,4.2,3.4,3.2,4.5,2.9,2.9
13147,11.7,11.1,10.1,9.1,7.5,6.3,5.4,4.5,3.7,3.6,5.4,3.9,3.1
13149,12.2,11.2,10.2,9.4,7.9,6.5,6.0,5.0,3.9,3.5,6.5,3.9,3.1
13151,10.5,10.2,9.3,8.4,7.3,6.3,5.6,4.9,4.2,3.7,7.3,4.2,3.3
13153,8.6,8.5,7.9,7.5,6.8,5.9,5.4,4.8,4.1,3.5,5.2,3.7,3.2
13155,14.9,13.6,11.6,10.5,9.6,8.5,7.9,7.1,5.7,4.8,5.6,4.6,4.1
13157,10.6,9.5,8.1,6.9,5.9,4.9,4.3,3.7,3.1,2.8,4.3,2.5,2.0
13159,11.8,10.9,9.6,8.2,6.7,5.6,4.8,4.3,3.5,3.3,4.9,3.2,2.7
13161,12.9,12.5,11.4,9.9,8.2,6.8,6.4,6.1,4.9,4.7,5.1,4.0,3.7
13163,14.2,13.1,13.0,13.9,11.3,9.2,7.5,6.2,5.3,4.9,6.7,4.9,4.2
13165,15.4,14.2,13.6,12.3,10.0,8.5,7.7,6.8,5.4,5.2,6.3,4.8,4.4
13167,10.9,10.9,9.8,9.8,8.6,7.1,6.2,5.1,4.0,3.8,4.9,3.6,3.0
13169,9.8,9.1,8.4,7.2,6.3,5.6,4.9,4.4,3.7,3.3,4.5,3.2,3.0
13171,14.4,13.6,11.9,11.2,9.6,7.8,6.6,5.6,4.7,4.0,6.3,4.2,3.4
13173,10.7,10.4,9.2,8.5,8.1,6.8,5.9,5.1,4.5,4.1,5.3,3.9,3.5
13175,13.4,13.7,12.1,10.7,9.3,7.7,6.7,5.9,4.8,4.7,6.6,4.3,4.0
13177,9.2,8.4,7.5,6.8,6.3,5.4,4.8,4.2,3.6,3.1,4.5,3.1,3.0
13179,9.2,9.2,8.8,8.4,7.7,6.4,5.9,5.2,4.3,3.9,6.2,4.0,3.4
13181,11.7,11.5,10.6,10.0,8.3,6.9,6.0,5.3,5.0,4.0,5.4,4.1,3.6
13183,8.5,8.8,8.4,8.1,7.4,6.0,5.5,4.9,4.0,3.8,4.4,3.1,3.2
13185,9.7,9.8,9.0,8.0,7.3,6.0,5.3,4.7,4.1,3.7,6.0,4.1,3.4
13187,10.5,9.7,8.2,7.3,6.4,5.5,4.9,4.2,3.6,3.3,4.8,2.8,2.6
13189,13.3,13.2,12.4,11.2,10.0,8.5,7.4,6.3,5.6,5.3,7.9,5.3,4.6
13191,10.7,10.5,9.6,8.9,7.9,6.6,5.9,5.1,4.0,3.8,5.6,3.7,3.2
13193,13.4,13.7,13.1,12.7,11.8,9.3,8.4,7.0,6.3,4.7,7.6,6.5,4.3
13195,10.6,10.1,8.8,7.5,6.7,5.6,5.0,4.3,3.6,3.2,5.0,3.1,3.0
13197,10.8,10.3,9.9,8.8,7.7,8.6,7.4,6.1,5.2,4.4,5.1,3.7,3.7
13199,13.9,13.2,11.8,10.7,9.8,8.2,7.0,6.0,5.0,4.7,8.6,5.2,3.9
13201,10.5,9.2,8.1,7.2,6.3,5.5,5.5,4.5,3.7,3.4,4.0,3.0,2.7
13205,11.0,9.9,8.7,8.5,7.9,6.8,6.7,6.3,5.4,4.7,6.5,5.1,4.1
13207,10.3,9.7,8.5,8.0,6.7,5.9,5.2,4.5,3.7,3.4,5.0,3.2,2.9
13209,12.2,13.1,11.5,11.4,10.4,8.8,7.5,6.6,5.8,5.3,5.4,4.2,4.0
13211,10.6,10.0,8.9,8.0,6.6,5.6,5.1,4.5,3.6,3.3,5.3,3.3,2.8
13213,13.9,13.8,12.6,11.2,9.4,7.5,7.2,6.2,5.3,5.3,7.5,4.4,4.1
13215,10.3,10.0,9.7,9.3,8.5,7.6,6.9,6.0,5.1,4.7,7.8,5.3,4.3
13217,12.9,12.3,10.9,9.6,8.2,6.9,6.1,5.4,4.5,4.0,7.1,4.4,3.5
13219,7.2,6.9,6.2,5.6,5.1,4.5,4.1,3.6,3.0,2.6,3.7,2.3,2.4
13221,9.8,9.7,8.4,7.5,6.6,5.6,4.9,4.4,3.7,3.3,4.7,2.9,2.8
13223,10.1,9.4,8.2,7.2,6.2,5.3,4.7,4.2,3.5,3.1,5.3,3.0,2.7
13225,12.2,11.7,11.0,10.6,9.5,8.1,7.1,5.9,5.2,4.2,6.2,4.9,3.9
13227,11.1,10.5,9.0,7.9,6.7,5.4,4.9,4.3,3.6,3.1,4.7,2.8,2.7
13229,10.6,10.6,9.3,8.5,7.5,6.3,5.4,4.6,3.8,3.5,4.5,3.2,2.9
13231,10.8,10.1,9.1,8.4,7.0,5.8,5.2,4.5,3.6,3.1,4.9,2.9,2.8
13233,12.2,11.5,9.9,8.8,7.8,6.7,6.2,5.3,4.2,3.8,5.9,3.6,3.2
13235,9.3,9.6,8.9,8.8,7.8,6.7,5.9,5.3,4.4,4.0,4.7,3.8,3.4
13237,13.1,12.9,11.4,10.3,9.1,8.2,7.1,5.8,5.0,4.5,6.4,4.0,3.6
13239,10.2,10.1,9.4,8.1,8.4,6.9,7.4,5.9,5.6,5.3,6.3,4.8,5.1
13241,12.0,12.3,11.3,9.8,8.2,6.8,6.0,5.0,4.0,3.6,5.3,3.2,3.0
13243,12.3,12.6,12.3,10.3,9.7,9.3,8.6,6.5,5.6,4.9,5.9,5.3,4.6
13245,11.1,11.1,10.5,9.8,8.7,7.5,6.8,6.0,5.2,4.7,7.6,5.3,4.4
13247,11.4,11.1,10.0,9.1,7.9,6.6,5.9,5.3,4.4,4.0,7.6,4.6,3.6
13249,12.2,11.4,10.3,9.2,7.6,6.8,6.4,5.5,4.6,4.0,4.3,3.8,3.9
13251,17.2,15.6,13.6,12.5,10.0,8.5,7.6,6.3,5.4,5.6,8.1,5.6,4.5
13253,12.7,12.6,10.8,10.2,9.5,8.2,8.0,6.5,5.4,4.4,5.0,3.8,3.7
13255,15.0,13.9,12.4,11.4,9.5,8.2,7.0,5.9,4.7,4.2,7.5,4.6,3.4
13257,12.5,11.9,10.4,9.1,7.7,6.6,6.0,5.3,4.6,3.9,6.3,4.4,3.7
13259,10.4,9.6,9.0,8.6,7.5,7.0,6.5,6.0,4.8,4.4,5.6,3.8,3.8
13261,13.4,12.4,11.7,11.2,9.5,8.5,7.7,6.8,6.0,4.9,7.4,5.7,4.3
13263,10.2,10.5,9.9,9.2,7.9,7.9,6.8,6.2,5.1,4.6,6.7,4.5,3.8
13265,18.2,15.6,14.1,11.9,11.0,8.0,6.9,6.7,5.4,5.3,7.1,5.1,4.2
13267,9.2,8.7,8.2,7.9,7.0,6.3,5.4,5.0,4.2,3.9,4.3,3.3,3.1
13269,14.6,14.3,13.2,11.6,10.3,9.3,7.6,8.8,6.5,4.3,7.2,6.1,5.2
13271,14.9,13.1,11.6,11.3,9.8,8.8,8.5,7.9,6.7,9.5,9.8,7.1,5.9
13273,12.4,11.9,10.7,9.7,8.1,7.6,6.6,6.0,6.7,5.2,7.5,6.3,4.7
13275,11.4,10.3,9.6,9.0,8.8,7.4,6.3,5.8,4.7,4.1,6.2,4.2,3.6
13277,12.1,12.0,9.9,8.4,7.3,6.2,5.5,4.7,4.0,3.4,5.0,3.5,2.9
13279,12.4,13.3,11.6,10.9,9.9,8.9,7.9,6.6,5.8,5.0,6.5,4.5,3.9
13281,13.0,12.5,11.2,10.5,9.2,8.0,6.9,6.6,5.7,5.0,6.6,4.1,4.2
13283,12.2,13.1,13.3,12.2,10.6,8.6,7.8,6.8,5.8,5.3,6.1,4.4,4.1
13285,11.7,10.9,9.7,8.6,7.4,6.2,5.2,4.4,3.7,3.3,7.2,4.4,3.1
13287,16.8,14.2,11.5,9.9,8.0,6.9,6.6,5.7,5.1,3.9,7.2,6.4,4.2
13289,15.6,15.3,14.7,13.7,11.2,9.3,8.8,7.6,6.0,5.7,7.5,5.3,4.8
13291,11.2,10.1,8.7,7.8,6.6,5.4,4.8,4.5,3.7,3.2,4.4,2.8,2.8
13293,12.4,11.5,10.5,9.8,8.9,7.4,6.5,5.5,4.4,3.7,6.5,4.1,3.3
13295,10.4,9.7,8.9,8.0,7.2,6.1,5.6,4.6,3.9,3.7,4.9,3.2,3.1
13297,10.8,10.3,9.0,7.7,6.5,5.5,5.0,4.4,3.6,3.2,5.3,3.2,2.9
13299,11.1,11.2,10.0,9.3,7.9,6.6,5.5,4.6,4.0,3.8,5.5,3.7,3.1
13301,17.4,16.4,14.7,11.9,9.7,7.9,7.0,5.9,5.0,4.9,6.7,4.7,3.9
13303,14.7,12.6,10.2,9.6,8.1,7.1,6.4,5.9,5.0,4.3,6.4,5.0,4.1
13305,12.2,12.0,10.5,9.7,8.8,7.4,6.9,5.7,4.7,4.2,5.6,3.8,3.2
13307,13.1,11.4,9.8,9.2,8.6,9.5,8.7,7.6,6.3,5.0,5.6,4.6,3.9
13309,15.3,14.7,13.2,12.6,12.4,11.0,9.1,9.0,7.4,7.5,7.2,5.6,5.3
13311,10.3,9.8,8.5,7.3,6.2,5.3,4.7,3.9,3.1,2.8,4.3,2.6,2.5
13313,12.0,11.7,10.5,9.5,7.9,6.5,6.2,5.5,4.8,4.6,7.2,4.0,3.9
13315,12.6,12.7,11.5,11.0,9.2,8.0,7.3,5.8,5.2,4.5,6.0,4.9,3.8
13317,13.4,13.8,12.0,11.1,9.3,7.4,6.7,5.7,4.7,4.7,6.7,4.7,4.2
13319,14.2,12.8,11.3,10.3,8.7,7.4,6.4,5.7,4.5,3.9,5.3,4.2,3.8
13321,12.3,11.4,10.0,9.2,7.9,6.6,5.9,4.9,4.5,4.0,5.4,4.1,3.2
15001,9.6,9.8,8.1,6.4,5.3,4.2,3.5,2.6,2.9,3.2,11.4,5.7,3.4
15003,5.9,5.9,5.3,4.3,4.0,3.2,2.7,2.1,2.3,2.4,10.2,5.5,3.2
15007,8.5,8.6,7.1,5.4,4.6,3.8,3.1,2.2,2.4,2.5,16.2,8.1,3.4
15009,8.3,7.9,6.3,5.0,4.3,3.5,3.0,2.3,2.3,2.4,17.7,7.6,3.2
16001,8.1,7.2,6.3,5.8,3.8,3.4,3.2,2.8,2.5,2.5,5.5,3.2,2.4
16003,18.0,17.5,15.2,15.0,9.2,7.1,6.7,5.7,5.4,6.7,9.4,6.3,5.5
16005,7.8,7.4,7.1,6.5,4.1,3.7,3.5,3.1,2.8,2.8,5.0,3.6,2.9
16007,7.2,6.0,5.7,5.7,4.1,4.2,4.4,3.2,2.9,2.9,4.6,3.3,3.0
16009,13.3,13.0,12.4,11.1,7.4,6.1,5.7,5.6,4.5,5.2,7.6,5.4,4.4
16011,7.0,7.0,6.5,6.5,4.1,3.8,3.4,3.0,2.7,2.6,4.0,3.3,2.8
16013,9.4,8.6,7.2,6.4,4.1,3.3,3.0,2.6,2.4,2.6,7.9,3.6,2.6
16015,10.4,10.1,9.7,9.0,6.0,5.9,5.1,4.8,4.2,4.3,8.0,5.2,3.9
16017,12.7,12.2,10.7,9.7,6.5,5.5,5.3,4.5,4.1,4.2,7.8,4.7,3.8
16019,6.7,6.8,6.5,6.1,3.8,3.2,3.1,2.7,2.4,2.4,4.1,2.9,2.5
16021,13.2,11.4,9.7,8.8,5.5,5.1,5.0,4.8,4.4,4.5,6.4,4.4,4.1
16023,7.0,7.9,8.4,7.6,4.9,4.2,4.0,3.0,3.3,2.6,4.2,4.3,3.9
16025,12.6,12.2,9.5,7.2,4.9,3.2,3.5,2.8,2.3,2.8,5.8,3.8,3.4
16027,11.1,10.5,9.4,8.4,5.4,4.6,4.2,3.6,3.1,3.2,6.0,3.9,3.1
16029,7.6,7.3,6.2,5.9,3.8,3.8,3.5,3.1,2.8,2.7,3.9,3.3,3.2
16031,6.9,6.4,5.9,5.8,3.8,3.1,2.9,2.5,2.2,2.4,3.9,3.0,2.6
16033,9.1,8.7,7.7,7.0,4.3,3.5,3.1,3.0,2.9,3.7,3.4,2.8,3.1
16035,14.3,13.4,12.8,12.5,8.5,7.5,7.1,7.0,6.8,6.7,8.1,6.1,5.1
16037,8.0,7.7,8.3,9.3,6.3,6.2,4.9,4.3,4.0,4.2,5.3,4.6,3.6
16039,8.5,8.2,7.7,7.5,4.7,4.4,4.0,3.7,3.3,3.2,4.9,3.7,3.1
16041,5.1,5.3,4.7,4.6,3.0,2.9,3.0,2.3,2.2,2.3,3.8,2.6,2.5
16043,8.5,7.6,6.3,5.9,3.7,3.4,3.3,2.7,2.4,2.3,3.9,3.0,2.7
16045,11.3,10.7,9.7,8.7,5.4,4.9,4.5,4.0,3.5,3.3,6.1,4.2,3.1
16047,7.2,6.6,5.8,5.5,3.6,3.2,3.0,2.5,2.4,2.6,4.0,3.3,2.8
16049,12.2,12.1,11.2,11.0,6.9,5.8,5.5,5.0,4.7,4.5,6.7,4.7,3.8
16051,6.8,6.8,6.3,5.7,3.6,3.2,3.0,2.6,2.3,2.3,3.5,2.7,2.4
16053,7.8,7.4,6.6,6.0,3.6,3.1,3.1,2.8,2.5,2.6,4.3,3.5,3.0
16055,10.7,10.0,9.0,8.1,5.3,4.7,4.5,3.9,3.5,3.5,7.1,4.2,3.4
16057,6.4,6.1,6.0,5.5,3.7,3.2,3.1,2.7,2.5,2.6,4.9,3.3,2.6
16059,10.0,10.1,10.1,10.4,7.2,6.5,5.9,5.2,4.5,4.7,6.6,5.1,3.8
16061,6.5,6.1,5.6,5.6,4.1,5.3,6.2,5.8,5.5,5.5,7.9,5.6,4.2
16063,13.0,11.8,9.5,8.4,5.3,4.2,4.3,3.2,3.4,3.5,6.4,4.7,4.1
16065,5.2,5.2,4.7,4.6,2.9,2.5,2.3,1.9,1.7,1.8,2.8,2.2,1.9
16067,7.2,6.8,6.2,6.2,4.1,3.4,3.1,2.7,2.5,2.5,4.0,3.2,2.7
16069,6.5,6.2,5.9,5.5,3.7,3.4,3.2,2.9,2.8,2.8,5.0,3.2,2.7
16071,5.8,5.7,5.1,4.8,3.5,3.3,3.5,2.9,2.2,2.3,4.7,2.8,2.9
16073,4.1,4.2,4.2,4.3,3.3,4.4,4.4,4.0,3.6,3.4,6.2,4.4,3.6
16075,9.5,8.9,8.1,7.2,5.1,4.6,4.5,4.0,3.6,3.5,5.6,4.1,3.4
16077,9.0,8.6,8.0,7.3,4.4,4.3,3.9,3.4,2.9,3.1,4.4,4.0,3.3
16079,15.5,14.2,13.4,13.4,9.1,7.2,6.9,6.3,5.8,5.8,9.3,6.4,4.9
16081,7.6,6.6,6.1,5.6,3.6,3.2,3.1,2.6,2.3,2.2,5.8,2.9,2.2
16083,8.3,7.8,7.1,6.4,3.9,3.4,3.3,3.0,2.7,2.8,5.3,3.5,2.8
16085,15.5,13.9,11.5,11.3,6.9,5.7,5.2,4.4,3.8,3.9,8.0,5.1,3.8
16087,10.2,9.6,8.7,8.2,6.0,5.4,5.3,4.7,4.1,4.1,5.7,4.5,3.6
17001,7.8,6.9,6.6,6.8,5.4,5.0,4.8,3.9,3.8,3.3,6.4,4.0,3.5
17003,11.9,12.9,12.0,12.6,10.8,9.2,9.3,8.4,8.2,6.2,10.2,8.1,6.6
17005,10.2,9.4,9.0,8.6,6.6,5.3,5.1,4.4,4.3,3.7,7.0,4.7,4.0
17007,13.9,11.8,10.5,10.1,7.9,6.5,6.4,6.7,5.7,5.4,11.3,8.8,6.7
17009,7.0,6.2,6.0,6.1,4.2,3.6,3.4,2.9,2.6,2.4,3.9,2.7,2.4
17011,10.9,9.9,9.3,9.1,7.4,6.4,6.1,4.9,4.9,4.5,7.7,5.1,4.6
17013,10.1,9.8,10.0,9.8,8.3,6.7,6.1,5.4,5.1,4.5,8.0,4.9,4.2
17015,10.5,9.0,8.2,7.9,6.4,5.5,5.7,4.6,4.4,3.9,7.2,4.4,4.0
17017,8.4,8.2,8.5,9.1,7.0,5.7,5.6,4.5,4.5,4.0,6.8,5.1,4.4
17019,8.2,7.6,7.1,7.2,5.8,5.1,5.0,4.3,4.3,3.6,6.6,5.0,3.9
17021,10.2,9.6,9.4,9.7,7.7,6.6,6.4,5.3,5.2,4.7,8.2,5.6,4.8
17023,11.8,10.4,9.7,9.3,7.2,6.2,5.8,5.0,5.3,4.5,8.3,5.2,4.4
17025,11.4,10.6,9.7,9.9,8.1,7.1,6.8,5.3,5.2,4.4,9.5,5.7,4.9
17027,7.3,6.7,6.7,6.8,5.5,4.5,4.5,3.5,3.5,3.0,5.9,3.6,3.1
17029,9.9,9.4,8.8,8.8,6.8,6.1,5.9,4.7,4.7,3.9,7.5,5.3,4.4
17031,11.0,10.6,9.7,9.7,7.6,6.3,6.2,5.1,4.2,3.9,10.6,7.0,4.9
17033,8.6,7.3,7.7,8.3,6.5,5.9,6.3,5.2,5.4,4.2,7.1,5.2,4.3
17035,9.2,8.6,7.8,7.8,6.0,5.3,5.2,4.0,4.0,3.3,5.8,4.3,3.6
17037,10.6,9.4,8.5,8.1,6.6,5.6,5.3,4.6,4.4,4.0,8.3,5.8,4.4
17039,8.8,8.5,8.1,8.3,6.6,5.6,5.7,4.7,5.0,4.2,6.7,5.1,4.2
17041,8.9,8.1,7.2,6.9,5.9,4.9,4.7,4.1,4.0,3.4,5.7,3.9,3.4
17043,9.0,8.3,7.5,7.4,5.8,4.8,4.8,4.0,3.2,3.0,7.6,4.5,3.5
17045,11.3,10.5,9.7,9.4,7.2,6.3,6.0,4.9,4.8,4.1,6.9,4.2,3.6
17047,8.8,8.1,7.9,8.5,6.8,6.0,5.8,4.7,4.6,4.1,9.0,5.4,4.5
17049,7.9,6.9,6.6,6.9,5.5,4.8,4.8,3.8,3.7,3.1,6.6,4.0,3.1
17051,10.1,9.2,9.0,9.2,7.6,6.6,6.5,5.5,5.2,4.2,7.6,5.3,4.5
17053,9.5,8.6,7.5,7.3,5.9,5.3,5.4,4.8,4.7,4.2,6.7,4.6,4.2
17055,12.4,11.2,10.7,11.8,9.3,8.1,8.1,6.5,6.1,5.2,10.6,6.8,5.4
17057,11.8,10.5,10.0,10.9,8.6,7.6,7.4,6.4,6.2,5.4,8.6,5.8,5.1
17059,9.7,8.9,8.5,9.4,7.2,6.7,7.6,5.9,5.9,4.9,9.7,6.3,5.2
17061,9.4,8.7,8.4,8.6,6.8,6.1,5.8,5.1,4.8,4.1,6.8,5.0,4.3
17063,13.4,12.9,11.5,11.7,8.8,7.0,6.9,5.8,4.8,4.6,8.5,5.3,4.8
17065,9.5,8.7,8.0,7.8,6.0,5.5,6.2,4.5,4.4,3.7,7.1,4.7,3.6
17067,10.6,9.2,8.3,8.4,6.5,6.2,6.5,5.1,4.7,4.5,6.9,4.4,4.1
17069,10.9,10.8,10.6,11.3,8.8,8.5,9.4,7.6,7.5,6.3,10.0,7.1,5.4
17071,9.4,8.0,8.0,7.9,6.4,6.0,6.1,5.1,4.8,4.6,7.0,4.1,4.2
17073,9.2,7.8,7.4,7.7,6.7,6.1,6.0,5.1,5.0,4.6,7.9,5.0,4.4
17075,10.2,9.3,8.6,8.5,6.5,5.7,5.5,4.6,4.4,4.0,6.3,4.9,4.6
17077,8.3,8.0,7.9,7.9,6.5,5.6,5.4,4.5,4.5,3.6,7.8,5.6,4.4
17079,9.0,7.8,7.7,7.9,6.5,6.2,6.3,5.0,5.0,4.1,6.1,4.3,3.9
17081,10.3,9.3,9.3,9.5,7.5,6.8,6.4,5.4,5.2,4.4,10.2,6.4,4.9
17083,9.2,9.0,9.1,8.9,7.2,6.3,5.8,4.8,4.8,4.2,7.5,4.4,3.7
17085,9.0,7.9,7.6,7.6,6.2,5.5,5.4,4.5,4.3,3.9,8.3,4.5,3.8
17087,12.6,11.7,11.6,12.1,9.6,8.5,8.7,7.5,7.5,5.8,9.2,6.2,5.6
17089,11.2,9.8,9.0,8.6,6.9,5.8,5.5,4.8,4.9,4.3,9.2,6.0,4.7
17091,12.7,11.7,10.7,10.5,8.2,6.9,6.5,5.5,5.5,4.8,9.0,6.7,5.5
17093,10.2,9.4,8.4,8.4,6.5,5.3,5.2,4.4,3.6,3.4,8.0,4.7,3.9
17095,9.6,8.8,8.4,8.8,7.0,6.1,6.1,5.2,5.3,4.8,8.7,6.7,5.4
17097,10.0,8.9,8.2,7.9,6.5,5.4,5.2,4.5,4.5,4.0,8.1,5.4,4.4
17099,12.1,10.7,10.1,10.3,8.2,7.0,6.8,5.6,5.7,5.1,9.5,6.1,5.1
17101,10.8,10.7,10.3,10.2,7.8,7.1,7.4,6.4,6.2,5.3,9.9,6.6,5.8
17103,10.1,9.1,8.3,8.0,6.3,5.3,5.1,4.3,4.3,3.8,6.9,4.7,4.1
17105,10.1,8.5,7.8,8.0,6.4,5.4,5.4,4.5,4.3,3.9,6.8,5.1,4.1
17107,8.8,7.8,7.5,8.1,6.5,5.4,5.3,4.6,4.7,4.2,6.8,5.0,4.4
17109,8.6,7.9,7.7,8.3,6.9,6.1,6.3,5.0,4.9,4.5,7.2,5.1,4.3
17111,10.7,10.0,9.0,8.7,6.6,5.5,5.4,4.4,3.6,3.4,8.0,4.8,3.9
17113,7.1,6.6,6.4,6.5,5.5,4.8,5.1,4.1,4.1,3.6,6.9,4.7,3.7
17115,11.2,10.0,9.9,11.2,8.6,7.0,6.6,5.5,5.5,5.1,10.0,7.8,5.8
17117,10.4,9.7,9.5,9.4,7.5,6.3,6.0,4.9,4.9,4.1,7.0,4.7,3.9
17119,9.9,9.0,8.9,8.9,7.1,6.0,5.9,4.8,4.5,3.8,7.8,5.0,3.9
17121,11.0,10.0,9.8,10.0,7.7,6.8,6.4,5.2,4.9,4.3,9.3,6.0,4.8
17123,10.3,8.9,8.4,9.1,7.1,6.6,6.6,5.4,5.3,4.6,7.3,5.7,4.9
17125,12.3,10.7,10.1,10.9,8.7,7.1,7.1,6.1,5.9,5.1,8.0,5.5,4.7
17127,9.6,8.9,9.7,9.8,8.0,7.3,7.1,6.5,6.9,5.4,10.1,5.9,5.0
17129,7.7,7.3,7.2,7.2,5.8,4.8,4.7,4.2,4.1,3.7,6.5,4.3,3.7
17131,10.0,8.4,7.8,7.8,7.0,6.2,6.2,5.1,5.2,4.8,8.1,5.0,4.3
17133,7.4,6.7,6.7,6.7,5.4,4.4,4.1,3.4,3.4,2.9,5.6,3.2,2.9
17135,12.4,12.0,11.3,10.9,8.8,7.6,7.1,5.7,5.9,5.0,8.8,5.6,4.7
17137,8.5,8.1,7.8,7.8,6.0,5.0,4.9,4.4,4.4,3.9,6.9,5.1,4.2
17139,8.6,7.6,7.1,7.1,5.5,4.4,4.6,3.9,3.8,3.2,5.2,3.7,3.4
17141,12.5,11.5,10.2,9.8,7.5,6.2,5.9,5.1,5.0,4.7,8.2,5.9,5.0
17143,10.6,9.3,8.4,9.6,7.8,6.9,6.9,5.9,5.6,4.9,10.4,7.3,5.3
17145,11.2,10.2,10.7,11.0,8.5,7.1,7.1,6.0,5.9,5.0,9.6,6.1,5.2
17147,7.9,6.9,6.7,6.9,5.5,4.9,4.9,4.1,4.2,3.5,5.5,4.2,3.6
17149,9.0,8.1,7.6,7.5,5.8,5.2,5.1,4.5,4.8,4.2,6.0,4.2,4.3
17151,9.6,8.8,8.6,9.2,8.4,7.0,7.2,6.5,6.0,5.3,7.2,4.9,4.7
17153,12.6,12.0,11.4,12.5,10.5,8.9,8.4,7.9,8.0,6.4,11.9,9.6,7.3
17155,12.1,10.3,9.4,9.9,7.7,6.2,5.6,5.0,5.3,4.9,8.4,5.1,4.9
17157,8.9,8.3,8.4,8.4,6.7,5.4,5.0,4.4,4.4,3.5,7.1,4.5,3.8
17159,9.0,8.2,8.1,8.3,6.5,5.9,5.9,4.8,4.6,3.9,6.8,4.5,3.9
17161,9.6,8.5,8.0,8.3,7.1,6.4,6.3,5.1,5.2,4.8,9.5,5.7,4.5
17163,10.4,9.7,9.6,9.8,7.9,6.6,6.1,5.1,5.0,4.3,9.2,6.2,4.5
17165,10.3,9.5,9.1,10.5,8.3,7.8,8.6,6.4,6.4,5.1,9.9,6.8,5.3
17167,7.9,7.5,7.5,7.5,6.1,5.3,5.0,4.4,4.4,3.9,8.3,5.7,4.2
17169,8.3,8.0,7.9,8.3,6.8,5.9,5.6,4.6,4.4,4.0,6.4,4.2,4.3
17171,8.8,8.3,8.8,8.9,7.0,5.9,5.7,5.2,5.2,4.6,6.7,5.2,5.0
17173,9.8,9.1,8.6,8.7,6.8,5.9,5.7,4.4,4.3,3.7,6.7,4.4,4.2
17175,9.9,8.8,8.2,9.5,7.6,6.7,7.4,6.3,6.2,5.5,7.4,5.6,5.1
17177,11.2,9.8,9.1,9.4,7.4,6.6,5.9,4.7,4.6,4.2,7.4,5.7,4.7
17179,10.0,8.3,7.5,8.6,6.8,6.3,6.4,5.3,4.8,4.2,8.2,5.1,4.3
17181,12.1,11.7,11.0,11.2,8.9,7.7,7.4,6.4,6.4,5.4,8.2,5.9,5.3
17183,11.6,10.0,9.3,10.6,8.6,7.1,7.3,6.5,6.2,5.0,9.3,6.7,5.3
17185,9.8,8.9,8.0,7.5,6.0,5.7,6.3,5.2,5.0,4.1,9.7,4.8,3.5
17187,7.8,7.2,7.1,7.3,5.9,5.2,5.3,4.2,4.2,3.9,6.3,4.8,4.1
17189,7.3,6.6,6.4,6.2,4.8,3.8,3.8,3.0,2.9,2.5,5.3,3.1,2.5
17191,9.0,8.0,7.7,7.7,6.7,6.9,8.5,6.2,5.5,4.6,8.4,4.9,4.1
17193,8.6,7.9,7.6,7.6,5.9,5.7,6.6,4.9,4.3,3.7,8.1,5.1,4.1
17195,10.4,9.5,8.8,8.7,7.0,6.2,5.8,4.8,4.5,4.1,8.1,5.0,4.2
17197,11.2,10.7,9.8,9.9,7.7,6.3,6.1,5.1,4.2,4.0,9.1,5.7,4.5
17199,9.8,9.1,8.7,9.0,7.2,6.2,6.1,5.1,5.1,4.1,8.8,5.7,4.5
17201,14.1,11.9,10.6,10.5,8.4,7.0,6.7,6.4,5.7,5.4,11.5,8.6,6.1
17203,7.7,6.4,6.0,7.1,5.6,5.1,5.5,4.4,4.1,3.6,6.2,4.1,3.6
18001,9.8,7.6,6.9,6.0,4.6,3.8,3.5,2.6,2.6,2.7,5.7,2.4,2.2
18003,10.5,9.1,8.3,7.4,5.7,4.6,4.2,3.3,3.1,3.1,7.9,4.1,2.9
18005,9.3,7.4,6.3,5.9,4.4,3.6,3.3,2.7,2.6,2.5,6.7,3.2,2.4
18007,9.0,7.7,7.3,6.9,5.4,4.5,4.2,3.4,3.2,3.2,5.4,3.0,2.5
18009,14.0,12.0,11.3,9.7,7.4,6.0,5.3,4.0,3.8,3.9,8.1,4.1,3.5
18011,7.4,6.6,6.0,5.6,4.4,3.7,3.3,2.8,2.7,2.5,4.4,2.3,2.1
18013,10.1,9.0,7.9,7.3,6.0,4.8,4.0,3.4,3.1,3.0,6.9,3.6,3.5
18015,9.6,8.1,7.2,6.9,5.2,4.3,4.2,3.4,3.3,3.0,6.4,3.3,2.9
18017,10.6,9.2,8.5,7.5,5.7,4.6,4.6,3.8,3.7,3.5,7.0,4.0,3.3
18019,9.3,8.7,7.7,6.8,5.4,4.5,4.1,3.5,3.4,3.3,7.3,3.5,2.8
18021,10.9,10.2,9.7,8.8,6.7,5.3,4.6,3.7,3.9,3.6,6.7,3.9,3.4
18023,9.9,8.4,7.9,7.0,5.1,4.0,3.8,3.0,2.8,2.7,5.8,3.0,2.6
18025,12.6,11.6,10.5,9.8,7.6,6.0,5.6,4.4,4.5,4.1,7.3,4.1,3.6
18027,6.3,6.0,5.9,5.5,4.5,3.8,3.5,2.8,2.7,2.6,3.9,2.6,2.3
18029,10.6,9.5,8.8,8.3,6.6,5.1,4.6,3.8,3.6,3.5,7.1,3.3,2.7
18031,11.3,9.6,8.0,6.6,4.9,4.0,3.5,2.9,3.0,2.8,7.6,3.2,2.6
18033,11.6,9.5,8.2,7.0,5.2,4.1,3.9,2.9,2.8,2.8,7.0,3.0,2.7
18035,11.2,9.9,9.2,8.5,7.0,5.7,5.1,4.2,4.0,3.8,7.5,4.4,3.6
18037,7.3,5.9,5.6,5.2,4.1,3.4,3.1,2.6,2.5,2.4,4.6,2.6,2.3
18039,13.0,10.5,8.8,7.1,5.1,3.9,3.4,2.5,2.6,3.1,7.7,2.8,2.6
18041,14.3,12.3,11.0,10.1,7.8,6.5,5.7,5.0,4.6,4.7,9.9,4.9,4.5
18043,8.6,7.8,7.0,6.2,5.1,4.3,4.0,3.3,3.3,3.1,6.6,3.1,2.5
18045,11.5,9.4,8.3,9.6,7.0,5.9,5.7,4.0,3.6,3.5,6.7,3.2,2.8
18047,11.1,9.8,9.4,8.5,6.5,5.0,4.3,3.6,3.7,3.4,6.0,3.0,2.7
18049,11.1,9.0,8.2,8.1,6.2,4.7,4.6,3.5,3.3,3.1,6.7,3.7,3.1
18051,7.8,7.2,6.7,5.7,4.5,3.8,3.6,2.9,2.6,2.5,6.3,2.8,2.3
18053,11.3,10.2,9.6,8.9,6.8,5.4,4.9,3.8,3.8,3.7,6.5,4.1,3.3
18055,10.4,10.2,10.3,10.0,7.9,6.8,6.5,4.7,4.4,4.1,6.3,3.8,3.9
18057,6.5,5.7,5.2,4.9,4.1,3.4,3.2,2.7,2.7,2.5,4.8,2.4,2.2
18059,9.0,8.0,7.2,6.5,5.2,4.2,3.7,3.0,3.0,2.8,5.7,2.8,2.6
18061,9.6,8.8,7.6,6.9,5.6,4.6,4.1,3.4,3.4,3.2,6.4,2.9,2.5
18063,7.6,6.8,6.2,5.7,4.6,3.8,3.4,2.9,2.9,2.7,5.1,2.8,2.5
18065,13.5,11.3,9.9,8.7,6.8,5.3,4.6,3.6,3.5,3.3,6.7,3.6,3.2
18067,12.3,10.2,8.9,8.0,6.3,5.0,4.6,3.8,4.1,4.0,11.1,6.8,5.0
18069,11.6,9.6,8.7,7.6,5.8,4.4,4.0,3.5,3.5,3.3,6.7,3.3,2.7
18071,10.3,8.6,7.4,6.4,5.0,4.0,3.6,3.0,2.8,2.6,7.3,3.3,2.8
18073,10.2,8.9,8.0,7.6,6.7,5.8,5.3,4.3,3.9,3.7,7.2,3.9,3.4
18075,10.4,8.8,7.8,7.6,5.8,5.0,4.5,3.5,3.3,3.0,6.7,3.0,2.7
18077,11.1,9.6,8.4,7.8,6.1,4.8,4.6,3.7,3.4,3.4,7.6,3.5,2.8
18079,12.6,11.3,10.2,9.0,6.7,5.1,4.7,3.8,3.6,3.3,7.8,4.0,3.3
18081,8.6,7.6,6.9,6.1,5.0,4.1,3.6,2.9,2.9,2.7,5.7,2.9,2.4
18083,8.0,7.3,7.0,6.6,5.2,4.6,4.3,3.4,3.1,3.0,6.1,3.1,2.7
18085,10.7,8.8,7.6,6.5,4.9,4.0,3.7,2.7,2.6,2.8,6.3,3.1,2.6
18087,11.7,8.8,7.0,5.8,4.4,3.6,3.4,2.5,2.5,2.8,6.5,2.2,2.2
18089,10.5,9.4,9.0,8.9,7.9,6.8,6.2,5.1,4.9,4.9,10.5,6.5,4.7
18091,11.7,10.2,9.6,9.1,7.6,6.2,5.8,4.4,4.3,4.3,9.8,5.4,3.8
18093,12.4,11.4,10.8,9.9,8.1,6.5,5.6,4.3,3.8,3.6,7.1,3.8,3.4
18095,11.8,10.7,9.8,9.2,7.1,5.6,5.0,3.9,3.9,3.7,8.1,4.5,3.4
18097,10.3,9.7,9.1,8.3,6.5,5.0,4.4,3.6,3.5,3.3,8.1,4.9,3.2
18099,11.0,9.3,8.1,7.2,5.4,4.1,3.7,3.0,3.1,3.1,6.6,2.9,2.6
18101,7.4,7.4,7.0,6.2,5.3,4.2,4.0,3.0,2.7,2.6,4.4,2.8,2.8
18103,12.2,10.2,9.6,8.5,6.6,5.2,4.7,3.9,4.0,3.9,8.3,4.9,4.2
18105,7.7,7.4,7.2,6.7,5.7,4.9,4.6,3.6,3.6,3.3,5.7,3.3,2.9
18107,9.9,8.7,8.1,7.0,5.4,4.0,3.8,3.0,3.0,3.0,5.3,2.9,2.6
18109,10.1,9.1,8.3,7.4,5.8,4.7,4.2,3.5,3.4,3.1,5.6,3.2,2.8
18111,11.1,9.7,9.4,8.8,6.9,5.8,5.5,4.8,4.3,4.2,7.0,4.1,3.7
18113,12.8,9.9,8.5,7.2,5.2,4.2,4.0,3.1,2.9,3.1,8.5,3.6,2.9
18115,10.8,9.3,8.7,8.1,6.9,5.5,4.8,3.6,3.5,3.5,7.5,2.8,2.2
18117,12.4,11.6,10.6,9.7,7.7,5.9,5.0,3.9,3.9,3.4,11.3,4.7,3.5
18119,11.3,11.0,10.7,9.9,8.1,6.3,5.5,4.3,4.3,4.0,6.5,4.0,3.3
18121,10.7,10.2,10.1,9.1,7.0,5.6,5.1,4.0,4.0,3.8,5.6,3.2,3.1
18123,10.3,8.9,8.3,7.6,5.8,4.7,4.5,3.8,3.7,3.3,6.7,3.4,3.1
18125,9.3,7.7,7.3,6.7,5.1,4.3,4.3,3.3,3.5,3.3,5.9,3.9,3.2
18127,9.2,8.0,7.5,7.1,6.2,5.3,5.1,4.0,3.8,3.8,8.2,4.2,3.3
18129,7.6,6.7,6.7,6.2,4.8,3.9,3.9,3.0,2.8,2.7,5.0,2.9,2.4
18131,9.7,7.9,7.3,6.9,5.4,4.5,4.4,3.4,3.1,3.0,6.2,3.2,2.6
18133,11.4,10.6,9.8,8.5,6.6,5.1,4.4,3.6,3.8,3.4,6.4,3.4,3.2
18135,11.5,10.2,9.4,8.5,6.4,4.9,4.4,4.1,3.9,3.7,6.7,3.3,3.0
18137,10.9,9.2,8.8,8.4,6.6,5.3,4.5,3.5,3.6,3.2,6.5,3.1,3.1
18139,10.9,9.4,8.4,7.3,5.6,4.3,3.7,3.0,2.8,2.7,6.4,3.1,2.5
18141,11.3,9.9,9.3,8.5,6.5,5.0,4.5,3.5,3.5,3.6,8.6,4.6,3.5
18143,12.8,11.6,10.2,8.8,6.8,5.4,4.8,3.8,3.9,3.6,8.6,4.3,3.4
18145,10.7,9.3,8.2,7.2,5.7,4.4,3.9,3.3,3.1,2.9,7.4,3.3,2.5
18147,8.6,7.5,7.1,6.5,5.1,4.1,4.0,3.3,3.3,3.1,5.7,3.1,2.7
18149,13.0,11.2,10.5,9.3,7.2,5.9,5.3,4.4,4.3,4.3,8.2,4.7,3.8
18151,10.8,8.8,7.2,6.1,4.8,3.9,3.6,2.9,2.6,2.7,6.4,2.8,2.2
18153,9.8,9.1,9.2,8.9,7.1,6.2,5.8,4.4,4.6,4.3,7.1,4.2,3.9
18155,9.1,8.0,7.6,7.3,5.9,4.9,4.8,4.0,3.9,3.3,8.2,3.8,2.8
18157,8.6,7.3,6.9,6.5,5.0,4.2,4.0,3.2,3.2,3.0,6.6,3.7,2.9
18159,10.0,8.8,7.7,6.6,5.2,4.0,3.8,3.0,2.8,2.7,6.3,3.3,2.9
18161,10.0,8.6,7.9,7.1,5.6,4.4,4.0,3.1,3.1,3.2,5.6,2.6,2.5
18163,8.7,7.8,7.5,7.0,5.4,4.2,4.1,3.2,3.2,3.1,7.3,4.0,3.1
18165,12.6,11.5,11.2,10.6,8.6,7.1,6.5,5.3,5.5,5.3,7.7,4.5,3.7
18167,10.9,10.1,9.8,9.2,7.6,6.1,5.3,4.2,4.4,4.4,8.0,4.7,3.6
18169,11.1,9.4,8.4,7.5,5.5,4.8,4.2,3.5,3.4,3.1,6.2,3.3,2.8
18171,10.3,8.0,7.3,8.6,6.1,4.9,4.8,3.3,3.2,3.0,5.6,2.9,2.6
18173,7.8,6.9,6.7,6.2,4.9,4.0,4.0,3.1,2.9,2.9,5.5,2.9,2.6
18175,11.9,10.4,9.3,8.6,6.6,5.2,4.5,3.7,3.5,3.3,7.1,3.4,2.7
18177,12.5,10.9,9.8,8.5,6.5,5.3,4.7,3.7,3.6,3.5,6.9,3.9,3.2
18179,9.5,8.1,7.1,6.2,4.8,3.9,3.5,2.9,2.8,2.7,5.9,2.9,2.4
18181,10.2,8.5,7.7,6.7,5.1,4.0,3.9,3.3,3.0,2.7,5.2,3.0,2.6
18183,11.2,9.1,7.8,6.8,5.1,4.1,3.8,2.9,2.9,3.0,6.1,3.0,2.5
19001,5.6,4.9,4.4,4.2,4.0,3.2,2.9,2.8,2.4,2.3,3.9,2.9,2.2
19003,4.9,4.5,4.0,3.7,3.3,2.8,2.6,2.3,2.0,1.7,3.7,2.7,2.0
19005,8.0,7.3,6.5,6.3,5.6,4.8,4.9,3.9,3.1,3.4,5.0,4.2,3.9
19007,7.4,7.0,6.6,6.4,5.7,4.8,4.7,3.7,3.4,3.5,5.2,3.9,3.0
19009,5.7,5.8,4.8,4.9,4.3,3.9,3.3,3.0,2.5,2.4,3.4,2.9,2.3
19011,6.3,5.9,5.3,5.1,4.6,3.8,3.6,3.2,2.8,2.9,5.0,4.0,3.1
19013,6.3,5.9,5.5,5.1,4.9,4.5,4.6,3.7,2.8,3.1,6.1,4.2,3.0
19015,5.8,5.0,4.3,4.1,3.4,3.0,2.8,2.4,2.2,2.3,4.0,3.2,2.3
19017,5.0,4.4,3.9,3.8,3.7,3.5,3.5,2.8,2.1,2.2,3.8,3.0,2.4
19019,6.1,5.8,4.8,4.7,4.6,4.2,4.1,3.1,2.6,2.7,4.5,3.4,2.9
19021,4.8,4.6,4.2,4.0,4.0,3.6,3.5,2.6,2.1,2.1,3.6,2.9,2.4
19023,6.2,5.1,4.5,4.5,4.2,4.3,4.3,3.5,2.8,3.1,4.6,3.4,2.9
19025,6.1,5.8,5.5,5.2,4.8,4.3,3.7,3.0,2.6,2.5,4.0,3.6,2.6
19027,4.4,4.1,3.8,3.4,3.2,2.6,2.5,2.3,1.9,1.9,3.9,2.8,2.0
19029,6.4,6.1,5.2,5.0,4.3,3.6,3.2,3.5,2.7,2.7,3.8,3.4,2.6
19031,5.5,5.3,4.6,4.3,3.9,3.4,3.3,2.8,2.5,2.4,4.3,3.4,2.7
19033,7.0,6.2,5.6,5.4,4.6,3.9,3.6,3.0,2.6,2.7,5.1,3.9,2.9
19035,4.6,4.8,4.4,4.3,5.1,5.1,3.6,2.5,2.2,2.4,3.7,3.1,2.4
19037,7.6,6.4,5.2,5.0,4.7,4.5,4.4,3.1,2.7,2.8,4.6,3.3,2.6
19039,7.8,7.1,6.0,5.5,4.5,4.0,3.3,3.1,2.9,2.8,5.3,3.9,3.0
19041,6.0,5.5,5.1,4.5,4.2,3.6,3.8,3.7,3.3,2.7,4.4,3.4,2.8
19043,7.3,6.3,5.7,5.6,5.0,4.1,4.2,3.9,3.2,3.5,5.6,4.7,3.9
19045,7.2,6.7,6.2,5.8,5.2,4.9,4.9,4.0,3.3,3.6,6.6,4.8,3.6
19047,4.8,4.8,4.5,4.4,4.1,4.1,5.4,4.0,3.5,3.5,5.1,4.7,4.2
19049,4.6,4.3,3.9,3.6,3.3,2.8,2.6,2.1,1.7,1.9,3.5,2.7,2.1
19051,7.3,6.2,5.8,5.5,5.1,4.4,4.2,3.3,2.7,2.8,3.9,3.1,2.5
19053,6.2,5.1,4.5,4.5,3.8,3.3,3.2,2.6,2.3,2.2,3.8,3.1,2.5
19055,6.2,5.6,4.5,4.3,3.8,3.3,3.4,2.6,2.1,2.3,3.9,3.0,2.4
19057,7.6,6.9,6.2,6.0,5.0,4.7,4.9,4.2,3.3,3.8,7.3,5.7,4.3
19059,6.9,6.4,5.7,5.3,4.7,3.8,4.3,3.6,3.2,2.8,5.0,3.6,2.8
19061,5.9,5.1,4.5,4.5,4.1,3.6,3.5,2.9,2.5,2.6,5.7,4.0,2.9
19063,7.2,5.7,4.5,4.1,3.9,3.7,4.2,3.1,2.8,2.5,4.9,3.7,3.0
19065,7.3,6.3,5.4,5.3,5.0,4.5,4.4,3.6,3.0,3.5,5.4,4.3,3.2
19067,7.4,6.6,6.3,5.5,4.5,3.7,3.6,3.2,2.7,3.5,5.9,3.9,3.0
19069,6.3,5.2,4.5,4.5,3.9,3.3,3.4,2.7,2.2,2.3,3.7,3.4,2.6
19071,6.0,5.9,5.1,4.2,3.9,3.3,3.3,2.6,1.9,2.7,3.0,2.7,2.5
19073,6.0,5.7,5.0,4.7,4.0,3.5,3.1,2.7,2.3,2.3,4.2,3.1,2.1
19075,5.8,5.1,4.6,4.4,4.1,3.8,3.4,2.9,2.5,2.7,4.3,3.3,2.6
19077,6.6,6.2,5.6,5.1,4.4,3.7,3.6,3.2,2.7,2.9,4.9,3.9,2.9
19079,7.4,9.0,6.9,5.5,4.5,4.2,3.7,3.2,2.7,2.8,4.3,3.9,2.8
19081,6.8,5.7,4.6,4.0,3.3,2.7,2.7,2.6,2.3,2.4,4.6,3.5,2.4
19083,6.6,6.0,5.4,5.1,4.3,3.9,3.9,3.1,2.9,3.1,4.5,3.8,3.1
19085,5.7,5.6,5.1,4.5,4.0,3.4,3.4,2.7,2.3,2.4,4.0,3.6,2.8
19087,8.5,6.9,6.0,5.3,4.4,3.9,3.5,2.9,2.5,2.6,5.2,3.8,3.0
19089,6.5,5.5,4.6,4.6,4.0,3.6,3.6,3.0,2.6,2.7,4.4,3.5,3.2
19091,5.3,5.1,4.2,4.1,3.8,3.3,2.9,3.0,2.5,2.6,4.1,3.2,2.5
19093,5.2,4.9,4.0,4.0,3.6,3.1,2.5,2.3,2.0,1.9,3.5,2.9,2.3
19095,5.6,5.1,4.5,4.1,4.2,3.5,3.1,2.6,2.1,2.2,4.3,3.5,2.6
19097,7.4,6.6,5.5,5.4,5.0,4.2,4.1,3.3,2.8,3.1,6.0,4.5,3.3
19099,7.5,6.8,6.0,5.1,4.4,3.8,3.5,3.1,2.7,2.9,5.2,3.9,3.1
19101,7.2,6.1,5.3,5.0,4.4,3.8,3.6,3.0,2.3,2.4,5.4,3.8,2.5
19103,4.3,4.1,3.7,3.4,3.1,2.6,2.6,2.4,2.0,2.0,4.7,3.4,2.3
19105,6.5,5.9,5.3,5.3,4.9,4.1,4.2,3.6,3.0,3.1,5.6,4.1,3.3
19107,6.6,6.2,5.5,5.1,4.4,4.2,4.3,3.5,2.9,3.2,4.8,4.0,3.1
19109,5.2,4.4,3.9,3.6,3.2,2.8,2.6,2.3,2.1,2.2,3.7,3.0,2.4
19111,9.0,8.2,7.2,7.1,5.9,5.3,6.0,5.3,4.1,3.8,6.4,5.4,4.7
19113,6.1,5.8,5.2,5.0,4.4,3.8,3.6,3.3,2.8,2.8,6.2,4.5,3.2
19115,7.4,6.2,5.5,5.1,4.5,3.8,3.9,3.2,2.7,3.0,4.8,3.9,3.2
19117,6.2,5.4,4.8,4.7,3.9,3.5,3.1,2.8,2.0,2.0,3.6,2.9,2.2
19119,3.9,3.2,3.0,2.9,2.5,2.0,2.0,1.7,1.6,1.6,2.5,2.1,1.9
19121,6.5,6.1,5.6,5.1,4.5,3.9,3.5,3.5,3.2,3.6,5.6,4.1,3.2
19123,6.9,5.9,5.2,4.8,4.4,3.9,3.7,3.2,2.5,2.5,4.7,3.4,2.5
19125,6.0,5.5,4.8,4.5,3.8,3.2,3.0,2.6,2.1,2.1,4.1,2.9,2.1
19127,7.0,6.7,6.4,6.0,5.4,5.0,4.9,4.5,4.5,4.4,6.9,5.8,5.4
19129,5.3,5.0,4.6,4.4,4.4,4.0,3.6,2.7,2.1,2.3,3.9,3.2,2.4
19131,5.3,4.8,4.6,4.3,3.6,2.8,2.6,2.1,1.8,1.7,3.3,2.8,2.1
19133,7.3,7.0,6.4,5.7,5.0,4.3,4.0,3.6,2.8,2.9,4.7,4.0,2.9
19135,7.3,6.8,5.8,5.7,5.1,4.4,4.6,3.7,3.0,3.0,5.1,3.8,2.9
19137,8.2,6.0,5.1,4.9,4.1,3.5,3.5,3.1,2.5,2.6,4.6,3.8,2.5
19139,8.2,6.7,5.8,5.2,4.5,3.8,3.8,3.2,2.7,2.8,5.8,4.3,3.1
19141,4.7,4.3,3.8,3.6,3.3,2.8,2.7,2.4,2.0,2.1,3.3,2.8,2.2
19143,5.0,4.5,4.2,3.8,3.3,2.8,2.6,2.0,1.9,1.9,2.8,2.2,1.8
19145,6.9,5.8,5.4,5.3,4.4,4.1,5.0,3.8,2.5,2.5,4.9,3.8,2.5
19147,6.1,4.8,4.3,3.7,3.6,3.1,3.1,2.6,2.2,2.2,4.5,3.1,2.6
19149,4.6,4.5,4.1,4.0,3.4,2.8,2.5,2.3,1.9,2.2,3.5,2.8,2.2
19151,5.2,4.5,4.0,3.8,3.5,3.0,2.8,2.4,1.8,1.9,3.4,2.8,2.2
19153,6.1,5.8,5.2,4.8,4.2,3.6,3.4,3.0,2.6,2.8,5.9,4.1,2.8
19155,5.9,5.7,5.1,4.6,4.3,3.6,3.4,2.7,2.4,2.4,5.2,3.9,2.9
19157,5.9,5.7,4.9,4.6,4.2,3.6,3.4,3.1,2.4,2.6,4.8,4.1,2.8
19159,4.8,4.7,4.4,4.3,3.8,3.3,3.5,3.0,2.8,2.8,3.8,3.1,2.3
19161,4.8,4.5,4.3,4.2,3.9,3.3,3.0,2.8,2.4,2.3,3.5,3.0,2.5
19163,6.7,6.2,5.7,5.6,5.2,4.6,4.5,3.6,3.0,3.2,6.7,4.9,3.3
19165,4.6,4.4,3.8,3.8,3.1,2.8,2.9,2.3,2.0,2.1,3.5,2.9,2.3
19167,4.0,3.8,3.5,3.5,2.9,2.4,2.3,2.0,1.8,1.8,2.6,2.2,1.9
19169,4.3,4.0,3.6,3.3,2.9,2.5,2.3,2.0,1.6,1.8,3.5,2.7,2.1
19171,6.5,6.2,6.0,5.6,5.3,4.3,4.1,3.4,3.0,3.0,5.0,4.3,3.4
19173,5.7,4.8,4.1,3.8,3.7,3.1,2.9,2.2,2.0,1.9,3.6,2.9,2.0
19175,5.7,5.4,5.1,4.9,4.7,4.1,3.8,3.1,3.6,3.1,5.7,4.1,2.8
19177,7.4,6.4,5.8,5.5,4.5,4.0,3.6,3.0,2.7,2.6,4.5,3.5,2.9
19179,8.1,7.3,7.0,6.3,5.5,5.1,5.7,4.5,3.5,3.6,5.9,4.5,3.3
19181,5.7,5.3,4.8,4.5,4.0,3.4,3.2,2.7,2.3,2.5,4.5,3.4,2.5
19183,5.2,4.8,4.2,3.8,3.6,3.1,2.9,2.9,2.4,2.4,4.0,3.4,2.7
19185,6.3,5.6,5.5,5.2,5.0,3.9,3.7,3.0,2.8,2.6,4.4,3.3,2.6
19187,7.1,7.1,6.4,5.3,4.8,4.3,4.0,3.7,3.3,3.0,5.2,4.2,3.1
19189,6.8,6.1,5.4,4.8,4.2,3.9,3.4,3.1,2.6,2.7,6.3,3.8,2.8
19191,5.6,5.1,4.6,4.6,4.2,3.6,3.5,3.0,2.7,2.8,4.8,3.8,3.2
19193,6.7,5.8,5.2,4.8,4.4,3.7,3.5,3.1,2.5,2.6,5.2,3.9,2.8
19195,7.4,6.5,5.5,5.2,4.5,3.9,3.4,3.0,2.8,2.7,5.3,3.9,2.8
19197,7.3,7.0,5.4,4.5,4.1,3.9,4.1,3.4,2.6,2.5,3.9,3.8,2.7
20001,8.1,7.9,7.1,6.1,5.0,5.1,5.6,4.8,4.0,3.5,5.3,3.2,2.8
20003,7.6,7.5,6.5,5.8,5.1,4.8,4.3,3.9,3.5,3.3,4.0,2.6,2.2
20005,9.7,8.9,7.7,8.6,6.5,6.1,6.2,5.2,4.6,5.2,6.7,3.9,3.4
20007,4.5,3.9,3.9,4.0,3.1,4.2,3.7,2.8,2.5,2.5,3.2,2.0,2.0
20009,5.9,5.1,4.5,4.1,3.5,4.2,4.5,3.6,3.2,3.1,4.6,3.0,2.6
20011,8.9,8.8,7.6,6.5,5.2,4.8,4.8,4.4,4.2,4.3,5.7,3.9,3.5
20013,6.6,5.9,5.3,5.0,4.1,4.0,3.6,3.2,3.0,3.1,4.4,2.8,2.3
20015,7.7,6.9,6.2,5.5,4.8,4.3,4.2,3.7,3.4,3.2,6.5,3.6,2.7
20017,5.5,5.4,5.3,5.6,4.1,3.6,3.5,2.6,2.6,2.8,5.4,2.5,2.1
20019,8.9,8.1,6.5,6.2,5.4,5.7,5.2,4.7,4.0,3.8,6.1,4.1,2.8
20021,9.0,8.0,7.8,6.4,5.0,4.4,4.4,3.9,3.7,3.4,5.2,3.0,2.6
20023,4.0,4.3,3.6,3.4,3.1,2.7,2.8,2.6,2.3,2.4,2.1,1.9,2.4
20025,4.4,3.8,3.5,3.1,2.6,2.4,2.8,2.5,2.4,2.3,2.0,1.9,1.9
20027,5.5,5.6,5.2,5.0,4.4,4.3,4.1,3.7,3.2,3.2,4.4,2.7,2.6
20029,5.6,5.4,5.0,4.3,4.2,3.8,4.1,4.3,3.5,3.2,4.0,2.9,2.7
20031,7.5,7.7,7.0,5.9,5.7,5.7,6.2,5.2,4.7,4.5,5.1,3.3,3.4
20033,4.4,4.3,3.9,3.5,3.1,3.3,3.1,2.9,2.5,2.6,3.3,2.2,2.2
20035,7.7,6.9,6.2,5.8,4.6,4.6,4.4,3.8,3.4,3.3,6.5,3.6,2.9
20037,8.6,7.8,6.6,5.9,5.3,5.1,4.8,4.2,4.0,3.9,5.5,3.3,2.9
20039,4.9,4.8,4.4,4.0,3.5,3.6,3.9,3.1,2.9,3.0,3.6,2.7,2.8
20041,6.5,6.5,6.0,5.9,5.0,5.2,4.4,3.8,3.5,3.5,4.8,3.1,2.7
20043,8.7,7.7,6.3,5.4,4.5,4.3,3.9,3.5,3.6,3.3,4.6,2.9,2.5
20045,5.8,5.6,5.1,4.8,4.1,3.7,3.5,3.2,3.1,2.9,5.9,3.2,2.6
20047,5.3,4.4,4.0,3.7,3.3,3.0,3.0,3.1,2.4,2.6,2.9,2.2,2.2
20049,8.3,7.5,6.8,5.7,5.1,4.8,4.9,4.2,3.4,3.8,4.9,3.0,2.6
20051,3.9,3.5,3.4,3.1,2.7,3.0,3.1,2.5,2.4,2.3,3.4,2.0,1.9
20053,4.7,4.0,3.5,3.3,2.9,3.7,3.8,3.0,2.8,2.8,3.1,2.3,2.3
20055,4.5,4.2,4.5,4.3,3.4,3.5,3.1,2.7,2.5,2.3,3.3,2.2,2.0
20057,4.1,4.2,3.9,4.0,3.8,3.4,3.2,2.8,2.5,2.5,3.3,2.2,2.1
20059,8.8,8.2,7.2,6.1,5.1,4.6,4.2,3.7,3.6,3.3,5.3,3.2,2.4
20061,9.0,9.0,8.7,8.7,7.2,6.2,5.6,4.9,4.7,4.3,7.0,4.4,3.7
20063,3.3,3.3,3.0,3.4,2.6,2.5,2.4,2.3,2.2,2.1,2.6,2.0,2.1
20065,4.7,4.1,3.4,4.2,3.2,4.0,4.4,3.6,3.1,3.0,4.5,3.0,2.3
20067,4.3,4.1,3.9,3.6,3.4,3.6,3.6,3.2,2.8,2.8,4.0,3.2,2.9
20069,3.2,3.2,3.1,3.0,2.7,2.3,2.3,2.0,2.0,2.0,2.2,1.8,1.9
20071,3.4,3.1,3.0,2.4,2.1,2.1,2.1,1.8,2.0,2.2,1.7,1.3,1.5
20073,7.4,6.5,5.6,5.3,4.5,4.6,4.9,4.2,3.5,3.2,5.2,2.9,2.4
20075,3.1,2.8,2.7,2.9,2.3,2.0,2.7,2.4,2.0,1.9,1.6,1.4,1.7
20077,6.2,5.6,4.3,4.0,3.7,3.9,3.6,3.7,2.9,2.5,4.4,2.7,2.1
20079,7.1,6.0,5.4,4.9,4.2,3.9,4.2,4.1,3.2,2.9,5.3,3.0,2.5
20081,3.6,3.5,3.4,2.9,2.6,2.5,2.6,2.2,2.2,2.3,2.3,1.9,1.9
20083,3.7,3.8,3.4,3.8,3.4,3.1,2.6,2.5,2.4,2.5,2.5,1.8,2.1
20085,6.1,5.9,5.6,5.1,4.1,3.7,3.5,3.1,3.0,2.9,5.3,2.7,2.3
20087,7.4,7.0,6.0,5.7,4.8,4.2,3.9,3.5,3.2,3.1,4.8,3.1,2.7
20089,5.4,4.6,4.3,3.6,3.8,4.4,4.3,3.4,2.8,2.8,2.9,2.3,2.5
20091,6.0,5.3,4.6,4.3,3.8,3.4,3.2,3.0,2.9,2.8,5.0,2.8,2.3
20093,4.4,4.3,3.9,3.6,3.1,3.2,3.1,2.5,2.3,2.3,2.5,1.7,1.9
20095,6.9,6.3,6.1,5.4,4.0,4.3,4.4,3.7,3.2,3.2,5.3,3.1,2.4
20097,5.2,4.2,3.8,3.4,3.3,3.0,2.7,2.5,2.4,2.3,3.1,2.1,2.2
20099,9.4,8.9,7.9,7.2,5.8,5.7,5.4,4.5,4.0,4.0,5.6,3.5,3.0
20101,4.2,4.6,4.6,3.5,3.2,3.3,3.1,3.3,2.8,2.6,2.9,2.1,2.9
20103,7.5,7.2,6.4,6.0,5.0,4.5,4.3,3.9,3.7,3.4,5.8,3.4,2.9
20105,5.9,5.1,4.9,4.6,4.1,3.4,3.4,2.8,2.5,2.3,2.9,2.3,2.3
20107,11.0,11.0,9.9,8.7,7.4,6.4,6.4,5.9,5.9,6.0,7.1,4.4,3.9
20109,3.5,3.2,3.0,2.8,2.2,2.4,2.5,2.1,2.1,2.0,2.4,1.7,1.8
20111,6.6,6.3,5.8,7.2,5.1,4.3,4.1,3.8,3.5,3.4,4.6,3.0,2.5
20113,5.1,4.5,4.1,3.9,3.2,3.0,3.1,2.7,2.5,2.2,3.4,2.2,1.9
20115,5.9,5.6,5.1,4.7,4.0,3.8,3.9,3.6,3.1,2.9,4.0,2.5,2.4
20117,5.0,4.6,4.2,3.8,3.2,2.9,3.0,2.8,2.6,2.9,3.0,2.0,2.0
20119,4.2,3.7,3.3,3.1,2.6,3.0,2.7,2.4,2.0,2.3,2.7,2.3,1.9
20121,7.5,7.1,6.3,5.6,4.7,4.3,4.1,3.7,3.6,3.3,4.9,3.0,2.5
20123,4.7,3.6,3.0,2.9,3.2,3.3,3.3,2.7,2.2,2.4,2.6,2.1,1.9
20125,10.5,9.8,7.7,6.8,5.7,6.4,6.1,5.2,4.3,4.1,7.3,4.0,3.0
20127,6.7,6.6,6.1,5.4,4.4,4.3,3.8,3.1,2.7,2.7,3.9,2.4,2.3
20129,4.3,3.6,3.7,3.9,3.9,4.2,3.9,3.7,3.2,2.9,3.0,2.6,2.6
20131,4.2,3.8,3.6,3.4,2.8,2.6,2.7,2.4,2.3,2.8,2.8,1.9,1.8
20133,10.1,9.2,8.8,8.5,7.5,7.4,7.2,5.2,4.9,4.6,6.3,4.4,3.5
20135,3.9,3.3,3.2,3.1,2.7,3.3,3.4,2.9,2.7,2.5,3.3,2.3,2.1
20137,3.8,3.5,3.1,2.8,2.4,2.5,2.4,2.2,2.1,2.2,2.6,1.8,1.9
20139,8.1,8.1,7.2,6.6,5.4,5.0,4.4,3.9,3.8,3.6,5.1,3.1,2.8
20141,4.8,4.4,4.3,4.2,3.7,3.5,3.4,2.7,2.5,2.0,2.7,1.9,2.1
20143,5.9,5.7,5.4,4.5,4.1,3.8,3.8,3.1,2.8,2.7,4.1,2.9,2.5
20145,4.6,4.5,4.1,4.4,3.8,3.7,3.3,3.3,3.2,2.9,3.6,2.3,2.4
20147,5.1,5.0,4.5,4.2,3.5,3.2,3.1,2.9,2.5,2.6,3.3,2.2,2.2
20149,5.2,4.9,4.7,4.6,3.9,3.6,3.5,3.1,2.8,2.8,4.1,2.6,2.4
20151,5.5,5.0,4.5,4.0,3.2,4.0,4.1,3.2,2.7,2.5,3.5,2.3,2.1
20153,3.4,3.5,2.7,2.8,2.4,2.3,2.4,2.3,2.1,2.3,2.5,1.6,1.8
20155,6.3,5.9,5.4,5.3,4.4,4.3,4.4,3.9,3.6,3.2,5.4,3.3,2.8
20157,4.3,3.8,3.8,3.4,3.0,2.7,2.7,2.8,2.7,2.5,3.2,2.4,2.1
20159,5.4,5.1,4.4,4.3,3.5,3.8,4.0,3.2,2.9,2.8,4.1,2.5,2.2
20161,4.9,4.7,4.4,4.2,3.7,3.4,3.4,3.0,2.9,2.8,4.8,2.9,2.7
20163,6.2,5.3,4.6,4.2,3.6,4.6,4.7,3.8,3.2,3.5,3.9,2.5,2.5
20165,5.3,4.3,4.6,4.3,3.5,3.5,4.0,3.2,2.8,2.8,4.6,2.5,2.2
20167,5.0,4.6,4.1,4.0,3.5,3.7,4.2,3.3,2.9,2.9,4.1,2.5,2.2
20169,6.1,6.0,5.7,5.0,4.2,3.8,3.7,3.2,3.1,3.0,5.4,3.1,2.4
20171,3.8,3.7,3.1,2.9,2.7,2.8,2.4,2.2,1.9,1.9,2.4,1.6,1.8
20173,8.7,7.8,6.9,6.1,5.3,4.8,4.6,4.2,3.8,3.5,8.7,4.7,3.1
20175,4.9,4.5,4.1,4.1,3.5,4.3,4.3,3.5,3.2,3.1,4.2,2.9,2.5
20177,6.9,6.7,6.2,5.8,4.7,4.2,4.0,3.6,3.5,3.3,5.8,3.2,2.7
20179,3.3,3.1,2.8,2.7,2.6,2.2,2.4,2.2,2.2,2.2,2.3,1.9,1.9
20181,4.7,4.0,3.8,4.0,3.2,2.9,3.3,2.9,2.8,2.7,3.3,2.6,2.3
20183,4.3,4.0,3.9,3.6,3.1,3.9,3.2,2.8,2.5,2.5,2.6,1.8,2.0
20185,5.0,5.0,4.6,4.4,3.7,4.0,3.7,3.3,2.7,2.7,3.6,2.3,2.3
20187,4.0,3.9,3.5,3.7,3.3,3.0,2.8,2.8,2.6,2.5,2.2,2.0,1.9
20189,4.1,4.0,3.5,3.0,3.0,3.7,3.9,3.2,2.9,2.6,2.7,2.2,1.9
20191,8.8,7.5,6.4,5.6,4.7,4.4,4.2,3.8,3.5,3.4,8.2,4.2,3.0
20193,3.9,3.6,3.4,3.5,2.9,2.6,2.7,2.6,2.5,2.3,2.7,2.0,1.9
20195,4.6,4.6,4.3,3.7,3.1,3.5,4.0,3.3,3.1,2.8,3.4,2.3,2.4
20197,6.5,6.1,5.4,5.0,4.1,3.8,3.6,3.2,3.1,3.2,4.1,2.5,2.4
20199,5.9,5.4,4.2,3.2,2.5,2.7,2.7,2.6,2.5,2.7,2.0,1.8,2.0
20201,4.8,4.5,4.1,3.7,3.2,3.1,3.3,3.0,2.7,2.6,2.3,1.8,1.9
20203,3.4,3.8,5.2,3.5,2.8,2.9,2.3,2.5,2.1,1.9,1.9,2.0,2.0
20205,11.7,11.3,9.9,8.9,6.9,6.6,6.0,4.7,4.4,3.9,7.7,4.1,3.1
20207,7.8,6.7,6.2,6.3,5.2,5.0,5.7,4.4,4.4,4.2,6.0,3.6,3.5
20209,9.9,9.3,8.4,7.9,6.8,6.0,5.5,5.2,4.9,4.4,7.9,4.8,3.4
21001,12.5,11.7,9.5,10.1,8.6,7.1,6.5,5.9,4.9,5.1,7.0,4.8,4.7
21003,11.8,9.8,8.0,7.4,5.9,4.8,4.2,4.0,3.7,4.0,5.4,3.9,4.0
21005,9.7,8.3,6.9,6.4,5.2,4.1,4.0,4.0,3.5,3.6,5.9,3.8,3.3
21007,10.4,9.9,9.2,9.1,8.0,6.8,8.8,7.5,6.8,5.5,6.4,4.8,5.0
21009,11.3,9.8,7.9,7.6,6.3,5.1,4.6,4.5,4.3,4.3,7.4,5.1,4.2
21011,14.8,12.6,10.5,10.2,8.9,7.6,7.3,7.8,6.6,5.9,8.1,5.5,5.3
21013,12.3,11.9,12.0,13.2,10.1,8.5,9.1,7.8,6.1,6.1,7.6,5.5,5.2
21015,8.9,7.8,6.9,6.6,5.2,4.0,3.8,3.8,3.3,3.2,5.3,3.6,3.2
21017,9.1,8.4,7.3,6.9,5.6,4.7,4.7,4.5,3.9,3.7,5.7,3.7,3.6
21019,10.3,10.3,9.4,9.4,7.5,6.8,8.0,7.0,5.8,5.4,8.2,5.9,5.3
21021,11.3,10.7,9.0,8.7,6.9,5.5,4.9,5.0,4.3,4.4,7.1,4.8,4.1
21023,11.5,10.7,9.5,9.7,7.9,6.2,5.9,5.7,4.8,4.7,6.1,4.5,4.4
21025,13.6,12.7,14.5,14.8,11.4,9.7,9.7,8.6,7.1,7.1,10.0,8.1,7.5
21027,13.0,11.5,9.7,9.1,7.2,6.1,6.2,5.9,5.3,5.1,7.1,5.0,4.7
21029,10.8,9.9,8.1,7.3,5.8,4.5,4.1,4.1,3.9,3.9,6.2,4.5,4.2
21031,12.1,10.7,9.0,9.1,7.5,5.8,5.4,5.4,4.8,4.6,6.9,4.4,4.2
21033,10.6,9.6,8.4,8.1,6.5,5.5,5.4,5.2,4.6,4.8,6.0,4.0,3.5
21035,8.1,7.5,7.1,7.2,5.7,4.6,4.5,4.3,3.8,3.9,6.1,4.3,4.1
21037,9.2,8.3,7.0,6.5,5.2,4.1,3.8,3.7,3.2,3.3,5.4,3.8,3.4
21039,9.2,8.9,8.0,7.1,6.0,5.8,6.4,6.8,4.8,4.0,4.6,3.7,3.8
21041,14.6,12.1,10.3,9.1,7.1,5.5,4.9,4.5,4.0,3.8,5.8,3.9,3.3
21043,14.2,13.8,12.6,12.5,10.7,10.0,10.4,9.7,9.0,8.0,9.4,7.3,7.3
21045,11.1,10.0,8.4,8.5,6.8,5.7,4.8,4.7,4.6,4.0,6.1,4.0,3.9
21047,11.8,10.8,9.4,9.3,7.6,6.3,6.1,6.0,5.2,5.4,7.8,5.6,5.0
21049,10.9,9.8,8.2,7.5,6.1,5.1,4.7,4.5,4.0,3.7,6.4,4.2,3.7
21051,14.7,15.0,14.1,14.2,11.1,9.6,10.0,8.6,6.9,6.7,8.3,6.4,5.8
21053,11.1,11.4,11.0,10.4,9.0,8.3,7.4,6.4,5.3,5.3,5.0,4.3,5.0
21055,10.1,8.5,7.7,7.3,6.2,5.5,5.2,5.4,5.0,4.7,5.4,4.2,4.3
21057,11.9,11.0,10.8,10.6,7.5,5.9,5.6,5.2,4.4,4.0,4.8,3.4,3.3
21059,9.4,8.3,7.0,6.8,5.6,4.5,4.4,4.3,3.9,3.7,5.9,4.1,4.0
21061,13.4,11.7,10.0,9.9,8.3,6.9,6.1,5.9,5.2,4.8,7.5,4.9,5.0
21063,16.0,15.7,14.4,14.4,11.3,10.2,11.4,10.4,9.1,7.9,9.8,7.9,8.3
21065,13.7,12.4,10.0,9.6,7.5,6.1,5.8,5.9,5.3,4.8,7.4,4.9,5.0
21067,7.5,6.8,5.9,5.7,4.8,3.8,3.5,3.6,3.2,3.2,5.6,3.7,3.2
21069,11.6,10.6,9.1,9.4,7.7,6.3,6.2,6.0,5.3,5.2,7.2,4.7,4.6
21071,13.6,11.1,11.7,13.1,10.2,9.4,11.2,8.2,6.4,6.1,8.9,6.6,6.0
21073,8.8,7.9,6.7,6.5,5.3,4.2,4.0,4.0,3.6,3.6,6.4,4.2,3.5
21075,11.6,12.4,11.3,10.7,8.3,7.6,6.8,7.1,5.6,5.5,6.5,5.1,4.6
21077,12.4,10.7,9.4,9.2,7.0,5.1,4.8,4.5,4.0,3.8,5.9,4.1,3.7
21079,11.2,10.0,8.5,8.1,6.5,5.1,4.8,4.8,4.4,4.4,6.2,4.3,4.0
21081,11.9,10.6,9.1,8.2,6.5,5.3,4.8,4.8,4.2,3.9,6.9,4.3,3.9
21083,9.6,9.1,8.3,8.4,7.4,6.1,6.1,5.9,4.9,4.4,5.8,4.2,4.7
21085,14.4,12.2,10.3,10.2,8.4,6.6,6.6,6.0,4.8,4.8,7.6,5.3,4.7
21087,11.9,9.6,8.4,8.2,6.5,5.3,4.4,4.5,4.1,4.2,5.3,3.6,3.8
21089,11.6,11.2,10.0,10.1,8.5,7.5,8.5,7.5,6.4,6.3,8.7,6.5,6.0
21091,10.4,8.3,7.2,7.2,6.0,4.9,5.3,5.0,4.1,3.7,6.0,4.2,4.4
21093,9.8,9.2,8.2,7.6,6.2,4.9,4.4,4.5,4.0,3.9,7.0,4.5,4.2
21095,12.0,11.1,14.2,17.9,13.9,12.6,13.0,9.8,7.2,9.1,11.5,8.0,6.5
21097,11.2,10.1,7.9,7.5,6.0,4.6,4.7,4.5,4.0,4.1,6.0,3.7,3.4
21099,10.5,9.8,8.3,7.8,6.3,5.1,4.7,4.4,3.9,4.6,6.4,4.2,4.1
21101,10.4,9.0,7.6,7.4,6.1,4.8,4.7,4.5,3.7,3.7,6.0,4.3,3.9
21103,9.9,8.8,7.3,7.1,5.7,4.6,4.0,4.0,3.7,3.5,5.7,3.9,3.7
21105,8.3,8.9,8.1,7.1,6.2,6.0,5.9,7.4,5.6,4.7,5.2,4.2,4.4
21107,9.8,8.4,7.8,7.8,6.4,5.7,5.6,4.9,4.5,4.4,7.2,4.9,4.5
21109,14.2,13.5,11.8,11.5,11.4,8.8,7.8,8.3,6.9,6.1,8.4,6.0,5.8
21111,10.1,9.4,8.0,7.4,6.0,4.7,4.4,4.3,3.9,3.9,6.7,4.6,3.9
21113,8.6,7.8,6.7,6.4,5.2,4.1,3.9,3.7,3.6,3.5,5.5,3.8,3.3
21115,12.7,10.8,10.2,10.9,9.2,8.8,10.2,8.5,6.7,6.3,8.4,6.9,6.1
21117,9.9,8.8,7.4,6.9,5.5,4.4,4.1,3.9,3.4,3.4,5.6,4.0,3.4
21119,13.6,11.8,13.9,15.3,11.1,10.1,11.4,8.4,6.7,6.5,8.3,6.7,6.3
21121,13.6,13.3,12.9,12.9,9.9,8.1,7.9,7.5,6.1,5.7,8.0,5.9,5.5
21123,11.4,10.0,8.6,8.1,6.6,5.0,4.5,4.6,4.4,4.3,7.1,4.7,4.6
21125,11.5,11.4,10.2,9.7,7.6,6.2,6.1,5.8,5.0,4.7,6.8,4.3,4.3
21127,13.7,11.7,10.6,11.1,9.5,9.5,10.8,8.9,7.1,6.7,8.1,6.1,5.5
21129,12.7,12.6,12.7,12.4,9.7,8.6,9.6,8.3,6.3,5.5,6.8,5.3,5.6
21131,13.0,12.6,14.3,17.4,12.8,11.1,13.3,9.9,6.9,7.8,10.6,7.5,6.8
21133,11.5,10.2,13.5,16.6,12.3,11.5,12.3,9.2,6.3,7.1,9.9,7.1,6.3
21135,13.9,13.0,11.7,12.1,9.6,8.8,9.7,9.1,8.2,8.5,9.3,7.2,7.4
21137,12.9,12.2,10.3,10.6,8.8,6.7,6.0,5.6,4.9,4.8,7.8,5.3,4.9
21139,12.2,10.9,9.8,9.8,8.2,7.1,7.1,7.4,6.6,5.5,7.4,5.8,4.9
21141,10.0,8.9,7.6,7.0,5.6,4.8,4.3,4.3,3.8,3.9,5.4,3.6,3.6
21143,11.7,10.3,9.2,8.1,7.0,5.7,5.8,5.7,4.9,4.6,5.2,4.3,4.4
21145,9.2,8.6,8.0,7.8,7.0,5.7,5.7,6.0,5.5,4.7,6.9,4.8,4.1
21147,14.6,14.6,13.3,13.0,10.5,8.4,8.0,6.8,6.1,5.7,7.1,5.5,5.4
21149,10.3,8.9,7.7,7.6,6.3,4.8,4.8,5.3,4.9,4.3,5.6,4.1,4.6
21151,8.6,7.8,6.8,6.5,5.4,4.3,4.1,4.2,3.8,3.7,5.9,4.0,3.7
21153,20.6,17.1,17.3,17.4,13.9,15.6,19.6,16.0,12.6,10.5,15.7,11.6,10.8
21155,12.7,10.8,8.9,8.1,6.4,4.9,4.2,4.1,3.7,3.7,7.7,4.1,3.5
21157,10.6,9.2,8.1,8.0,6.7,5.5,5.7,5.8,5.2,4.5,6.0,4.4,4.2
21159,10.4,8.9,9.2,9.7,9.1,9.9,10.2,7.5,6.2,6.7,11.4,8.6,7.6
21161,11.4,10.3,9.5,9.9,7.9,6.1,6.3,6.1,5.4,5.5,7.8,5.3,5.0
21163,11.9,11.2,9.8,8.9,7.0,5.5,5.1,5.1,4.6,4.5,7.0,5.0,4.6
21165,15.7,14.0,11.7,12.0,9.8,8.5,8.6,8.6,7.4,6.7,8.7,6.5,5.9
21167,11.3,10.3,8.3,7.8,6.1,5.0,4.8,4.8,4.3,4.4,7.1,4.3,3.8
21169,13.4,11.2,8.0,7.7,6.1,5.1,4.5,4.0,4.1,4.6,7.7,5.1,4.6
21171,10.8,9.0,7.3,7.1,5.5,4.4,4.2,3.8,4.1,3.8,5.3,3.8,3.4
21173,12.3,11.2,8.9,8.4,7.4,6.5,6.4,6.5,5.8,5.1,7.8,5.0,4.6
21175,13.1,11.0,10.7,10.5,9.4,8.2,7.9,7.3,6.2,5.1,6.6,5.5,5.4
21177,11.1,10.3,9.9,9.3,7.6,7.2,7.2,6.8,6.6,5.9,8.5,6.2,5.9
21179,11.3,10.6,8.3,7.5,6.1,5.0,4.5,4.3,4.2,4.4,6.8,4.2,3.9
21181,10.2,9.0,8.3,8.6,7.7,6.2,5.7,5.5,4.5,4.2,6.8,4.1,4.2
21183,11.3,9.8,8.7,9.2,7.7,6.3,6.6,6.2,5.6,4.9,7.0,5.2,5.1
21185,7.6,6.9,5.9,5.6,4.7,3.8,3.4,3.4,3.2,3.1,4.7,3.4,3.4
21187,8.5,7.6,6.6,6.3,5.0,4.1,4.2,4.3,4.8,4.4,6.3,4.1,3.5
21189,13.4,13.3,12.9,12.5,10.4,10.0,9.6,8.2,7.2,6.9,9.4,6.8,7.1
21191,12.4,10.8,8.9,8.3,6.6,5.3,4.7,4.6,4.0,3.6,5.1,4.0,3.6
21193,11.8,10.4,12.6,13.8,10.3,9.0,10.7,8.1,6.1,5.7,8.7,5.9,5.2
21195,10.6,9.1,9.7,11.8,10.5,9.2,10.7,7.6,5.7,5.5,8.2,6.0,5.3
21197,15.7,12.9,11.0,10.7,8.4,7.0,7.1,6.5,5.8,5.1,7.2,4.6,4.3
21199,10.7,10.6,9.5,9.1,7.3,5.8,5.4,5.5,4.9,4.5,7.2,4.7,4.7
21201,11.7,11.1,10.5,10.8,7.8,6.5,6.1,6.1,4.8,5.2,5.9,4.0,5.2
21203,11.3,11.4,10.3,9.2,7.5,6.3,6.0,5.7,4.9,4.6,7.2,4.8,4.8
21205,10.2,9.5,8.4,8.2,6.9,5.9,5.9,5.7,5.1,5.1,7.3,5.0,4.7
21207,13.0,11.7,10.4,11.5,10.2,11.6,8.3,7.0,5.7,5.5,8.1,5.2,5.1
21209,8.8,7.9,6.6,6.0,4.9,3.9,3.7,3.6,3.2,3.3,6.1,3.5,3.1
21211,9.0,7.9,6.3,6.0,4.9,4.0,3.5,3.5,3.4,3.3,5.3,3.7,3.5
21213,13.1,11.0,8.6,7.4,5.9,4.7,4.4,4.5,3.8,4.3,7.1,4.0,3.5
21215,10.0,9.0,7.1,6.4,5.2,4.2,3.7,3.8,3.5,3.3,5.6,4.1,4.1
21217,12.4,10.8,9.6,9.4,7.7,6.0,4.9,4.3,4.1,4.0,5.9,3.8,3.8
21219,10.1,8.7,7.6,7.4,5.4,4.8,4.4,4.1,3.9,3.8,4.7,3.5,3.3
21221,14.2,11.3,9.4,9.0,7.0,5.6,5.5,5.6,4.7,4.5,6.8,4.9,4.6
21223,13.0,11.3,9.1,8.2,7.2,5.6,5.3,4.9,4.2,4.2,6.6,4.6,4.5
21225,9.8,9.0,7.8,7.6,6.4,6.7,6.7,5.9,4.8,4.3,6.2,4.3,4.4
21227,9.3,8.2,7.0,6.8,5.5,4.4,3.9,4.0,3.6,3.7,6.4,4.1,3.7
21229,10.2,9.2,7.5,6.8,5.4,4.4,4.2,4.1,3.6,3.8,6.2,3.7,3.6
21231,14.2,14.2,13.0,11.8,9.6,8.1,7.6,7.6,6.8,5.5,6.3,4.9,5.1
21233,9.5,8.0,7.1,7.1,5.4,5.2,5.9,5.1,4.1,3.9,6.3,4.2,4.0
21235,12.7,12.0,10.7,10.5,8.7,6.7,6.5,5.7,4.9,4.9,7.0,4.8,4.5
21237,16.5,14.8,14.3,14.1,11.2,10.1,10.0,9.0,7.5,6.8,7.5,5.7,5.8
21239,7.3,6.5,5.4,5.2,4.5,3.5,3.2,3.2,3.0,3.0,4.9,3.2,3.1
22001,6.8,6.3,5.7,5.7,5.6,6.8,7.4,5.9,5.3,5.1,7.7,5.1,3.6
22003,9.3,8.7,7.6,7.2,7.1,6.9,6.4,5.3,5.6,5.4,9.6,5.7,4.1
22005,7.0,6.7,5.8,5.4,5.2,5.0,4.9,4.3,4.1,4.0,7.0,4.3,2.9
22007,11.0,11.5,9.3,8.0,7.6,7.8,8.4,7.3,6.6,5.8,10.6,7.1,4.6
22009,7.9,8.0,7.2,7.2,7.1,7.5,7.1,6.1,5.6,5.6,8.4,5.4,4.1
22011,7.5,7.8,7.2,7.1,6.7,6.3,6.1,5.3,5.3,5.0,7.1,4.3,3.4
22013,9.5,9.7,8.6,8.3,7.8,8.3,7.6,6.0,5.8,5.7,8.1,5.9,4.2
22015,5.7,5.6,5.5,5.8,5.6,5.6,5.3,4.5,4.2,4.1,6.6,4.0,3.0
22017,7.7,7.5,7.4,7.6,7.3,7.1,6.6,5.8,5.4,5.2,9.4,6.3,4.1
22019,7.6,7.3,6.6,6.2,5.8,5.3,4.8,4.0,3.8,3.9,9.5,5.7,3.5
22021,10.3,9.6,8.3,7.9,7.6,8.3,7.6,5.7,5.7,5.9,7.8,4.8,3.8
22023,5.9,5.5,5.0,5.1,4.8,4.6,4.4,3.6,3.5,3.6,6.1,3.6,2.8
22025,9.8,9.8,8.5,8.1,7.9,9.6,9.3,7.0,6.7,6.2,7.5,5.3,4.1
22027,8.3,8.0,7.1,7.2,7.3,7.3,6.7,5.3,5.1,5.4,7.0,5.1,3.8
22029,9.4,9.1,8.4,8.2,8.4,8.6,8.3,7.8,6.9,6.2,8.7,6.0,4.6
22031,8.3,8.0,8.6,8.5,7.9,7.9,7.4,6.1,5.7,5.8,7.6,5.0,3.8
22033,7.2,7.2,6.4,6.0,5.6,5.4,5.2,4.4,4.3,4.3,8.2,5.3,3.5
22035,16.8,17.3,19.3,16.3,14.4,14.0,11.6,11.1,10.2,10.2,12.5,9.9,7.8
22037,7.9,8.1,7.2,6.6,6.3,5.9,5.8,4.8,4.6,4.5,7.1,4.7,3.2
22039,8.1,8.0,7.1,6.5,6.6,7.5,7.4,5.9,5.7,5.7,8.2,5.6,4.1
22041,10.5,11.1,9.9,9.7,9.3,9.6,9.1,7.5,7.1,6.9,8.6,6.0,4.8
22043,8.0,8.0,7.6,7.0,7.0,7.3,7.0,6.3,5.7,5.6,6.9,4.2,3.5
22045,8.2,7.5,6.5,6.2,6.2,8.1,9.4,7.3,5.8,5.2,10.0,7.0,4.2
22047,9.5,9.9,9.0,8.0,7.7,7.3,6.9,6.2,6.1,5.7,10.4,7.1,4.4
22049,6.9,7.0,6.5,6.2,5.8,6.0,5.6,4.5,4.6,4.6,5.7,3.9,3.2
22051,7.0,6.8,6.4,6.0,5.9,5.7,5.3,4.5,4.3,4.0,9.6,6.0,3.6
22053,7.1,6.8,6.2,6.0,5.8,6.2,6.0,4.9,4.7,4.5,8.0,5.0,3.5
22055,5.9,5.6,4.8,4.7,4.8,5.6,6.1,4.9,4.4,4.2,7.4,4.6,3.1
22057,5.8,5.8,5.0,4.7,4.7,5.4,6.3,5.2,4.7,4.3,6.9,4.8,3.4
22059,6.1,5.4,4.8,4.8,5.1,6.9,6.6,4.7,4.3,4.1,5.1,3.4,2.6
22061,8.3,8.8,8.2,7.5,7.4,6.9,6.2,5.2,5.1,5.2,6.6,4.4,3.5
22063,7.1,6.9,6.1,5.6,5.4,5.1,5.1,4.2,4.0,3.9,6.7,3.9,2.8
22065,11.4,12.1,11.5,10.6,10.9,9.2,9.0,8.1,8.2,7.7,9.0,6.9,5.0
22067,14.6,13.7,12.5,11.9,11.0,10.9,9.7,8.0,8.1,8.0,10.3,7.4,5.3
22069,8.5,8.8,8.5,8.0,7.6,7.5,6.7,6.0,5.8,5.8,7.2,4.9,3.9
22071,8.2,8.2,7.5,7.0,6.8,6.5,5.9,5.1,5.0,4.7,12.4,8.3,4.5
22073,7.8,7.9,7.4,6.9,6.8,6.6,6.1,5.3,5.1,5.1,7.8,5.2,3.7
22075,5.7,6.0,5.7,5.5,5.6,5.6,5.4,4.7,4.6,4.2,7.4,4.5,3.2
22077,8.2,8.7,7.8,7.3,6.9,6.6,6.5,5.6,5.3,5.2,8.3,5.8,3.9
22079,7.2,7.3,6.7,6.6,6.6,6.4,6.2,5.6,5.2,4.9,6.6,4.2,3.2
22081,8.0,7.3,7.0,7.3,7.1,6.9,6.0,5.2,4.4,4.9,6.6,4.5,3.4
22083,10.4,10.4,9.3,9.3,8.5,8.7,7.4,6.1,6.2,6.0,8.1,5.4,4.1
22085,6.9,6.8,6.6,6.5,6.4,7.1,6.9,5.5,5.1,4.9,5.9,3.9,3.2
22087,7.9,8.1,7.6,7.1,6.8,6.6,6.1,5.2,4.9,4.7,10.4,6.9,4.1
22089,7.0,6.8,6.3,6.0,6.0,5.7,5.3,4.5,4.3,4.1,8.1,5.1,3.3
22091,12.4,13.0,11.5,10.9,9.8,9.0,7.7,6.6,6.5,5.9,12.1,9.1,5.3
22093,11.1,11.6,9.7,8.9,8.4,8.4,7.5,6.6,6.2,5.8,10.3,7.4,4.6
22095,10.0,10.0,8.8,8.3,7.8,7.4,6.8,6.1,5.6,5.4,11.6,8.6,5.0
22097,9.1,9.0,7.9,7.5,7.5,8.0,8.1,6.7,6.2,6.0,9.1,6.4,4.4
22099,7.5,7.0,5.9,5.6,5.6,6.8,7.8,6.1,5.2,4.9,8.6,5.8,3.7
22101,8.9,8.4,7.1,6.3,6.2,7.6,9.4,7.9,6.5,5.7,9.6,6.8,4.3
22103,5.9,6.0,5.6,5.5,5.5,5.3,5.0,4.3,4.1,4.0,7.0,4.0,2.9
22105,9.2,9.1,8.1,7.7,7.5,7.2,6.8,5.7,5.4,5.3,10.0,6.5,4.3
22107,13.1,12.3,10.3,9.0,9.3,9.7,9.8,8.4,7.6,8.0,8.9,6.1,5.0
22109,6.1,5.9,5.1,4.8,4.8,5.9,7.0,5.7,4.9,4.5,8.1,5.9,3.8
22111,9.9,9.0,7.9,7.5,7.4,7.1,6.6,5.6,5.6,5.6,7.5,5.0,3.8
22113,6.9,6.3,5.5,5.4,5.5,6.9,7.6,6.0,5.3,4.9,7.8,5.2,3.5
22115,8.1,8.6,7.9,8.5,8.4,7.7,7.3,6.5,6.4,5.8,7.6,4.8,4.0
22117,9.1,9.0,8.4,8.0,7.7,7.6,7.0,5.8,5.7,5.7,8.6,6.0,4.2
22119,9.8,9.6,9.2,9.2,8.6,8.8,8.5,6.9,6.0,5.9,8.3,5.6,4.1
22121,7.4,7.4,6.6,5.9,5.7,5.6,5.3,4.6,4.4,4.4,7.5,5.0,3.3
22123,15.4,15.1,13.0,12.2,12.8,13.4,12.0,9.8,8.9,10.3,10.6,6.6,5.5
22125,6.3,6.3,5.8,5.7,5.6,5.2,5.2,4.2,3.9,3.9,5.8,3.8,2.6
22127,8.8,8.9,8.1,7.9,7.4,8.4,7.8,6.4,6.1,6.1,7.5,5.0,4.0
23001,8.9,7.9,7.5,6.7,5.4,4.2,3.6,3.2,3.1,2.8,5.1,5.0,2.9
23003,10.1,9.6,9.0,8.7,7.5,5.9,5.4,4.9,4.5,4.4,5.1,5.8,4.0
23005,6.8,6.2,5.8,5.3,4.4,3.4,2.9,2.6,2.5,2.3,4.9,4.1,2.3
23007,9.6,8.9,8.3,7.8,6.5,4.8,4.5,4.1,3.8,3.7,5.7,5.4,3.4
23009,9.2,8.7,8.3,7.9,6.7,5.6,4.5,3.9,3.6,3.3,5.4,5.0,3.4
23011,7.9,7.3,6.9,6.3,5.3,4.3,3.6,3.3,3.1,2.8,4.6,4.4,2.7
23013,7.7,7.2,6.6,6.0,5.1,4.1,3.5,3.2,3.0,2.8,5.0,4.5,2.9
23015,7.9,7.6,7.0,6.9,5.9,4.4,3.7,3.3,3.1,2.8,4.9,4.5,2.8
23017,11.1,10.3,9.3,8.3,7.0,5.5,4.6,3.9,3.7,3.4,6.1,5.7,3.2
23019,8.8,8.1,7.5,6.9,6.1,4.7,4.3,3.8,3.6,3.2,5.0,4.8,3.0
23021,11.1,9.9,9.1,8.9,7.2,5.5,5.0,4.1,3.9,3.6,5.1,5.1,3.7
23023,6.9,6.6,6.4,5.7,4.5,3.5,3.0,2.8,2.6,2.2,4.4,3.8,2.3
23025,11.5,10.6,9.6,9.2,7.8,6.6,5.6,5.0,4.6,4.3,6.2,6.3,4.0
23027,8.8,8.1,7.9,7.2,6.0,5.2,4.2,3.7,3.3,3.0,4.8,4.8,3.0
23029,11.2,10.3,9.9,9.3,8.1,6.4,5.5,5.0,4.7,4.4,5.8,6.5,4.1
23031,8.3,7.2,6.7,6.4,5.1,3.9,3.4,3.0,2.9,2.6,5.0,4.6,2.6
24001,9.5,9.1,8.8,8.4,7.5,6.8,6.0,5.5,5.3,4.9,7.4,5.9,3.7
24003,7.1,6.4,5.9,5.6,5.0,4.3,3.7,3.4,3.2,2.9,5.5,4.3,2.6
24005,8.4,7.8,7.2,6.8,6.0,5.2,4.5,4.2,3.9,3.5,6.5,5.2,3.0
24009,7.1,6.6,6.2,5.9,5.2,4.5,3.7,3.5,3.4,3.0,5.0,4.2,2.7
24011,9.5,8.7,7.6,6.9,6.2,5.4,4.6,4.1,3.7,3.4,5.3,4.4,2.9
24013,7.0,6.2,5.8,5.4,4.7,4.1,3.5,3.3,3.1,2.7,4.8,3.8,2.4
24015,9.7,9.0,8.2,7.6,6.5,5.9,5.0,4.6,4.3,3.7,5.6,4.7,3.1
24017,7.1,6.8,6.6,6.4,5.7,4.9,4.1,3.8,3.7,3.4,6.4,5.2,3.1
24019,11.6,11.2,10.7,9.7,8.3,7.0,6.0,5.5,5.0,4.4,6.3,5.2,3.4
24021,7.1,6.5,6.0,5.7,5.0,4.4,3.8,3.5,3.4,3.0,5.6,4.4,2.7
24023,9.1,8.5,8.2,8.0,7.0,6.2,5.5,5.0,4.6,4.1,6.3,4.8,3.2
24025,8.0,7.3,6.9,6.5,5.6,4.8,4.1,3.7,3.5,3.1,5.5,4.4,2.7
24027,5.8,5.2,4.9,4.8,4.3,3.7,3.2,3.0,2.9,2.6,4.9,4.0,2.4
24029,9.1,8.2,7.5,7.1,6.3,5.2,4.7,4.3,4.2,3.8,6.3,5.0,3.3
24031,5.8,5.3,5.1,4.9,4.3,3.8,3.3,3.2,3.1,2.8,6.0,5.0,2.7
24033,7.7,7.5,7.2,6.9,6.0,5.1,4.3,4.0,3.9,3.5,7.8,6.7,3.3
24035,7.5,6.9,6.2,5.8,5.0,4.4,3.8,3.5,3.2,2.9,5.2,4.0,2.5
24037,6.7,6.4,6.1,5.9,5.3,4.8,4.1,3.8,3.7,3.2,4.6,4.0,2.8
24039,12.1,11.8,11.1,10.6,9.3,8.1,7.0,6.6,6.8,5.9,8.1,6.8,4.4
24041,8.2,7.5,7.1,6.4,5.4,4.8,4.0,3.8,3.6,3.3,5.8,4.9,3.1
24043,9.8,8.8,7.7,7.3,6.4,5.5,4.9,4.5,4.2,3.7,6.5,4.9,3.1
24045,9.9,9.9,9.3,8.6,7.6,6.7,6.0,5.5,5.1,4.4,7.2,5.5,3.6
24047,13.7,13.9,12.8,12.5,11.4,10.4,9.0,8.2,7.9,7.0,10.9,7.4,4.7
24510,11.4,10.7,10.0,9.6,8.4,7.4,6.4,5.9,5.5,4.8,8.5,6.9,3.9
25001,9.6,9.0,8.3,8.2,7.2,6.1,5.1,4.8,4.5,4.0,10.7,6.3,4.6
25003,8.5,7.8,7.4,7.4,6.6,5.4,4.7,4.5,4.2,3.7,9.9,6.3,4.3
25005,10.3,9.4,8.8,8.6,7.4,6.1,5.1,4.9,4.4,3.9,10.7,6.1,4.5
25007,9.5,9.3,8.9,9.0,7.9,6.5,5.3,5.0,4.8,4.3,10.3,6.2,5.0
25009,8.4,7.6,7.1,7.0,6.0,5.0,4.1,3.9,3.6,3.1,10.3,6.0,3.8
25011,7.4,6.5,6.1,6.1,5.3,4.4,3.6,3.4,3.1,2.8,7.9,4.7,3.3
25013,10.0,9.3,8.6,8.6,7.6,6.4,5.4,5.2,4.8,4.3,10.9,7.1,4.8
25015,6.8,6.1,5.8,6.0,5.3,4.5,3.8,3.5,3.1,2.8,7.5,4.4,3.3
25017,6.7,5.9,5.4,5.4,4.7,3.9,3.3,3.1,2.8,2.4,7.6,4.4,3.0
25019,9.4,8.6,7.9,7.2,6.2,5.4,4.6,4.5,4.6,4.4,11.8,7.2,6.1
25021,7.2,6.3,5.7,5.7,5.0,4.2,3.5,3.4,3.1,2.6,8.7,4.8,3.2
25023,8.7,7.7,7.0,6.9,6.0,5.1,4.2,4.0,3.7,3.2,9.9,5.7,3.9
25025,7.4,6.6,6.2,6.1,5.3,4.4,3.7,3.5,3.1,2.7,10.2,5.6,3.5
25027,8.6,7.7,7.2,7.1,6.1,5.1,4.3,4.0,3.7,3.3,9.2,5.5,3.8
26001,17.3,13.8,12.5,13.2,10.6,8.1,7.7,7.1,6.6,6.4,10.4,6.9,6.7
26003,13.7,12.2,11.8,11.6,10.4,8.6,8.3,8.2,7.9,7.9,11.2,7.7,7.2
26005,11.0,8.4,7.3,6.6,5.4,4.2,3.9,3.7,3.3,3.2,7.6,4.6,3.6
26007,12.8,10.4,9.6,9.6,8.0,6.3,6.0,5.6,5.1,4.8,8.0,5.4,4.8
26009,15.5,12.8,11.4,11.3,9.5,7.6,7.1,6.5,5.7,5.2,10.1,6.8,5.7
26011,16.0,13.5,12.6,12.9,11.1,9.1,8.4,8.0,7.1,6.7,11.7,8.1,7.2
26013,18.8,15.8,13.9,14.3,11.3,9.2,8.3,7.6,6.1,6.4,12.3,7.6,7.2
26015,10.1,7.8,6.8,6.3,5.4,4.3,4.0,3.9,3.4,3.3,7.7,4.5,3.7
26017,11.2,9.4,8.6,8.6,7.2,5.8,5.5,5.5,4.8,4.7,9.5,5.9,5.1
26019,13.1,11.6,10.3,10.2,8.7,7.1,6.6,6.4,5.5,5.1,9.7,5.8,5.2
26021,11.7,9.8,8.9,8.6,6.8,5.3,5.0,4.8,4.3,4.1,9.1,5.7,4.4
26023,12.3,10.0,8.7,8.3,6.7,5.2,4.9,4.5,3.7,4.0,8.4,4.8,4.0
26025,11.4,9.4,8.2,7.8,6.3,5.2,4.8,4.8,4.2,4.2,10.1,6.4,4.7
26027,11.1,9.3,8.3,8.1,6.7,5.1,4.7,4.5,4.1,4.3,9.2,5.0,4.3
26029,13.6,11.7,10.7,10.6,8.2,6.1,5.6,5.5,4.8,4.7,10.2,5.8,4.6
26031,13.5,11.8,11.7,11.4,10.7,9.2,9.5,9.9,9.2,8.8,14.8,8.3,8.1
26033,11.6,10.4,9.9,10.4,9.5,7.9,7.7,7.6,6.6,6.3,9.4,6.4,6.2
26035,15.1,12.7,11.7,11.6,9.9,7.8,7.4,6.9,6.1,6.1,12.0,7.8,6.7
26037,8.1,6.6,6.0,6.0,5.0,4.0,3.7,3.6,3.2,3.0,6.8,4.4,3.8
26039,13.8,12.3,11.6,11.3,9.5,7.9,7.6,6.8,6.0,5.7,10.9,6.9,6.4
26041,12.2,10.3,9.8,10.2,8.5,6.9,6.6,6.2,5.3,5.3,9.1,6.0,5.4
26043,11.2,9.2,8.3,8.2,6.8,5.7,5.2,4.6,3.8,4.3,7.4,4.7,4.2
26045,9.4,7.7,6.8,6.6,5.7,4.5,4.2,4.0,3.5,3.4,7.9,5.2,4.3
26047,14.0,12.6,11.8,11.7,9.6,7.3,6.6,6.4,5.9,5.5,10.7,6.1,5.4
26049,13.7,11.1,10.0,9.8,8.0,6.3,5.8,5.6,4.9,5.0,11.6,7.3,5.4
26051,14.4,12.5,11.7,11.6,9.3,7.4,7.0,6.4,5.6,5.8,10.1,6.8,5.9
26053,12.7,11.4,11.0,10.7,8.9,7.4,6.2,5.9,5.1,5.1,8.1,5.4,5.0
26055,11.3,9.4,8.2,7.6,6.0,4.7,4.3,4.1,3.7,3.5,8.7,4.9,3.7
26057,11.5,9.6,8.9,8.8,7.1,5.8,5.2,5.4,4.7,4.4,8.3,5.5,4.5
26059,13.1,10.2,9.0,8.8,7.0,5.3,5.1,4.8,4.0,4.2,9.3,5.4,4.5
26061,10.4,9.2,8.8,8.8,7.7,6.4,6.2,5.8,5.1,4.9,7.6,4.9,4.7
26063,12.1,9.3,7.9,8.3,6.9,5.5,5.2,5.1,4.6,4.5,8.8,5.3,4.6
26065,10.0,8.5,7.7,7.6,6.2,4.7,4.3,4.2,3.6,3.6,7.8,5.5,4.3
26067,11.6,9.4,8.4,7.9,6.2,4.6,4.3,3.9,3.5,3.5,8.2,4.7,3.8
26069,15.4,12.3,11.1,11.3,9.8,7.6,7.4,7.3,6.4,6.0,10.9,7.0,6.3
26071,11.6,9.9,9.4,10.1,8.7,7.1,6.5,6.3,5.6,5.6,8.5,6.0,5.8
26073,9.5,8.0,7.3,7.2,5.9,4.9,4.7,4.4,3.9,3.8,8.7,5.2,4.7
26075,11.8,9.5,8.4,8.2,6.7,5.4,4.9,4.5,3.9,3.8,9.3,5.6,4.4
26077,9.7,8.1,7.2,6.8,5.6,4.4,4.1,4.0,3.4,3.3,7.6,4.9,3.8
26079,15.2,12.5,11.2,11.1,9.5,7.8,7.2,6.8,5.9,5.7,11.5,7.0,5.8
26081,9.9,7.9,6.7,6.2,5.0,3.8,3.6,3.4,3.0,2.9,7.9,4.6,3.4
26083,14.6,13.2,12.7,13.4,11.2,9.3,8.7,8.7,7.0,6.9,9.1,6.5,6.0
26085,15.8,13.1,12.9,13.2,11.2,8.7,7.6,8.0,6.8,6.4,11.2,8.0,7.0
26087,15.8,12.8,11.6,11.3,9.5,7.1,6.4,5.5,5.2,5.3,12.2,6.0,4.3
26089,10.0,8.8,7.9,7.6,6.7,5.3,4.9,4.7,4.3,3.8,8.2,5.1,4.1
26091,12.7,10.0,8.3,7.8,6.4,5.1,4.7,4.6,4.1,3.9,9.2,5.4,4.5
26093,10.8,8.7,7.8,7.4,6.3,4.6,4.1,3.4,3.3,3.2,8.6,4.1,2.9
26095,13.0,11.7,10.8,10.3,8.5,7.1,6.8,6.7,6.3,6.4,9.0,6.8,6.0
26097,14.2,12.6,12.0,12.2,11.2,9.8,10.0,10.0,9.5,9.3,13.6,8.5,8.8
26099,13.4,10.8,9.8,9.4,7.9,5.7,5.2,4.4,4.1,4.2,11.8,5.8,3.7
26101,12.7,11.5,10.7,10.5,8.5,6.7,6.6,6.4,5.8,5.6,11.3,7.1,5.8
26103,9.6,8.5,8.0,8.1,7.0,6.1,5.8,5.5,4.9,4.9,8.6,5.2,4.9
26105,12.2,10.6,9.6,9.1,7.5,6.2,5.9,5.7,4.9,5.0,9.6,6.3,5.2
26107,12.2,10.9,10.0,9.9,7.9,6.2,5.7,5.6,5.0,4.7,9.5,6.2,5.4
26109,11.3,8.8,7.9,7.7,6.9,5.5,5.2,4.8,4.1,4.1,6.7,4.4,4.2
26111,9.5,8.0,7.7,7.6,6.1,4.9,4.8,4.6,4.0,3.8,7.9,4.8,4.2
26113,12.3,10.4,9.5,9.1,7.8,6.6,6.0,5.8,5.1,4.8,9.5,5.4,4.9
26115,11.4,9.1,7.6,7.3,6.1,4.6,4.4,4.7,4.2,3.9,9.2,5.9,4.7
26117,13.7,11.1,10.1,9.5,7.6,5.8,5.4,4.9,4.3,4.1,9.5,5.5,4.4
26119,19.6,17.4,16.1,15.9,13.0,10.1,10.2,10.3,8.7,8.5,13.7,9.0,8.0
26121,14.1,11.0,9.9,9.8,7.7,5.9,5.5,5.2,4.6,4.3,11.9,7.2,5.0
26123,12.3,10.2,9.1,8.8,7.2,5.5,4.9,4.9,4.4,4.3,9.0,5.5,4.6
26125,11.4,9.2,8.2,7.7,6.4,4.7,4.1,3.5,3.4,3.3,9.1,4.6,3.0
26127,15.7,13.5,12.5,12.3,10.1,8.1,7.4,7.0,6.2,6.0,10.8,7.2,6.4
26129,14.1,12.3,11.3,11.7,9.8,8.0,7.9,7.6,6.9,6.7,11.3,7.6,6.8
26131,16.3,15.6,13.3,13.7,11.4,9.5,8.6,8.7,7.8,6.9,10.8,7.5,7.2
26133,13.2,10.9,9.8,9.9,8.5,6.6,5.8,5.9,4.4,4.1,8.6,5.4,4.6
26135,19.0,17.1,15.5,15.5,11.8,8.8,7.4,7.2,6.4,7.1,12.9,8.7,7.8
26137,13.8,11.7,10.6,10.3,8.1,6.2,6.0,5.9,5.3,5.0,10.6,6.6,5.3
26139,10.0,7.6,6.5,6.0,4.8,3.7,3.4,3.2,2.8,2.8,7.1,4.0,3.2
26141,16.9,15.5,14.3,14.6,12.8,10.3,9.7,9.1,8.0,7.6,11.5,7.7,7.5
26143,16.2,14.2,13.3,13.8,11.5,9.1,8.6,8.7,7.8,7.6,12.7,9.2,8.5
26145,11.9,9.8,9.1,9.0,7.5,5.8,5.4,5.3,4.8,4.8,10.3,6.8,5.4
26147,15.8,12.6,11.7,11.4,9.5,6.7,6.0,5.1,4.8,4.8,11.7,5.8,3.9
26149,12.2,10.4,8.8,7.7,5.8,4.6,4.2,4.1,3.7,4.3,9.4,5.0,4.1
26151,15.0,11.7,10.4,10.4,8.5,6.6,6.3,5.8,5.2,4.8,10.0,6.0,5.1
26153,13.2,12.8,12.4,12.7,11.0,11.0,9.2,8.2,7.2,7.1,10.1,7.9,7.5
26155,12.5,10.3,9.5,9.3,7.6,5.7,5.3,5.1,4.3,4.3,9.5,5.6,4.6
26157,14.3,11.5,10.4,10.4,8.6,6.8,6.4,6.1,5.5,5.1,10.4,6.2,5.3
26159,13.1,11.1,10.4,10.0,8.1,6.4,5.8,5.6,4.9,4.6,8.7,5.9,5.0
26161,7.9,6.5,5.9,5.8,4.9,3.8,3.7,3.5,3.1,2.9,6.7,4.3,3.5
26163,15.0,12.5,11.7,11.4,9.6,6.8,6.2,5.5,5.2,5.0,13.6,7.8,4.7
26165,14.0,11.7,10.9,11.0,8.6,6.8,5.9,5.5,4.7,4.6,10.5,5.8,4.8
27001,10.4,9.6,8.1,7.6,6.8,6.7,7.0,6.3,5.8,6.2,8.2,5.1,4.3
27003,8.0,6.9,5.9,5.1,4.2,3.7,3.7,3.4,2.9,3.1,6.4,3.7,2.5
27005,7.9,7.2,5.8,5.6,4.9,4.5,4.6,4.2,3.7,4.0,6.3,3.6,2.8
27007,8.2,8.2,7.0,6.3,5.4,5.0,5.2,4.9,4.2,4.3,6.4,4.0,3.1
27009,8.7,7.6,6.4,6.0,5.2,4.5,4.4,4.1,3.6,3.9,6.7,4.6,3.3
27011,6.5,6.5,5.3,5.5,4.5,4.5,4.8,4.5,3.9,4.2,4.8,3.7,3.1
27013,6.4,5.4,4.8,4.2,3.5,3.0,3.2,2.9,2.6,2.8,5.4,3.3,2.1
27015,6.9,5.9,5.7,5.3,4.7,4.2,4.2,3.7,3.5,3.7,5.2,3.3,2.6
27017,8.3,7.6,6.9,6.1,5.4,5.0,5.3,4.8,4.2,4.5,7.3,4.3,3.4
27019,6.7,5.5,4.9,4.4,3.7,3.2,3.3,3.0,2.5,2.8,5.2,3.0,2.1
27021,10.6,10.1,8.9,8.3,7.3,6.8,6.8,6.0,5.3,5.6,9.2,4.8,4.0
27023,7.3,6.3,5.3,5.2,4.6,4.5,4.5,4.0,3.3,3.9,5.2,3.2,2.3
27025,8.9,7.6,6.6,5.7,4.8,4.3,4.3,4.0,3.5,3.8,6.7,4.0,2.9
27027,5.6,5.6,4.9,4.4,3.5,3.2,3.4,3.2,3.0,3.1,4.4,2.9,2.1
27029,13.1,11.9,10.6,10.8,10.7,9.3,9.6,8.9,8.3,8.3,9.8,6.4,6.3
27031,7.2,6.9,6.3,5.9,5.8,4.5,4.6,3.9,3.5,4.3,8.4,4.8,3.3
27033,6.5,6.2,6.5,5.9,5.4,4.9,7.2,5.3,3.7,3.7,4.8,3.6,2.7
27035,9.5,8.8,7.7,7.0,6.0,5.3,5.1,4.5,4.1,4.4,7.3,4.3,3.1
27037,7.0,6.1,5.3,4.6,3.9,3.4,3.4,3.1,2.6,2.9,6.3,3.5,2.3
27039,6.9,6.0,5.1,4.8,4.3,3.8,3.7,3.4,3.1,3.4,5.5,3.4,2.5
27041,6.8,6.1,5.1,4.5,3.8,3.5,3.5,3.2,2.9,3.2,4.8,3.0,2.2
27043,8.0,7.1,5.9,5.5,5.3,4.5,4.4,4.2,3.6,4.2,6.2,4.0,3.0
27045,7.5,6.7,5.6,5.1,4.5,4.2,4.0,3.5,3.2,3.4,5.1,3.2,2.5
27047,7.7,6.7,5.8,5.1,4.4,3.9,3.8,3.7,3.3,3.5,5.7,3.7,2.5
27049,7.0,6.0,5.2,4.8,4.0,3.6,3.7,3.3,2.8,3.1,5.9,3.5,2.5
27051,8.0,6.9,6.2,5.8,5.1,4.8,4.7,4.1,4.1,4.5,5.4,3.9,2.8
27053,7.0,6.1,5.3,4.7,3.9,3.4,3.3,3.1,2.6,2.8,6.6,3.8,2.4
27055,7.7,6.9,5.8,5.1,4.5,3.9,3.9,3.5,3.0,3.2,4.4,3.0,2.2
27057,9.9,9.2,8.1,7.3,6.5,6.3,6.5,5.7,5.1,5.4,7.1,4.3,4.0
27059,9.6,8.3,7.0,6.1,5.2,4.4,4.7,4.4,3.8,4.1,6.8,4.4,3.2
27061,10.2,9.1,7.9,7.8,6.8,6.6,8.5,7.0,5.6,6.0,8.6,5.0,4.3
27063,5.9,5.4,4.6,4.2,4.3,4.1,4.5,3.7,3.0,3.5,5.3,3.4,2.4
27065,11.2,10.1,9.1,8.3,7.6,6.7,6.5,6.1,5.6,5.9,8.2,5.6,4.5
27067,6.7,6.0,5.3,4.8,4.3,3.8,3.8,3.3,3.0,3.6,4.9,3.8,2.7
27069,7.6,6.9,5.8,6.1,5.0,4.7,4.6,3.7,3.0,3.7,4.7,3.1,2.7
27071,8.7,8.4,8.0,8.4,8.7,8.3,8.5,7.2,6.3,6.4,7.5,4.7,3.8
27073,6.7,6.1,5.1,5.7,4.9,4.2,4.3,3.5,3.7,3.8,4.8,3.1,2.6
27075,8.3,6.9,6.0,6.3,4.7,4.9,6.4,3.9,3.2,3.7,7.3,3.8,4.7
27077,6.5,6.2,6.1,5.8,4.9,4.6,4.8,4.7,3.9,4.2,6.2,3.9,3.1
27079,8.8,7.6,6.5,6.2,5.5,4.9,4.9,4.7,4.2,4.5,6.9,4.5,3.4
27081,5.5,5.2,4.8,4.7,4.4,3.6,3.6,3.2,3.1,3.8,4.5,3.7,2.7
27083,5.6,5.3,4.4,4.2,3.7,3.3,3.6,3.2,2.9,3.2,4.5,2.9,2.4
27085,9.0,7.7,6.8,5.7,4.7,4.0,4.4,3.8,3.2,3.7,5.8,3.7,2.7
27087,8.3,7.6,7.0,5.9,5.8,5.9,5.8,5.1,4.7,4.8,13.2,6.5,4.7
27089,9.3,8.4,7.7,7.8,6.9,7.0,7.3,7.0,6.0,5.9,6.6,4.4,3.8
27091,7.3,6.7,5.6,5.3,4.8,4.2,4.1,3.5,3.2,3.8,5.4,3.5,2.6
27093,8.8,7.8,6.6,5.6,4.7,4.3,4.5,4.1,3.6,3.9,5.3,3.6,2.8
27095,11.1,9.6,8.4,7.6,6.9,5.9,6.0,5.6,5.0,5.5,8.6,5.6,4.3
27097,9.5,8.3,7.1,6.8,6.4,5.5,5.6,5.4,4.8,5.2,6.8,4.7,4.2
27099,6.1,5.7,5.0,4.5,3.9,3.3,3.2,2.8,2.8,3.1,5.1,3.4,2.4
27101,6.9,6.3,5.2,5.4,5.0,4.5,4.7,4.4,3.8,4.3,5.1,4.0,3.2
27103,6.1,5.1,4.6,3.8,3.1,2.7,2.8,2.6,2.3,2.6,4.9,3.0,1.9
27105,5.6,5.3,4.4,4.1,3.5,3.3,3.8,3.2,2.7,3.0,4.3,3.1,2.1
27107,6.9,6.7,6.0,5.8,5.1,4.8,4.8,4.7,4.4,4.9,6.4,4.2,3.4
27109,6.0,5.3,4.5,4.1,3.5,3.0,3.0,2.7,2.4,2.6,5.5,3.1,2.1
27111,7.2,6.4,5.6,5.3,4.6,4.3,4.4,4.0,3.7,4.2,5.5,3.6,2.9
27113,9.1,7.7,6.7,6.4,5.3,5.2,5.8,5.7,4.3,4.6,6.2,3.9,3.2
27115,9.9,8.8,7.6,7.0,6.3,5.7,5.8,5.8,5.0,5.6,8.7,5.4,4.2
27117,6.6,6.5,5.0,4.7,3.9,3.4,3.8,3.4,3.0,3.5,4.1,3.1,2.4
27119,6.7,7.1,6.3,5.5,4.7,4.3,4.3,4.2,3.8,4.0,5.7,4.1,2.8
27121,7.1,5.9,4.7,4.3,3.7,3.5,3.6,3.1,2.7,3.2,4.5,3.1,2.3
27123,7.5,6.7,5.8,5.0,4.1,3.6,3.6,3.3,2.8,3.0,7.0,4.2,2.6
27125,9.6,8.1,7.3,6.8,5.9,6.0,7.3,6.7,5.3,5.3,6.5,4.2,3.7
27127,6.8,6.1,5.6,5.6,4.5,4.0,4.1,4.1,3.7,3.7,5.6,3.6,2.5
27129,8.0,7.4,6.8,6.6,5.7,4.9,5.3,4.5,4.1,4.6,5.8,4.2,3.4
27131,7.8,6.7,5.9,5.0,4.2,3.6,3.5,3.2,2.9,3.1,5.4,3.5,2.5
27133,5.1,4.2,3.7,3.2,2.6,2.2,2.3,2.1,2.4,2.3,3.1,2.0,1.6
27135,6.4,5.4,4.8,4.5,3.8,4.1,5.1,4.9,3.5,3.9,5.8,3.2,2.4
27137,8.1,7.4,6.5,6.1,5.2,5.1,5.7,4.7,3.8,4.1,7.3,4.1,3.1
27139,6.9,5.8,5.0,4.5,3.7,3.2,3.2,2.9,2.6,2.8,5.9,3.3,2.2
27141,8.4,7.2,6.2,5.4,4.6,4.1,4.1,3.8,3.2,3.5,6.2,3.8,2.8
27143,7.9,6.9,6.0,5.6,4.7,4.2,4.3,3.6,3.3,3.9,5.7,4.0,3.1
27145,7.2,6.3,5.4,5.0,4.2,3.7,3.8,3.4,3.0,3.2,5.8,3.9,2.6
27147,7.8,6.5,5.5,4.6,3.9,3.4,3.6,3.4,3.1,3.2,5.5,3.5,2.7
27149,5.6,4.9,4.3,3.8,3.3,2.9,3.0,2.7,2.4,2.7,3.3,2.5,2.1
27151,8.1,7.2,6.2,5.9,4.9,6.2,5.4,4.1,3.7,4.4,5.9,3.9,2.9
27153,7.8,6.8,5.8,5.4,4.8,4.5,4.7,4.0,4.0,4.5,5.4,4.0,3.1
27155,6.2,6.0,5.1,5.1,4.7,4.2,3.9,3.6,3.3,3.7,4.5,3.2,2.4
27157,7.2,6.2,5.2,4.7,4.1,3.9,3.7,3.4,3.1,3.4,5.4,3.3,2.5
27159,10.2,9.0,7.9,7.1,6.3,6.0,5.9,5.6,5.4,6.3,7.8,4.7,4.0
27161,7.5,6.3,5.8,5.6,4.9,4.2,4.3,3.9,4.2,3.9,6.3,4.2,3.3
27163,6.7,5.9,5.2,4.5,3.7,3.2,3.3,3.0,2.6,2.9,5.7,3.2,2.2
27165,7.3,6.4,5.7,5.4,5.0,4.8,4.9,4.4,3.6,4.1,4.7,3.2,2.4
27167,5.5,5.6,4.8,4.2,3.5,3.4,3.3,3.1,3.1,3.4,4.2,3.0,2.1
27169,6.9,5.8,4.9,4.4,3.8,3.4,3.5,3.1,2.7,2.9,5.0,3.1,2.1
27171,8.1,6.8,5.9,5.1,4.3,3.8,3.9,3.6,3.1,3.3,5.6,3.4,2.5
27173,6.3,5.7,5.1,5.0,4.2,3.8,3.8,3.5,3.1,3.8,4.6,3.1,2.7
28001,11.2,10.6,9.7,9.3,8.4,8.1,8.4,7.5,6.5,7.2,10.8,7.9,5.1
28003,11.2,10.6,8.5,7.7,6.7,5.7,5.3,4.5,4.3,4.8,6.2,4.7,3.5
28005,11.6,11.2,9.9,9.1,8.1,7.7,7.5,7.0,6.3,7.0,8.3,7.1,5.1
28007,12.2,10.9,9.6,9.3,8.8,7.7,6.8,6.2,5.8,6.4,8.3,5.9,4.2
28009,12.1,12.1,10.4,10.4,9.5,8.1,6.9,5.7,5.8,6.3,8.2,6.3,4.8
28011,11.1,10.9,10.4,10.6,9.7,8.0,7.4,6.6,6.3,7.1,8.6,6.7,4.7
28013,9.0,8.5,8.2,8.4,7.5,6.3,5.5,4.8,4.8,5.7,8.0,5.1,4.0
28015,12.8,11.9,10.8,10.5,9.6,8.3,7.4,6.0,5.8,6.3,7.6,5.8,4.4
28017,11.7,11.2,10.0,10.6,9.8,7.8,6.7,5.4,5.1,5.8,10.7,6.1,4.4
28019,11.5,10.0,8.9,8.5,8.2,6.4,5.8,5.1,5.0,5.6,6.3,4.7,3.6
28021,16.3,15.6,15.1,16.9,14.8,12.7,11.6,10.0,9.4,10.7,14.2,11.2,8.0
28023,12.2,11.5,10.5,9.9,9.1,8.0,6.9,6.2,5.7,6.3,8.3,6.1,4.6
28025,16.0,14.6,13.8,15.4,13.4,9.7,8.3,7.0,6.2,7.5,11.5,6.8,4.0
28027,13.3,13.6,12.3,12.8,11.9,10.2,8.9,7.6,7.2,7.8,12.3,8.4,5.5
28029,11.1,11.3,10.8,10.5,9.0,7.3,6.7,5.9,5.7,6.7,8.2,6.3,4.3
28031,9.8,9.1,8.3,7.8,6.7,5.9,5.5,5.0,4.6,4.9,6.8,5.0,3.4
28033,7.2,7.0,6.3,5.9,5.4,4.9,4.3,3.9,3.9,4.5,5.9,4.3,3.2
28035,9.5,9.9,8.8,8.4,7.5,6.4,5.8,5.0,4.6,5.3,8.0,5.5,3.7
28037,11.1,10.6,9.6,9.2,8.5,7.8,7.3,7.0,6.1,7.0,8.2,6.7,5.2
28039,11.2,11.9,10.0,9.4,8.3,7.6,7.6,7.3,6.7,7.5,9.0,6.7,4.9
28041,11.6,11.8,11.0,10.1,9.0,7.6,7.4,7.7,6.4,8.0,9.6,7.3,5.6
28043,11.2,10.0,9.0,8.8,7.3,6.0,5.2,4.7,4.4,5.0,7.1,4.9,3.6
28045,8.7,9.3,8.3,7.8,7.3,6.6,6.2,5.7,5.2,5.7,8.3,5.7,4.0
28047,8.5,8.7,8.0,7.5,6.8,6.0,5.6,5.0,4.7,5.3,9.3,5.3,3.7
28049,9.6,9.3,8.6,8.4,7.3,6.1,5.6,5.0,4.8,5.3,9.3,6.0,3.8
28051,19.1,17.5,16.2,16.7,15.1,12.2,11.2,9.6,9.2,10.3,16.0,10.6,6.5
28053,16.8,18.1,18.7,17.1,16.0,12.8,11.6,9.7,9.1,10.3,14.5,12.1,7.5
28055,15.6,19.8,17.3,20.4,17.6,17.2,14.3,12.2,9.2,12.2,8.9,8.9,7.3
28057,11.0,9.8,8.2,8.0,7.2,5.8,5.2,4.3,4.2,4.8,6.9,4.2,3.3
28059,9.2,10.2,9.3,8.8,8.1,7.1,6.7,6.1,5.8,6.2,9.4,5.8,4.1
28061,11.9,11.2,10.0,9.9,8.6,7.9,7.8,6.7,6.1,6.9,8.8,7.0,4.9
28063,18.3,18.2,17.1,19.2,16.3,15.1,15.2,15.0,13.4,15.9,18.1,15.7,13.3
28065,13.7,13.6,12.7,12.6,10.3,8.8,8.4,7.0,6.9,7.0,9.5,7.4,4.9
28067,8.9,8.4,7.4,7.0,6.2,6.1,6.3,5.3,5.0,5.4,7.0,5.6,4.0
28069,14.4,14.0,12.9,12.8,12.9,10.5,8.9,8.0,7.6,7.9,9.5,7.2,5.8
28071,9.1,8.4,7.6,7.1,6.5,5.5,5.0,4.3,4.0,4.4,6.0,4.1,3.1
28073,7.0,7.0,6.3,5.9,5.2,4.9,4.6,3.9,3.8,4.3,5.9,4.0,3.0
28075,10.3,10.0,8.9,8.3,7.6,6.6,6.0,5.5,5.1,5.6,7.4,5.3,4.0
28077,11.6,11.4,10.1,9.2,8.4,7.3,7.3,6.7,6.1,7.0,8.6,6.6,4.6
28079,9.4,9.5,9.0,8.5,7.2,6.2,6.2,5.9,5.2,5.6,7.8,5.5,4.1
28081,10.1,9.4,8.2,7.9,7.3,5.6,5.0,4.1,4.0,4.4,8.0,4.5,3.3
28083,14.9,14.6,13.8,14.2,12.7,10.9,9.3,7.6,7.1,7.6,10.5,7.9,5.3
28085,10.2,9.5,8.4,7.6,6.7,6.1,5.8,5.3,4.8,5.7,7.3,4.9,3.6
28087,11.5,10.3,9.0,9.2,8.8,7.1,6.3,5.5,5.0,5.3,8.2,5.8,4.0
28089,7.2,6.7,6.1,5.8,5.3,4.6,4.4,4.0,3.8,4.4,6.4,4.2,3.1
28091,11.9,10.4,10.0,9.4,8.3,7.4,6.7,5.6,5.3,5.6,7.0,5.2,3.7
28093,11.7,11.4,10.6,10.1,8.8,7.3,6.2,5.3,5.1,5.8,7.5,5.7,4.0
28095,12.8,11.8,10.8,11.7,10.2,7.5,6.4,5.3,5.0,5.5,8.8,5.1,3.9
28097,13.4,12.1,11.4,11.2,9.3,7.9,6.5,5.2,5.5,6.1,7.9,6.0,4.2
28099,10.1,9.1,8.2,7.8,6.9,6.2,5.9,5.3,5.2,6.0,9.2,5.5,4.3
28101,9.8,9.0,7.8,7.4,6.7,6.2,6.0,5.2,4.9,5.7,7.8,5.4,4.2
28103,15.4,14.2,12.9,13.4,12.6,9.9,8.4,7.5,6.9,7.4,11.0,8.5,5.8
28105,9.9,9.3,8.2,7.9,7.2,6.2,5.5,5.1,4.9,5.7,7.6,5.4,4.0
28107,13.2,12.9,11.9,11.9,10.7,8.8,7.5,6.9,6.2,6.7,9.7,6.9,4.6
28109,9.2,9.1,8.1,7.4,6.7,6.2,6.1,5.4,4.9,5.4,7.1,5.5,3.8
28111,13.3,12.9,11.3,10.4,9.2,8.1,7.3,6.5,6.1,6.9,8.7,6.4,4.7
28113,11.3,11.3,10.3,9.8,8.4,7.4,6.9,6.2,6.0,6.6,8.8,6.9,4.7
28115,9.9,9.1,7.6,7.3,6.9,5.6,4.8,4.0,4.0,4.4,7.6,4.4,3.4
28117,11.5,10.2,8.4,8.4,7.6,6.1,5.6,4.7,4.4,4.9,6.8,4.3,3.3
28119,14.5,14.6,13.7,14.8,13.2,10.9,9.9,9.2,7.9,8.3,10.7,8.2,5.5
28121,6.7,6.2,5.6,5.2,4.7,4.2,4.0,3.7,3.6,4.0,5.2,3.6,2.9
28123,7.8,8.3,7.5,6.6,5.5,4.9,4.7,4.2,4.1,4.5,5.8,4.6,3.5
28125,14.1,14.3,13.3,13.0,11.1,9.8,9.0,8.2,7.5,9.2,10.7,8.9,5.8
28127,9.1,8.9,8.1,7.4,6.5,6.0,5.6,5.0,4.7,5.3,6.7,5.1,3.7
28129,8.8,8.0,7.1,6.7,5.8,5.4,5.4,4.9,4.6,5.3,5.7,4.5,3.6
28131,10.3,10.5,10.1,9.5,8.6,7.5,6.9,6.3,6.0,6.2,7.5,5.4,4.1
28133,15.0,14.8,14.1,13.8,12.6,10.6,9.5,8.5,8.1,9.2,11.0,8.8,5.6
28135,11.9,11.9,11.1,11.1,9.4,7.6,6.9,5.5,5.5,5.7,7.4,6.0,4.1
28137,10.5,10.1,9.1,8.9,8.6,7.2,6.0,5.2,5.1,5.7,7.5,5.5,3.8
28139,13.1,11.6,9.9,9.8,8.4,6.4,5.7,4.6,4.5,5.2,6.9,4.5,3.3
28141,12.4,11.8,10.1,9.2,7.8,6.4,5.6,5.1,4.7,5.2,6.5,4.5,3.6
28143,13.3,14.1,12.1,12.4,11.9,9.4,7.3,6.1,5.5,6.4,14.9,8.4,4.4
28145,10.6,9.7,7.9,7.1,6.2,5.2,4.5,3.7,3.6,4.2,7.0,4.0,2.9
28147,12.6,11.8,11.0,10.6,9.6,8.2,7.9,6.9,6.6,7.3,8.3,6.7,4.7
28149,10.2,9.9,8.8,8.9,7.7,6.7,6.5,5.8,5.6,6.1,8.6,6.0,4.1
28151,15.4,15.2,14.3,14.5,12.7,10.4,9.2,7.3,7.0,7.9,10.6,8.0,5.6
28153,11.8,11.2,10.9,10.7,8.9,8.0,7.5,6.5,5.6,6.2,8.6,6.6,4.7
28155,11.2,10.2,9.0,9.5,8.6,7.3,6.4,5.4,5.1,5.8,7.3,5.3,3.8
28157,13.5,12.7,12.0,12.4,11.6,10.7,10.4,9.1,8.8,10.3,12.9,10.6,6.2
28159,16.5,13.0,11.3,11.0,10.1,8.4,7.2,6.2,5.8,6.1,8.6,6.0,4.2
28161,13.2,11.5,9.9,9.9,9.3,7.2,6.4,5.6,5.0,5.8,7.7,5.4,3.9
28163,11.9,11.8,11.0,10.9,10.1,8.3,7.5,6.3,5.7,6.4,10.1,7.0,4.4
29001,8.6,8.8,7.3,6.9,6.5,5.7,5.7,4.2,3.6,3.8,5.2,4.1,3.1
29003,8.2,7.1,5.5,5.4,5.2,4.2,3.7,3.2,2.7,2.7,4.1,2.9,2.2
29005,8.5,8.4,6.6,5.9,5.4,4.5,4.5,3.5,2.5,3.7,4.1,3.1,2.4
29007,9.5,8.4,6.7,6.4,5.6,4.7,4.2,3.5,3.1,3.3,5.9,3.5,3.1
29009,9.6,9.1,7.3,6.9,6.2,5.1,4.5,3.3,3.0,3.5,6.6,4.4,2.8
29011,10.2,9.0,7.7,7.2,6.3,5.5,5.2,4.1,3.1,3.3,4.9,3.2,2.4
29013,10.9,10.3,8.5,7.7,7.1,6.2,5.3,4.4,3.9,4.0,5.4,4.1,2.8
29015,12.1,11.1,9.3,8.6,7.8,6.7,6.1,5.1,4.6,4.8,7.4,5.4,3.8
29017,10.0,9.2,7.2,7.1,6.8,5.7,5.2,4.4,3.7,3.8,5.7,4.0,2.7
29019,6.4,5.8,4.7,4.5,4.2,3.6,3.3,2.6,2.3,2.4,4.3,2.9,2.0
29021,9.1,8.3,6.5,6.3,5.7,4.7,4.1,3.5,3.0,3.0,5.0,3.6,2.5
29023,9.5,9.2,8.5,7.9,7.1,6.3,5.7,4.5,4.6,4.6,6.3,4.5,3.1
29025,9.5,8.8,7.2,6.8,5.5,4.6,4.7,4.0,3.2,3.2,5.4,4.9,2.8
29027,8.2,7.8,6.4,6.1,5.6,4.8,4.1,3.5,2.9,2.9,4.5,3.2,2.4
29029,11.9,11.4,9.9,9.3,8.2,6.7,5.8,4.8,4.3,4.5,7.1,4.7,3.3
29031,7.3,6.9,5.7,5.8,5.5,4.4,4.3,3.5,2.8,2.9,5.2,3.4,2.3
29033,11.4,10.7,8.6,7.4,7.2,6.2,5.4,4.0,3.2,3.2,5.6,4.2,2.7
29035,11.5,11.5,9.8,9.6,9.0,7.6,7.1,5.8,5.1,4.9,6.6,4.9,3.7
29037,9.6,8.7,6.9,6.4,5.7,4.9,4.1,3.5,3.1,3.0,5.4,3.7,2.5
29039,9.5,8.9,7.7,7.1,6.4,5.4,5.0,4.0,3.5,3.7,4.5,3.5,2.8
29041,9.4,9.1,6.8,6.3,5.8,4.8,4.3,3.4,2.8,3.0,4.1,3.2,2.1
29043,8.4,7.6,6.0,5.5,4.9,4.3,3.9,3.1,2.6,2.7,4.9,3.1,2.1
29045,12.3,10.2,8.3,8.0,7.0,7.3,7.3,5.6,3.9,3.5,6.1,4.5,3.3
29047,8.3,7.5,6.3,6.1,5.4,4.6,3.9,3.6,2.9,2.8,6.1,4.7,2.6
29049,9.6,9.1,7.2,6.7,5.9,5.0,4.2,4.0,3.3,3.0,6.0,5.1,2.9
29051,6.8,6.4,5.3,5.3,5.0,4.1,3.6,2.9,2.5,2.6,4.5,2.9,2.0
29053,9.7,9.2,7.4,7.0,6.0,5.9,4.9,3.6,3.1,3.7,5.5,3.5,2.5
29055,12.6,11.1,9.1,8.6,8.0,6.1,5.3,4.6,3.9,3.7,6.5,4.3,2.9
29057,9.7,9.5,7.7,6.9,6.0,5.2,4.5,3.4,2.7,3.1,4.4,3.2,2.3
29059,12.5,11.2,9.4,8.7,7.6,6.3,5.5,4.7,4.0,4.5,5.9,4.1,2.8
29061,9.7,9.1,7.2,6.3,5.8,4.7,3.8,3.3,3.0,3.3,4.3,3.6,2.5
29063,8.7,8.1,6.1,6.1,5.5,4.7,4.4,3.9,3.1,3.0,4.6,3.7,2.7
29065,10.3,9.9,8.4,7.6,6.8,5.9,5.4,4.2,3.3,3.5,4.9,4.1,3.2
29067,12.0,10.4,10.1,9.5,7.7,6.9,6.1,4.6,4.5,5.0,7.7,4.1,2.8
29069,13.4,12.4,10.7,10.0,9.1,8.2,8.2,6.5,5.5,5.5,7.4,5.8,4.2
29071,11.2,9.6,8.1,7.3,6.5,5.2,4.4,3.6,3.1,3.2,6.2,3.8,2.4
29073,10.4,9.0,7.3,6.4,5.3,4.3,4.3,3.8,2.9,3.3,5.8,3.5,2.4
29075,7.8,7.1,5.5,5.3,5.7,4.3,3.7,2.8,2.4,2.6,3.4,2.6,2.2
29077,8.3,7.5,6.1,5.6,4.9,4.2,3.8,3.1,2.6,2.7,5.4,3.2,2.1
29079,8.0,7.2,6.7,5.9,5.3,4.2,4.6,3.5,3.6,3.5,4.6,3.4,2.7
29081,9.4,8.7,7.5,7.4,6.6,5.2,4.2,3.5,3.1,3.3,4.6,3.4,2.5
29083,10.7,9.9,8.0,7.2,6.5,5.6,5.0,4.1,3.6,3.7,5.9,3.8,2.7
29085,12.5,11.9,12.4,10.0,8.4,6.8,5.6,4.4,4.2,4.2,5.1,3.8,2.8
29087,7.9,7.4,5.5,5.4,4.9,3.7,3.2,2.9,2.4,2.8,3.4,2.8,1.9
29089,8.7,8.4,7.0,6.5,5.4,5.0,4.4,3.8,2.9,3.0,4.2,3.1,2.5
29091,10.7,9.8,8.4,7.9,7.2,6.6,6.3,4.7,3.6,4.0,6.8,4.6,3.1
29093,16.5,14.3,11.7,10.7,9.9,8.1,7.1,6.4,5.5,4.8,7.1,5.5,4.2
29095,10.6,9.7,8.0,7.7,7.1,6.0,5.1,4.4,3.8,3.7,7.3,5.1,3.0
29097,8.4,7.7,6.1,5.9,5.3,4.4,4.1,3.4,2.8,3.0,5.8,3.6,2.4
29099,10.3,8.9,7.4,6.9,6.2,5.0,4.3,3.6,3.1,3.0,6.1,3.8,2.4
29101,9.9,9.3,7.9,7.3,6.5,5.5,4.9,4.4,3.7,3.7,5.7,4.2,2.7
29103,7.7,7.3,5.8,5.6,4.6,3.9,3.6,3.2,2.9,2.9,4.0,3.0,2.7
29105,12.3,11.5,9.5,9.7,8.1,6.5,5.4,4.7,3.7,6.8,8.3,4.1,2.6
29107,9.7,9.3,7.3,6.5,6.0,4.9,4.3,3.8,3.3,3.1,5.3,4.1,2.7
29109,9.2,8.5,6.7,6.7,5.9,5.0,4.4,3.5,3.1,3.5,6.1,3.9,2.5
29111,8.5,7.1,5.7,5.6,5.2,5.0,4.5,3.4,2.8,3.1,4.9,3.4,2.4
29113,11.7,10.3,8.6,7.7,6.5,5.3,4.5,3.6,3.3,3.2,6.2,4.4,2.7
29115,12.5,12.1,9.6,8.9,8.2,7.2,6.7,5.8,4.7,4.8,6.2,5.2,3.1
29117,8.1,7.7,6.4,5.7,5.1,4.3,3.9,2.9,2.5,2.5,3.8,2.9,2.1
29119,9.1,8.5,6.9,6.5,5.8,4.8,4.3,3.6,3.1,3.3,5.1,3.6,2.5
29121,9.2,8.5,6.9,6.6,6.2,5.4,4.8,3.6,3.0,3.3,4.9,3.6,2.6
29123,12.1,10.6,8.5,7.7,7.0,6.0,5.5,4.5,3.5,3.4,6.6,4.2,3.0
29125,9.4,8.6,7.4,6.6,6.2,5.4,5.0,4.3,3.3,3.5,4.9,3.7,2.6
29127,9.0,7.6,6.3,6.1,5.6,4.5,4.3,3.6,3.1,3.1,4.9,3.3,2.4
29129,8.3,6.8,5.3,5.5,5.1,4.5,4.6,3.7,3.1,3.1,3.6,2.9,2.6
29131,12.8,11.7,9.3,8.8,7.8,6.1,5.2,4.4,3.7,3.7,6.2,3.9,2.6
29133,9.6,9.8,8.2,7.9,7.3,5.9,6.6,5.0,3.8,4.0,5.4,4.4,3.3
29135,8.4,7.8,6.8,6.4,6.0,5.0,4.3,3.6,3.0,2.9,4.4,3.2,2.4
29137,12.2,10.1,7.9,7.4,6.4,5.3,4.8,4.3,3.6,4.2,6.0,4.2,2.8
29139,11.0,10.1,8.1,7.3,5.9,5.1,4.6,3.3,2.9,3.1,5.0,3.6,2.5
29141,14.4,12.9,10.3,9.6,8.7,6.9,5.9,4.9,4.3,4.3,6.3,4.6,3.1
29143,9.9,9.9,8.3,7.9,7.5,6.3,9.3,6.6,4.8,4.3,5.9,4.5,3.1
29145,8.9,8.1,6.4,6.1,5.4,4.7,4.3,3.6,3.1,3.2,5.9,3.6,2.5
29147,7.2,7.0,5.8,6.6,6.8,5.0,4.7,3.6,2.9,2.9,4.5,2.9,2.3
29149,11.0,10.0,8.1,8.0,7.5,6.5,6.0,4.6,3.5,3.9,6.9,5.1,3.3
29151,6.9,6.3,5.2,5.0,4.7,3.8,3.4,3.0,2.4,2.4,3.6,2.5,2.0
29153,11.7,12.1,10.5,10.4,9.0,8.1,7.3,5.8,5.2,5.7,7.3,5.2,3.9
29155,12.3,11.9,9.9,10.4,9.3,9.2,8.9,7.4,5.5,4.9,8.1,6.9,3.9
29157,7.2,6.8,5.3,5.5,5.5,4.3,3.6,2.6,2.4,2.6,5.6,3.0,2.2
29159,9.2,8.4,7.3,6.6,6.2,5.4,4.9,4.1,4.2,3.5,6.9,4.5,2.7
29161,9.0,8.6,7.3,7.1,6.5,5.4,4.7,3.7,3.1,3.2,4.8,3.6,2.6
29163,9.7,8.5,7.1,6.6,5.7,4.7,4.5,3.4,3.7,3.5,5.5,3.8,2.6
29165,7.7,7.1,5.7,5.7,5.1,4.3,3.6,3.2,2.6,2.6,5.5,3.9,2.3
29167,10.2,9.5,8.0,7.2,6.4,5.4,4.9,4.0,3.7,3.4,4.7,3.3,2.5
29169,8.7,8.9,8.4,8.0,7.3,6.0,5.4,4.3,3.6,4.0,5.7,4.3,3.1
29171,8.0,7.0,6.2,6.0,5.1,4.1,4.6,3.8,3.5,3.6,4.5,3.0,2.4
29173,8.7,7.6,6.6,5.9,5.3,4.3,4.0,3.1,2.8,3.1,4.5,3.3,2.4
29175,11.5,10.7,9.0,8.3,7.1,6.1,5.2,4.5,3.9,3.8,6.0,4.0,2.6
29177,10.2,9.4,8.5,7.8,6.8,5.6,4.9,4.8,3.7,3.6,6.9,6.2,3.5
29179,15.0,13.4,11.3,9.5,8.4,7.1,6.5,3.9,3.2,3.7,5.7,4.0,3.0
29181,12.8,12.2,10.8,9.3,8.3,8.1,7.0,5.5,5.3,5.5,7.9,5.2,3.3
29183,8.1,7.0,5.8,5.4,4.8,3.9,3.5,2.8,2.5,2.5,5.2,3.3,2.1
29185,11.2,10.3,8.2,7.9,7.7,7.1,6.3,5.1,4.4,4.5,6.3,4.3,3.0
29186,10.2,9.4,7.5,7.3,6.7,5.5,4.6,3.6,2.8,2.6,5.0,3.3,2.3
29187,12.1,11.0,9.2,8.6,7.7,6.2,5.5,4.4,3.7,3.7,7.1,4.6,3.4
29189,8.8,8.0,6.7,6.3,5.8,4.7,4.2,3.4,3.0,3.0,6.4,4.2,2.5
29195,8.8,8.2,6.8,6.0,5.6,4.9,4.7,3.5,3.1,3.2,4.6,3.4,2.6
29197,10.3,9.3,7.6,7.9,7.4,5.9,6.4,4.8,4.1,4.3,5.9,4.1,3.1
29199,8.0,6.7,5.2,5.4,4.8,4.6,4.1,3.1,2.8,3.0,3.3,2.5,2.2
29201,9.6,9.0,7.2,7.2,6.6,5.3,5.7,4.4,3.4,3.5,5.4,3.7,2.5
29203,14.7,13.4,11.4,9.6,9.5,8.3,7.3,6.0,5.0,5.5,7.3,5.3,3.8
29205,8.6,7.3,6.2,5.6,6.0,4.8,4.2,3.4,3.1,2.9,4.5,3.2,2.4
29207,10.3,10.2,9.0,8.9,7.8,6.7,6.4,5.0,4.5,4.6,5.9,4.3,3.0
29209,13.7,12.8,11.5,10.6,9.7,8.0,7.0,5.5,4.7,4.9,9.7,6.3,3.9
29211,8.8,8.5,7.1,6.5,6.6,6.1,5.7,4.0,3.2,3.5,4.4,4.6,2.9
29213,13.8,13.4,11.6,10.7,9.8,8.2,7.4,6.0,5.3,5.1,12.9,7.1,4.2
29215,10.9,9.9,8.4,8.3,7.9,6.8,6.3,4.9,4.1,4.4,5.8,4.3,3.1
29217,8.2,7.4,6.0,6.0,5.7,5.2,4.8,3.8,3.2,3.5,4.4,3.3,2.6
29219,10.9,9.2,7.7,6.9,6.2,4.9,4.2,3.2,2.8,2.8,5.8,3.9,2.6
29221,14.2,12.4,10.9,9.8,8.6,6.8,6.3,5.4,4.5,4.4,7.3,4.9,3.3
29223,10.7,10.3,9.3,8.3,7.5,6.0,5.3,5.0,4.8,4.8,6.2,4.8,3.7
29225,10.5,9.1,7.3,6.8,6.1,5.2,4.9,3.9,3.1,3.5,5.4,3.3,2.3
29227,6.8,5.8,4.3,4.1,4.0,3.3,3.0,2.5,2.9,2.7,4.1,2.4,2.0
29229,11.8,10.0,8.7,8.5,7.3,6.4,5.9,4.9,4.2,5.2,7.0,3.9,2.8
29510,11.4,10.5,8.8,8.4,7.6,6.2,5.4,4.4,3.9,3.8,8.8,5.9,3.2
30001,5.8,5.8,5.2,4.7,3.7,3.5,3.4,3.2,3.1,2.9,4.0,2.8,2.4
30003,10.8,11.5,11.7,13.9,10.0,6.8,7.5,13.6,9.6,7.4,7.2,7.6,4.5
30005,6.5,6.7,6.2,6.1,5.8,5.1,4.7,4.2,4.3,3.9,4.7,3.9,3.2
30007,7.3,7.0,7.3,6.3,5.4,5.2,5.1,4.8,4.0,4.0,6.2,4.0,3.5
30009,6.3,5.5,4.5,4.4,3.9,3.8,4.1,3.7,3.5,3.5,5.9,3.5,2.7
30011,3.7,3.8,3.2,3.1,3.2,3.4,2.9,2.6,2.5,2.9,2.8,2.6,2.1
30013,6.3,6.1,5.4,5.1,4.3,4.1,4.1,3.8,3.6,3.4,5.8,3.3,2.7
30015,4.3,4.3,3.8,3.6,3.2,3.4,3.9,3.4,3.0,2.7,3.8,2.8,2.4
30017,4.5,3.9,3.5,3.3,3.2,3.4,3.7,3.2,3.1,2.9,4.8,3.1,2.5
30019,3.5,3.4,3.1,3.2,3.0,2.6,2.7,2.3,2.1,2.0,2.8,2.0,2.0
30021,4.1,3.5,3.2,3.1,2.6,3.2,4.0,3.1,2.7,2.4,5.5,3.1,2.4
30023,6.0,5.9,5.4,4.9,4.4,4.1,3.9,3.6,3.5,3.2,5.1,3.3,2.5
30025,3.0,2.5,2.0,2.0,1.9,2.4,3.8,2.7,1.8,1.7,3.9,2.6,1.6
30027,6.3,5.8,5.2,4.9,4.3,4.2,4.1,4.1,3.7,3.1,4.5,3.3,2.9
30029,12.0,10.5,8.8,7.6,6.4,5.9,5.8,5.3,4.8,4.7,7.7,4.1,3.2
30031,6.7,5.7,5.0,4.1,3.5,3.1,2.9,2.8,2.5,2.3,5.0,2.4,1.9
30033,3.5,3.7,3.0,3.1,2.7,2.9,3.0,2.9,2.7,2.4,2.7,2.4,2.9
30035,9.7,10.9,9.6,10.0,10.5,9.2,8.9,8.0,7.8,7.5,9.6,6.9,5.2
30037,6.7,4.9,4.6,5.0,4.6,4.2,4.5,5.1,4.6,4.1,4.6,3.5,3.2
30039,9.1,8.7,7.9,7.5,6.8,6.4,6.1,6.0,5.3,5.6,8.0,4.5,4.0
30041,5.7,6.0,5.6,6.5,5.8,4.3,4.5,3.9,3.5,3.7,4.9,3.2,2.5
30043,6.2,6.0,5.4,4.8,4.6,4.2,4.8,4.4,3.8,3.3,5.0,3.3,2.6
30045,6.3,5.9,5.0,4.8,4.2,3.5,3.5,3.8,3.4,3.1,4.7,2.8,2.5
30047,8.9,8.7,7.5,6.4,5.5,5.1,4.9,4.6,4.3,4.2,6.1,3.9,3.1
30049,5.4,5.1,4.7,4.3,3.7,3.5,3.4,3.5,3.3,3.0,4.9,3.0,2.4
30051,4.3,3.8,4.0,3.4,3.2,2.7,3.2,3.0,2.5,2.5,2.7,2.3,2.5
30053,14.8,14.2,12.2,12.8,11.2,10.3,9.3,8.6,7.4,7.3,10.0,5.9,4.9
30055,2.8,2.9,2.8,2.4,2.3,2.3,2.0,2.1,1.8,2.0,2.8,1.9,1.9
30057,7.5,7.0,6.1,5.5,4.6,3.7,3.9,4.0,3.6,3.2,5.0,3.2,2.3
30059,8.0,7.1,5.3,5.3,4.3,3.7,4.2,4.4,3.8,3.5,4.7,2.5,2.3
30061,12.4,11.6,10.6,10.3,9.1,8.6,7.8,7.6,7.2,5.7,10.0,5.3,5.2
30063,7.2,6.5,5.7,5.1,4.4,4.0,3.9,3.7,3.3,3.2,6.2,3.4,2.7
30065,6.8,6.3,5.2,5.0,4.1,4.4,5.3,4.6,4.3,3.9,6.1,4.2,2.9
30067,8.7,8.0,6.8,6.3,5.6,4.9,4.4,4.0,3.8,3.4,7.3,3.6,2.8
30069,5.0,5.4,4.3,4.4,4.2,5.3,4.7,4.4,4.2,3.7,3.3,2.9,3.0
30071,6.7,6.6,5.8,5.8,5.3,5.2,5.5,4.6,4.5,3.7,4.8,3.8,3.8
30073,5.8,5.7,4.8,4.9,4.9,4.6,4.4,3.9,4.0,3.8,4.9,3.3,2.7
30075,3.7,4.5,3.6,3.3,3.1,2.7,2.4,2.6,2.9,2.3,3.1,2.7,2.2
30077,7.6,7.3,6.3,5.5,5.0,4.6,5.2,4.4,4.2,3.7,4.6,2.6,2.7
30079,4.9,5.1,4.2,4.4,4.3,4.2,3.4,3.7,3.7,3.7,6.6,3.7,3.0
30081,9.3,8.6,7.4,6.7,6.0,5.3,5.0,4.8,4.2,4.1,5.7,3.6,2.9
30083,3.7,2.9,2.7,2.6,2.4,3.3,5.2,3.9,3.1,2.6,6.4,4.0,2.7
30085,6.8,6.8,6.4,5.4,5.2,5.4,5.5,4.7,4.6,4.3,5.9,4.2,3.6
30087,6.9,7.0,6.6,6.3,5.7,5.5,5.7,5.2,5.3,5.0,5.6,4.0,3.6
30089,12.9,12.8,11.2,10.4,9.3,8.5,8.0,7.1,6.4,5.9,7.7,4.9,4.4
30091,3.6,3.4,2.9,2.8,2.6,2.6,3.4,2.7,2.3,2.2,4.8,3.3,2.0
30093,6.4,6.3,5.9,5.4,4.9,4.4,4.4,4.3,4.0,3.8,6.5,3.7,3.0
30095,5.7,5.0,4.3,4.0,3.7,3.9,4.1,3.9,3.4,3.1,5.0,2.9,2.3
30097,5.4,4.5,3.8,3.7,3.5,2.9,3.2,3.2,3.1,2.8,3.5,2.4,2.1
30099,5.9,5.4,4.7,4.3,3.7,3.9,3.7,4.0,3.4,3.3,4.3,3.2,2.7
30101,4.5,4.4,4.1,3.8,3.0,3.5,3.6,3.1,2.6,2.4,4.9,2.6,2.1
30103,5.3,5.3,4.7,4.5,4.0,5.0,4.5,3.8,3.0,2.6,3.5,2.9,2.3
30105,4.8,4.5,4.0,3.7,3.0,3.2,3.5,3.3,3.0,3.1,4.3,3.2,2.5
30107,7.8,7.7,6.1,6.2,5.0,5.6,5.3,4.4,4.9,3.6,7.1,5.2,3.7
30109,4.2,4.0,3.0,3.4,2.9,3.3,4.1,3.3,3.6,2.8,5.1,3.5,2.5
30111,5.8,5.2,4.5,4.3,3.7,3.4,3.7,3.6,3.3,3.2,5.4,3.2,2.5
31001,4.8,4.3,3.7,3.6,3.4,3.1,3.1,3.1,3.0,3.2,4.0,2.5,2.1
31003,3.7,3.6,3.2,3.1,2.7,2.6,2.6,2.5,2.5,2.6,2.2,1.7,1.8
31005,8.0,6.1,6.5,7.3,5.4,4.4,5.7,5.8,4.9,5.6,5.1,3.0,2.2
31007,4.4,4.6,4.4,4.4,3.7,3.4,3.6,3.6,3.6,3.9,3.1,2.1,2.8
31009,5.1,5.4,5.3,5.1,4.4,4.5,4.5,4.5,4.5,5.0,3.5,2.8,3.6
31011,3.6,3.7,3.0,3.2,2.6,2.4,2.6,2.5,2.3,2.8,2.5,1.7,1.7
31013,5.1,4.2,3.9,3.8,3.1,3.0,3.6,3.3,2.9,3.2,4.8,2.6,2.2
31015,4.0,3.8,3.8,3.4,3.3,2.7,3.0,3.4,3.0,3.4,2.8,2.0,2.1
31017,4.8,4.6,3.9,3.8,3.4,3.7,3.7,3.3,3.4,3.7,2.7,2.4,2.4
31019,3.7,3.5,3.2,3.2,2.7,2.4,2.5,2.5,2.4,2.7,4.0,2.1,1.8
31021,6.0,5.7,4.6,4.4,3.9,3.6,3.7,3.7,3.5,3.4,3.9,2.6,2.2
31023,4.0,3.8,3.2,3.3,2.9,2.8,3.2,2.8,2.4,2.6,3.4,2.3,1.7
31025,5.7,5.3,4.5,4.2,3.7,3.3,3.4,3.2,3.1,3.4,4.4,2.8,2.3
31027,3.6,3.3,2.8,2.9,2.3,2.4,2.5,2.3,2.4,2.6,2.7,1.9,1.8
31029,2.8,2.5,2.3,2.3,2.0,1.9,2.0,1.9,2.3,2.3,1.8,1.7,1.7
31031,3.0,3.0,2.8,2.7,2.4,2.3,2.3,2.3,2.2,2.4,2.5,1.6,1.6
31033,3.7,3.0,2.7,2.8,2.2,2.2,2.8,2.9,2.9,3.7,4.5,2.9,2.3
31035,4.3,4.2,3.6,3.4,3.2,2.9,3.1,3.1,3.2,3.3,3.3,2.4,2.2
31037,4.0,3.9,3.4,3.4,3.0,2.6,2.8,2.4,2.5,2.7,2.9,2.0,1.8
31039,3.7,3.4,3.0,3.0,2.6,2.6,2.9,2.7,2.5,2.6,2.6,1.8,1.8
31041,3.7,3.4,2.8,2.7,2.4,2.2,2.3,2.2,2.2,2.4,2.7,1.7,1.6
31043,7.5,5.9,5.6,4.6,3.7,3.5,4.1,4.1,3.6,4.0,4.8,3.2,2.6
31045,4.0,3.9,3.6,3.5,2.9,2.6,2.9,2.8,2.7,2.9,2.8,2.0,2.0
31047,5.0,5.0,4.2,3.7,3.4,3.2,2.9,2.9,2.9,3.0,3.4,2.2,2.3
31049,4.0,3.5,3.2,3.3,2.7,2.5,2.6,2.6,3.0,3.1,3.1,2.2,2.3
31051,4.9,4.6,4.0,3.7,3.0,3.3,3.3,3.2,3.1,3.1,3.3,2.3,2.0
31053,5.4,4.9,4.4,4.1,3.6,3.2,3.1,2.8,2.9,3.0,3.5,2.4,2.0
31055,5.2,4.9,4.3,4.1,3.6,3.3,3.3,3.2,3.2,3.3,5.1,3.1,2.5
31057,3.2,2.9,2.8,2.7,2.3,2.1,2.2,2.4,2.2,2.6,2.2,1.6,1.4
31059,3.8,3.5,3.2,2.9,2.4,2.9,2.7,2.5,2.6,2.6,2.8,2.0,1.7
31061,4.5,4.2,3.5,3.4,3.2,2.4,3.0,3.0,3.2,3.3,3.4,2.2,2.1
31063,3.8,3.6,3.1,3.3,2.8,2.4,2.8,2.5,2.6,3.2,2.9,1.8,2.0
31065,3.4,3.6,3.4,3.4,2.8,2.6,2.8,2.4,2.6,2.8,2.8,2.0,1.9
31067,5.9,5.8,4.8,4.5,4.1,3.6,3.3,3.5,3.3,3.6,4.0,2.5,2.4
31069,4.2,3.6,3.1,2.8,2.8,2.4,3.3,2.8,2.5,3.0,3.6,2.1,1.9
31071,3.2,3.4,3.0,3.0,2.6,2.4,2.5,2.7,2.5,2.7,2.0,2.0,1.9
31073,3.7,3.5,2.9,3.4,3.0,2.4,2.5,2.7,2.6,2.7,2.5,1.7,1.8
31075,3.8,3.3,3.4,3.3,2.3,2.3,2.2,2.3,2.6,2.7,1.9,1.4,1.4
31077,3.7,3.9,3.5,3.4,3.2,3.1,3.1,3.1,2.7,3.1,3.0,2.0,1.8
31079,4.7,4.5,3.9,3.6,3.9,3.9,3.6,3.5,3.3,3.6,5.8,3.0,2.2
31081,3.8,3.8,3.2,3.1,3.0,2.9,2.8,2.5,2.5,3.1,3.7,2.2,1.9
31083,3.3,3.3,3.1,3.0,2.6,2.1,2.5,2.6,2.4,2.8,2.9,2.0,1.8
31085,3.6,3.1,2.9,3.3,2.9,2.3,2.4,2.4,2.1,2.7,2.2,1.5,1.5
31087,5.2,4.9,4.0,4.0,3.4,3.2,3.6,3.5,3.5,3.4,3.5,2.3,2.2
31089,3.7,3.4,3.1,3.1,2.6,2.4,2.5,2.5,2.6,2.6,2.5,1.8,1.7
31091,5.1,4.5,4.6,4.6,4.2,4.2,3.6,3.8,3.7,3.1,2.7,1.7,2.7
31093,4.5,4.1,3.5,3.6,3.7,3.6,3.3,3.1,3.1,3.6,4.4,2.3,1.9
31095,4.8,4.3,3.7,3.6,3.0,2.7,2.4,2.5,2.5,2.8,2.8,1.9,1.8
31097,4.7,4.8,4.2,4.2,3.8,3.3,3.1,3.4,3.6,3.5,3.9,3.0,2.6
31099,3.6,3.3,2.8,2.7,2.4,2.2,2.3,2.2,2.1,2.3,3.3,1.9,1.7
31101,4.3,4.1,3.6,3.5,2.8,2.7,2.9,3.1,3.1,3.3,3.2,2.1,1.7
31103,3.7,3.0,3.0,3.3,2.7,2.1,2.1,2.5,2.3,2.7,2.2,1.7,2.0
31105,4.8,3.6,3.2,3.2,2.5,3.5,4.0,2.9,2.7,3.1,3.6,2.3,1.7
31107,4.2,3.9,3.3,3.4,3.1,3.2,3.0,3.5,3.2,3.0,3.0,2.1,2.1
31109,4.3,4.0,3.5,3.4,3.0,2.6,2.8,2.7,2.6,2.8,4.3,2.5,2.0
31111,4.6,4.4,3.8,3.7,3.2,2.9,3.1,3.1,3.1,3.5,4.0,2.3,2.0
31113,4.7,3.5,3.0,3.2,3.0,3.0,2.9,2.7,3.0,2.9,2.5,1.7,2.1
31115,5.7,4.7,3.6,4.5,3.9,3.4,3.5,3.0,3.2,4.0,3.2,2.2,2.4
31117,2.8,2.5,3.3,3.8,2.3,1.9,2.4,2.2,2.7,2.7,2.5,1.9,1.6
31119,4.3,4.1,3.6,3.4,2.9,2.7,2.7,2.7,2.6,2.8,3.9,2.5,2.0
31121,4.6,4.3,3.6,3.6,3.8,3.7,3.6,2.8,2.9,3.3,4.0,2.4,1.8
31123,4.2,3.4,3.1,3.1,3.0,2.9,3.2,3.0,2.8,2.9,3.6,2.5,2.0
31125,4.0,3.7,3.2,3.1,2.7,2.5,2.7,2.5,2.5,3.1,3.2,2.0,1.9
31127,5.4,5.0,4.7,4.9,3.8,3.6,3.6,3.9,3.5,3.7,3.6,2.3,2.2
31129,4.2,3.6,3.4,3.1,2.8,2.6,2.9,2.7,2.8,2.8,2.7,1.9,2.0
31131,5.1,5.1,4.4,4.2,3.7,3.3,3.4,3.4,2.9,3.2,3.6,2.4,2.1
31133,4.0,3.7,3.2,3.0,2.8,2.6,2.2,3.0,2.6,2.9,2.7,1.9,2.0
31135,3.4,2.9,2.6,2.5,2.1,1.8,2.2,1.9,2.0,2.3,1.8,1.4,1.6
31137,3.6,3.7,2.9,2.9,2.6,2.4,2.5,2.3,2.3,2.7,3.0,1.8,1.8
31139,3.7,3.5,3.2,3.3,2.9,2.5,2.6,2.7,2.7,2.7,3.3,2.3,1.8
31141,4.3,4.2,3.6,3.4,3.0,3.0,3.5,2.9,2.7,3.0,3.7,2.3,1.9
31143,4.1,3.4,3.0,3.3,3.2,2.5,2.7,2.4,2.4,2.8,3.1,1.9,1.8
31145,3.7,3.5,3.2,2.9,2.6,2.6,2.8,2.6,2.4,2.7,3.3,2.1,1.8
31147,6.3,6.0,5.0,4.4,3.6,3.2,3.2,3.3,3.1,3.2,3.3,2.5,1.9
31149,2.9,2.7,2.5,3.1,2.6,2.7,2.6,2.6,2.4,3.1,2.1,1.5,1.6
31151,4.8,4.7,4.2,4.2,3.4,2.9,3.1,3.1,3.1,3.3,3.6,2.4,2.4
31153,4.5,4.2,3.8,3.5,3.1,2.8,2.9,2.8,2.8,2.9,4.1,2.5,2.1
31155,4.9,4.6,4.1,3.9,3.5,3.1,3.1,2.8,2.8,2.8,3.7,2.3,1.9
31157,5.6,5.0,4.6,4.1,3.6,3.4,3.5,3.5,3.3,3.8,4.2,2.9,2.4
31159,4.1,3.9,3.4,3.6,3.1,2.9,2.9,2.7,2.7,3.0,4.1,2.6,2.0
31161,3.6,3.6,3.5,3.2,2.6,2.7,2.8,2.7,2.6,2.8,2.4,1.9,1.9
31163,4.1,4.3,3.7,3.3,3.3,2.9,3.2,2.9,2.7,3.3,3.2,2.2,2.1
31165,3.8,3.4,3.5,3.2,2.5,2.5,2.7,3.0,2.7,2.8,2.2,1.8,1.8
31167,4.2,3.7,3.4,3.3,2.8,2.5,2.6,2.8,2.6,2.6,3.4,2.2,1.9
31169,3.9,3.3,3.0,2.7,2.5,2.4,2.4,2.3,2.3,2.7,2.8,1.7,1.8
31171,4.8,5.2,3.8,3.8,3.5,3.0,3.3,3.2,2.9,3.7,4.0,2.5,2.4
31173,9.7,10.2,8.5,7.5,6.0,5.3,4.8,5.0,4.2,4.6,5.2,3.5,3.1
31175,4.5,4.0,3.4,3.2,3.0,2.8,2.8,2.7,3.0,3.3,2.8,2.2,2.0
31177,4.7,4.4,3.7,3.6,3.2,3.0,3.2,3.1,2.9,3.0,3.7,2.4,2.0
31179,3.9,3.5,3.1,3.1,2.8,2.6,2.7,2.4,2.5,2.7,2.8,2.0,2.0
31181,4.9,4.6,3.6,3.8,3.4,3.5,3.1,3.0,2.9,3.5,3.7,2.1,2.3
31183,3.9,3.2,3.3,3.2,2.9,2.3,2.1,2.2,2.4,2.8,1.9,1.3,1.4
31185,4.7,4.3,3.6,3.5,3.1,2.9,2.7,2.6,2.6,2.7,3.4,2.0,2.0
32001,12.5,12.8,11.4,9.8,8.0,7.1,5.6,4.5,3.8,3.8,5.8,3.3,3.5
32003,14.0,13.5,11.7,10.0,8.2,6.9,5.9,5.2,4.6,4.3,15.5,7.8,5.8
32005,14.0,13.5,11.9,10.1,8.3,6.8,5.7,4.8,4.2,4.2,9.0,4.3,3.9
32007,7.9,7.4,6.6,6.4,5.8,5.2,4.5,3.7,3.1,3.1,6.0,3.1,3.1
32009,9.9,8.2,7.2,5.0,4.5,4.4,4.7,4.2,4.8,3.9,5.3,3.6,3.4
32011,8.0,7.1,6.3,6.3,6.1,5.9,4.6,3.0,2.5,2.5,3.6,2.4,2.8
32013,8.8,8.0,6.8,6.6,6.7,6.1,5.6,4.2,3.3,3.1,5.1,3.2,3.2
32015,9.9,9.1,7.8,7.7,6.9,6.8,6.3,4.5,3.5,3.3,5.0,3.4,3.3
32017,10.8,11.4,10.8,9.9,7.6,6.1,5.4,4.8,4.3,4.1,5.2,3.2,3.8
32019,17.8,17.1,15.3,13.2,10.7,9.6,7.6,6.0,5.3,5.1,9.0,4.9,4.7
32021,15.4,14.4,14.1,13.0,11.2,10.2,6.4,5.5,5.1,4.1,5.8,3.6,4.7
32023,17.6,17.1,14.9,12.6,10.0,8.9,7.4,6.4,5.6,5.4,10.2,5.8,5.5
32027,11.1,11.0,10.0,9.3,7.5,7.0,6.0,4.6,4.0,4.2,4.9,3.2,3.5
32029,17.0,16.0,13.8,12.0,9.3,7.5,6.4,5.0,4.2,3.9,8.6,4.4,3.9
32031,13.1,12.8,11.5,9.8,7.8,6.3,5.1,4.1,3.5,3.4,8.2,4.0,3.4
32033,9.3,8.9,7.9,7.6,6.3,5.5,4.7,4.1,3.5,3.1,4.3,2.8,2.9
32510,13.7,13.5,12.2,10.8,8.9,7.3,6.2,5.0,4.5,4.2,8.7,4.5,3.9
33001,6.7,5.6,5.4,5.2,4.2,3.4,2.8,2.8,2.6,2.5,7.0,3.6,2.3
33003,5.9,5.5,5.2,5.1,4.2,3.5,2.9,2.8,2.6,2.6,7.7,3.7,2.4
33005,5.8,5.1,5.0,4.9,4.1,3.2,2.7,2.7,2.6,2.6,6.2,3.7,2.4
33007,7.7,7.4,7.3,6.3,5.7,4.4,3.8,3.6,3.3,3.2,7.9,4.3,3.0
33009,5.0,4.5,4.4,4.4,3.5,2.8,2.4,2.3,2.2,2.2,5.9,3.2,2.1
33011,6.4,5.7,5.7,5.5,4.5,3.6,3.0,3.0,2.7,2.6,7.0,3.5,2.3
33013,5.6,5.0,4.9,4.8,3.8,3.1,2.6,2.5,2.3,2.3,5.8,3.1,2.1
33015,6.3,5.7,5.8,5.6,4.6,3.6,3.0,3.0,2.9,2.7,7.0,3.4,2.3
33017,5.9,5.3,5.4,5.0,4.0,3.2,2.5,2.5,2.4,2.4,6.3,3.2,2.1
33019,5.4,4.6,4.4,4.2,3.5,2.8,2.3,2.3,2.2,2.3,5.4,3.2,2.1
34001,12.5,12.6,12.8,11.9,10.5,9.5,7.4,7.1,5.7,4.9,17.1,9.9,5.4
34003,8.1,7.7,7.7,6.8,5.4,4.6,4.1,3.8,3.3,2.8,9.2,6.3,3.5
34005,9.1,8.8,8.7,7.9,6.4,5.3,4.4,4.0,3.6,3.2,7.9,5.7,3.5
34007,11.1,10.9,10.8,9.6,7.7,6.4,5.5,5.0,4.5,4.0,9.7,7.1,4.2
34009,14.2,14.9,15.5,14.6,12.2,11.0,9.8,9.1,8.2,7.0,13.7,9.3,6.8
34011,13.2,13.0,13.2,12.0,9.9,8.7,7.4,6.8,6.3,5.3,10.4,8.1,5.3
34013,11.0,10.8,10.8,9.9,8.0,6.8,6.0,5.5,5.0,4.3,11.2,8.3,4.7
34015,10.4,10.2,10.2,9.2,7.3,6.0,5.0,4.6,4.1,3.6,8.9,6.4,3.8
34017,9.7,9.1,8.9,8.0,6.3,5.3,4.6,4.3,3.7,3.2,10.2,7.1,3.8
34019,7.5,6.9,6.9,6.0,4.8,4.2,3.7,3.5,3.1,2.7,6.9,4.9,3.0
34021,8.5,8.3,8.3,7.4,5.8,4.9,4.3,4.0,3.5,3.1,7.2,5.5,3.3
34023,9.1,8.8,8.7,7.7,6.1,5.1,4.4,4.0,3.5,3.0,8.5,6.1,3.5
34025,8.9,8.6,8.8,7.7,6.1,5.1,4.4,4.0,3.5,3.1,8.5,5.9,3.5
34027,7.5,7.1,7.1,6.3,5.0,4.3,3.9,3.5,3.1,2.7,7.5,5.3,3.2
34029,10.4,10.5,10.7,9.5,7.4,6.1,5.2,4.7,4.1,3.6,9.1,6.3,3.9
34031,11.5,11.0,11.1,10.1,8.2,7.0,6.1,5.6,4.9,4.2,12.1,8.7,4.8
34033,11.8,11.6,11.9,10.6,8.5,7.3,6.3,6.0,5.3,4.7,9.2,7.7,4.8
34035,7.7,7.4,7.5,6.5,5.2,4.5,4.0,3.7,3.3,2.9,7.5,5.4,3.2
34037,9.6,9.2,9.0,8.1,6.4,5.4,4.7,4.3,3.8,3.3,9.0,6.3,3.9
34039,9.7,9.5,9.5,8.5,6.9,6.0,5.1,4.6,4.1,3.6,9.5,7.0,4.0
34041,10.0,9.1,8.8,7.8,6.3,5.3,4.5,4.1,3.7,3.3,8.2,5.9,3.6
35001,7.4,6.9,6.6,6.4,6.1,6.0,5.9,5.4,4.5,4.5,7.6,6.5,3.6
35003,11.6,10.8,9.4,8.9,8.2,8.4,8.2,6.9,6.3,6.4,7.0,6.6,4.9
35005,7.2,6.5,6.4,6.3,6.0,6.4,6.8,6.4,4.8,5.0,7.6,7.3,4.3
35006,9.2,9.1,8.4,8.6,8.5,8.1,8.3,7.7,6.2,6.4,8.7,9.7,5.5
35007,8.0,7.8,7.7,7.1,6.2,6.1,6.1,5.9,4.9,4.7,6.7,6.3,3.9
35009,5.1,4.9,4.9,5.1,5.0,4.9,5.1,4.7,4.0,4.2,5.2,5.2,3.3
35011,5.7,4.9,4.2,4.5,4.6,5.1,4.8,4.6,4.4,4.3,4.5,5.4,3.5
35013,7.4,7.3,7.2,7.5,7.2,7.4,7.2,6.7,5.7,5.8,7.8,6.9,4.4
35015,6.1,4.9,4.6,4.6,4.4,5.0,6.6,5.2,3.3,3.2,6.5,6.6,3.4
35017,9.3,7.0,6.5,6.7,6.5,6.5,6.5,6.0,4.8,4.9,8.4,7.5,4.2
35019,9.7,10.1,9.8,8.7,7.6,7.2,6.6,6.4,5.5,5.4,6.4,7.4,5.7
35021,5.8,6.1,6.1,5.2,4.7,8.7,7.1,6.0,5.0,4.5,4.0,5.0,3.6
35023,8.2,7.3,7.2,7.5,7.0,6.3,5.6,5.1,3.8,4.3,5.5,5.7,3.4
35025,7.6,5.4,4.6,4.5,4.3,6.3,9.3,6.5,4.1,4.1,10.4,9.8,4.4
35027,7.2,6.5,6.4,6.4,5.9,5.8,6.0,5.4,4.5,4.7,8.5,7.8,4.1
35028,3.5,3.4,3.8,4.2,4.1,4.1,4.3,3.8,3.4,3.2,3.5,3.2,2.2
35029,19.3,19.5,19.6,18.9,17.9,17.5,14.6,13.9,11.8,12.3,15.3,15.3,10.0
35031,9.5,9.6,9.4,10.1,10.0,9.9,9.5,8.5,7.1,7.1,9.8,9.9,5.8
35033,11.8,11.8,10.8,11.6,10.9,9.8,8.8,7.8,6.0,6.1,7.6,6.6,5.6
35035,6.9,6.6,6.4,6.4,6.2,6.3,6.1,6.0,4.9,5.0,7.9,6.9,4.2
35037,9.0,9.3,8.0,7.2,6.5,7.2,6.9,6.1,4.8,5.3,7.0,7.4,4.3
35039,8.8,8.9,9.1,9.5,8.6,8.1,7.5,6.3,5.2,5.4,7.6,7.4,4.4
35041,6.0,5.5,5.5,5.6,5.5,5.5,5.8,5.1,4.3,4.5,5.8,5.9,3.9
35043,8.1,7.7,7.6,7.4,7.1,6.7,6.7,6.1,4.9,4.9,7.9,6.9,3.8
35045,9.0,7.6,7.0,6.8,6.3,7.0,8.9,7.4,5.7,5.8,9.4,8.4,4.6
35047,9.2,9.2,8.7,8.3,8.0,7.8,7.8,7.3,5.9,5.9,7.7,7.6,5.0
35049,6.5,6.0,5.7,5.6,5.4,5.4,5.3,5.0,4.1,4.1,7.7,6.4,3.6
35051,8.8,9.5,9.6,9.7,9.1,9.2,8.5,7.7,7.0,6.8,8.7,8.4,6.0
35053,7.4,7.3,6.8,7.4,7.3,7.6,7.4,6.3,5.3,5.9,6.7,6.6,4.4
35055,10.3,10.1,10.3,10.3,9.8,9.3,8.5,7.8,6.5,6.1,10.9,9.2,4.9
35057,11.1,11.1,10.4,10.2,9.7,9.1,9.2,8.5,7.6,6.9,8.9,8.2,5.4
35059,6.0,4.5,4.3,4.6,4.5,4.4,4.1,3.7,3.3,3.5,4.8,4.5,2.9
35061,9.2,8.6,8.5,8.3,7.8,7.5,7.3,6.6,5.4,5.4,7.7,7.1,4.3
36001,7.1,7.0,7.2,6.2,4.9,4.4,4.1,4.2,3.7,3.5,6.9,4.5,3.1
36003,9.3,9.0,8.5,7.7,6.3,6.5,6.4,6.6,5.6,5.3,7.8,5.1,4.1
36005,12.0,12.0,12.5,11.7,9.5,7.6,7.1,6.2,5.7,5.4,16.0,13.9,7.9
36007,8.9,8.7,8.8,8.0,6.7,6.0,5.5,5.5,4.8,4.5,8.3,5.3,3.9
36009,9.7,9.4,9.5,8.7,7.1,6.3,6.1,6.2,5.3,4.8,9.1,5.4,4.1
36011,8.7,8.2,8.4,7.6,6.0,5.4,5.1,5.0,4.4,4.1,7.6,4.8,3.5
36013,9.0,8.2,8.6,8.2,6.9,6.1,5.9,6.0,5.0,4.5,8.5,5.6,4.0
36015,8.6,7.9,8.5,8.1,6.3,5.9,5.8,5.5,4.6,4.0,8.4,5.3,3.7
36017,9.4,8.7,8.8,7.5,6.3,5.5,5.1,5.3,4.6,4.3,6.6,4.4,3.3
36019,10.0,9.6,9.5,8.5,6.7,5.9,5.5,5.2,4.4,4.2,7.7,4.7,3.4
36021,7.5,7.2,7.2,6.2,4.8,4.0,3.7,3.8,3.3,3.1,6.0,3.9,2.8
36023,9.1,8.5,8.8,7.9,6.6,5.9,5.8,5.8,5.1,4.7,7.7,5.1,3.9
36025,8.9,8.7,8.9,8.1,6.6,6.0,5.6,5.5,4.8,4.5,7.0,4.8,3.8
36027,7.9,7.6,7.9,6.8,5.4,4.5,4.2,4.3,3.7,3.4,7.3,4.5,3.1
36029,8.5,8.0,8.4,7.6,6.2,5.4,5.0,5.1,4.4,4.1,9.2,5.5,3.7
36031,9.3,9.2,9.7,8.5,6.9,6.1,5.4,5.4,4.8,4.5,7.9,4.8,3.6
36033,9.1,9.2,9.7,9.1,7.3,6.6,5.8,6.0,5.1,4.7,8.0,4.8,3.7
36035,10.8,10.7,11.2,9.7,7.7,6.5,5.8,5.7,5.1,4.8,8.3,5.6,4.0
36037,8.2,7.9,8.0,7.0,5.6,5.0,4.7,4.7,4.1,3.7,7.1,4.3,3.2
36039,9.3,9.5,10.1,9.0,6.8,5.7,5.1,5.2,4.5,4.3,8.0,5.0,3.6
36041,10.1,10.0,10.9,9.8,7.5,6.8,6.6,7.3,6.8,5.7,7.7,4.6,4.4
36043,8.8,8.8,8.9,8.0,6.8,6.3,5.6,5.7,4.9,4.7,7.9,5.9,4.0
36045,9.4,9.8,10.0,9.5,7.7,6.6,6.3,6.5,5.5,5.3,8.4,5.1,4.1
36047,10.0,9.6,9.9,9.3,7.4,5.8,5.3,4.6,4.2,4.1,12.5,10.4,5.9
36049,9.3,9.7,10.1,9.7,7.9,7.0,6.8,6.6,5.5,5.3,7.5,5.1,4.1
36051,8.2,7.7,7.9,7.2,5.8,5.3,5.0,5.0,4.3,4.1,6.8,4.4,3.4
36053,8.4,8.2,8.6,7.8,6.5,5.7,5.4,5.5,4.7,4.3,7.5,4.6,3.5
36055,8.2,7.7,8.0,7.2,5.8,5.1,4.8,4.9,4.2,4.0,8.2,5.2,3.5
36057,10.3,10.3,10.5,9.4,7.5,6.6,5.8,5.7,5.1,4.9,8.4,5.7,4.1
36059,7.3,6.9,7.1,6.1,4.8,4.3,4.0,4.1,3.5,3.3,8.0,4.5,2.9
36061,8.6,7.9,8.1,7.5,6.0,4.8,4.5,4.0,3.7,3.5,9.5,7.8,4.6
36063,9.8,9.2,9.5,8.7,7.1,6.2,5.9,6.1,5.2,4.7,10.1,5.7,3.9
36065,7.8,8.1,8.4,7.6,6.2,5.4,4.9,5.0,4.4,4.1,7.8,5.1,3.6
36067,8.2,7.8,8.0,7.0,5.6,5.0,4.6,4.6,4.0,3.8,8.0,5.0,3.4
36069,7.6,7.1,7.4,6.5,5.3,4.8,4.4,4.5,3.9,3.7,7.0,4.3,3.1
36071,8.1,7.8,8.0,7.0,5.5,4.7,4.4,4.5,3.9,3.6,8.0,4.8,3.3
36073,9.8,9.3,9.8,9.3,7.7,6.4,5.8,5.9,4.9,4.5,8.1,5.2,3.8
36075,10.9,10.9,11.1,10.1,8.1,7.2,6.6,6.4,5.4,5.2,8.6,5.6,4.2
36077,7.7,7.8,8.0,7.0,5.8,5.4,5.0,5.0,4.3,4.1,6.9,4.5,3.5
36079,7.3,7.1,7.3,6.2,5.0,4.3,4.1,4.2,3.7,3.5,7.2,4.2,3.0
36081,8.7,8.1,8.4,7.7,6.2,4.9,4.5,3.9,3.6,3.5,12.4,9.9,5.3
36083,7.9,7.7,7.9,6.8,5.4,4.7,4.4,4.4,3.9,3.6,6.7,4.4,3.1
36085,9.5,9.2,9.6,8.9,7.3,5.7,5.2,4.6,4.1,3.9,10.5,9.0,5.6
36087,7.6,7.2,7.4,6.4,5.2,4.6,4.3,4.3,3.7,3.4,7.7,4.5,2.9
36089,10.5,10.4,10.3,9.4,7.8,7.4,6.7,6.6,5.6,5.3,7.9,5.2,4.2
36091,7.0,6.7,6.9,6.0,4.7,4.2,3.9,3.9,3.5,3.2,6.4,3.9,2.7
36093,7.8,7.6,7.8,6.9,5.4,4.8,4.4,4.5,4.0,3.7,7.7,5.0,3.4
36095,9.1,9.0,9.3,8.3,6.8,5.8,5.5,5.4,4.8,4.4,6.8,4.6,3.7
36097,9.3,8.9,9.5,9.0,7.1,6.7,6.1,5.8,5.1,4.4,8.3,5.0,3.8
36099,8.4,8.0,8.1,7.1,5.7,5.2,4.8,4.5,3.8,3.7,7.8,4.8,3.3
36101,9.8,9.2,9.5,8.7,6.9,6.3,5.9,5.7,4.9,4.4,7.9,5.0,3.7
36103,7.9,7.7,7.9,6.8,5.4,4.7,4.4,4.4,3.8,3.5,8.1,4.6,3.2
36105,9.1,8.9,9.2,8.3,6.6,5.4,4.9,4.9,4.1,3.8,8.4,4.9,3.3
36107,8.1,7.7,8.0,7.3,6.1,5.6,5.2,5.1,4.3,4.0,7.5,4.5,3.3
36109,6.3,6.1,6.2,5.3,4.4,4.4,4.2,4.3,3.6,3.5,5.8,3.8,2.9
36111,7.9,7.9,8.4,7.3,5.7,4.8,4.5,4.5,3.9,3.6,7.7,4.7,3.2
36113,9.2,9.0,9.3,8.4,6.6,5.6,5.3,5.2,4.6,4.4,8.1,5.0,3.5
36115,8.4,8.2,8.4,7.7,6.1,5.1,4.7,4.6,4.1,3.9,6.9,4.7,3.3
36117,9.0,8.5,8.7,7.8,6.2,5.4,5.1,4.9,4.1,3.8,7.1,4.5,3.3
36119,7.5,7.1,7.4,6.4,5.2,4.6,4.4,4.5,3.9,3.6,8.0,4.8,3.2
36121,9.6,8.8,9.0,8.1,6.6,5.7,5.4,5.6,4.6,4.2,7.2,4.6,3.6
36123,7.5,7.6,7.9,7.0,5.7,5.0,4.5,4.4,3.7,3.6,6.3,3.9,3.0
37001,10.8,9.6,8.7,7.1,5.5,5.3,4.7,4.3,3.8,3.8,7.1,4.9,3.7
37003,12.9,11.3,9.8,7.6,5.5,4.9,4.3,3.6,3.2,3.3,7.4,4.3,3.3
37005,11.9,12.2,10.7,8.5,6.6,6.1,5.5,5.1,4.6,4.7,7.2,4.7,4.0
37007,14.0,12.3,11.2,9.2,6.9,6.5,5.8,5.2,4.5,4.1,7.6,6.4,4.4
37009,11.7,11.0,10.7,8.9,6.7,5.9,4.8,4.1,3.6,3.7,6.2,4.1,3.4
37011,10.7,11.1,10.9,8.7,6.4,5.9,5.0,4.3,3.7,3.7,6.2,4.1,3.3
37013,11.6,11.1,10.8,9.2,7.1,6.5,5.7,5.1,4.7,4.5,6.3,4.9,4.0
37015,11.7,12.0,11.7,9.8,7.7,7.1,6.6,5.9,5.0,4.7,6.3,6.1,4.9
37017,13.2,13.4,13.0,11.2,9.1,7.9,6.9,5.8,5.3,4.7,7.2,5.9,4.4
37019,12.4,12.2,11.5,9.5,7.7,7.2,6.5,5.7,5.3,5.2,8.7,6.1,4.7
37021,8.5,7.9,7.4,5.8,4.6,4.3,3.9,3.4,3.0,3.0,8.2,4.2,3.0
37023,12.8,11.4,10.1,8.1,6.0,5.6,4.9,4.2,3.7,3.7,7.1,4.6,3.5
37025,11.4,10.4,9.2,7.4,5.7,5.1,4.6,4.2,3.7,3.6,6.8,4.4,3.4
37027,14.7,13.2,11.9,9.3,7.1,6.2,5.2,4.5,3.9,4.0,7.8,5.0,3.6
37029,8.3,8.5,8.0,6.9,5.9,5.7,5.1,4.4,3.8,3.8,5.5,4.1,3.8
37031,9.5,9.7,9.1,7.6,6.0,5.8,5.2,4.4,4.4,4.1,6.2,4.2,3.5
37033,13.1,11.8,10.9,8.8,7.0,6.2,5.4,4.7,4.5,4.4,7.6,5.4,4.1
37035,12.9,11.7,10.4,8.3,6.2,5.4,4.7,4.2,3.6,3.6,7.9,4.7,3.5
37037,8.5,8.1,8.0,6.1,4.7,4.7,4.2,3.9,3.4,3.4,5.3,3.7,3.1
37039,12.8,11.8,11.2,9.0,6.9,6.4,5.7,5.0,4.5,4.4,7.8,5.1,4.1
37041,11.9,12.2,11.1,9.6,7.7,7.1,6.4,5.3,4.5,4.6,6.0,5.1,4.1
37043,12.4,11.5,10.6,8.5,6.4,6.0,5.5,5.0,4.4,4.5,7.3,5.1,4.0
37045,14.6,12.4,11.3,9.2,7.1,6.3,5.5,4.6,4.0,3.9,7.7,5.4,3.9
37047,13.3,13.4,12.5,10.0,8.3,7.4,6.4,5.5,5.0,4.9,8.0,6.3,4.3
37049,10.6,10.5,9.7,8.4,6.7,6.0,5.2,4.6,4.3,4.0,6.4,4.8,3.7
37051,10.0,10.6,10.8,9.4,7.8,7.2,6.4,5.7,5.2,5.1,9.3,6.9,5.2
37053,8.8,9.1,8.8,7.7,6.1,5.7,5.1,4.3,3.6,3.5,6.1,4.2,3.5
37055,12.0,13.1,12.6,10.9,8.2,7.4,6.8,5.9,5.2,4.7,9.8,6.0,4.4
37057,12.2,11.0,9.9,8.0,6.1,5.5,4.8,4.3,3.7,3.7,6.9,4.6,3.6
37059,11.7,10.6,9.3,7.3,5.7,5.0,4.5,4.0,3.5,3.4,6.6,4.4,3.4
37061,9.2,9.4,9.3,7.8,6.2,5.7,5.3,4.9,4.3,4.0,5.5,4.5,3.7
37063,8.2,8.1,7.6,6.1,5.0,5.0,4.5,4.1,3.6,3.4,6.3,4.3,3.2
37065,15.6,15.5,14.6,12.6,10.0,9.5,8.7,7.7,6.9,5.9,10.4,8.5,6.6
37067,10.0,9.8,9.1,7.3,5.8,5.4,4.9,4.4,3.9,3.7,7.3,5.0,3.8
37069,10.8,10.6,9.9,8.0,6.3,5.8,5.2,4.7,4.1,4.0,6.7,4.8,3.7
37071,13.4,11.9,10.7,8.7,6.6,5.9,5.3,4.6,4.0,3.9,7.9,5.2,3.7
37073,7.9,8.2,7.9,6.8,5.8,5.4,5.1,4.4,4.0,4.0,5.7,4.4,3.5
37075,17.4,18.1,18.1,14.9,13.0,11.9,8.8,6.8,5.9,5.4,9.8,6.9,5.4
37077,9.6,8.9,8.2,6.7,5.3,4.9,4.3,3.8,3.4,3.3,5.7,4.1,3.2
37079,10.0,9.6,8.8,7.6,6.0,5.5,5.3,4.4,3.9,3.7,5.6,4.2,3.3
37081,11.0,10.5,9.8,8.0,6.4,5.8,5.2,4.8,4.2,4.1,8.4,5.7,4.1
37083,14.6,14.6,13.9,11.5,9.4,8.7,7.9,7.3,6.1,5.6,9.0,7.5,5.7
37085,11.2,11.4,10.9,9.0,7.2,6.6,5.8,5.1,4.7,4.6,7.4,5.4,4.1
37087,10.2,10.1,9.3,7.6,5.6,5.2,4.5,4.0,3.4,3.4,7.4,4.3,3.2
37089,9.0,8.5,7.7,6.0,4.9,4.7,4.3,3.8,3.3,3.3,6.8,4.2,3.2
37091,10.5,11.3,11.0,9.1,7.2,7.0,6.6,5.8,5.1,5.1,6.8,6.6,5.2
37093,10.0,10.9,10.9,9.6,8.1,7.8,6.6,5.8,5.1,4.9,8.4,6.5,5.0
37095,11.0,13.4,13.8,11.3,8.9,9.0,9.5,8.4,8.3,8.5,10.3,6.6,5.8
37097,12.8,11.4,10.2,8.1,6.1,5.4,4.8,4.3,3.7,3.6,7.2,4.7,3.4
37099,10.8,11.2,10.8,8.6,6.5,6.0,5.4,4.8,4.2,4.1,7.5,4.6,3.9
37101,9.8,9.5,8.6,6.9,5.5,5.2,4.7,4.2,3.7,3.7,6.2,4.3,3.3
37103,11.1,10.6,10.2,8.2,6.5,5.7,5.3,4.4,4.2,3.9,5.6,4.3,3.5
37105,12.6,12.3,11.6,9.9,7.9,7.1,5.9,5.1,4.4,4.4,7.9,5.5,4.3
37107,11.7,10.9,10.0,8.4,6.9,6.3,5.9,4.5,4.0,3.7,6.1,5.1,3.7
37109,12.6,11.2,9.8,8.0,6.0,5.4,4.7,4.0,3.5,3.5,6.4,4.1,3.2
37111,13.2,12.4,11.1,8.7,6.2,5.4,4.8,4.1,3.4,3.8,6.9,4.6,3.5
37113,11.4,11.3,10.9,8.9,6.4,6.1,5.4,4.6,4.0,3.9,6.6,4.3,3.5
37115,10.3,10.3,10.0,8.0,6.0,5.6,4.9,4.3,3.7,3.6,6.8,4.4,3.4
37117,12.6,12.5,12.3,10.2,7.6,7.6,6.8,5.6,5.0,5.0,6.8,5.7,4.5
37119,10.6,9.9,9.0,7.3,5.8,5.3,4.7,4.3,3.8,3.7,7.6,4.9,3.5
37121,12.3,11.9,12.5,10.8,7.5,6.8,6.1,5.2,4.5,4.5,7.7,5.2,4.2
37123,12.2,11.8,10.8,8.1,6.2,5.6,5.2,4.6,4.0,3.9,6.6,4.8,3.7
37125,10.0,9.5,9.0,7.6,5.9,5.7,5.0,4.5,3.9,3.8,7.2,4.7,3.7
37127,12.4,12.5,11.8,10.1,7.7,7.2,6.6,6.0,5.1,4.8,8.2,6.3,5.1
37129,9.6,9.5,8.8,7.3,5.7,5.3,4.7,4.1,3.9,3.6,7.1,4.3,3.3
37131,11.5,12.2,11.8,9.7,7.8,7.4,7.3,6.2,5.1,5.1,7.2,6.3,4.9
37133,8.2,8.3,8.2,6.8,5.9,5.8,5.5,5.2,4.9,4.6,7.2,5.2,4.3
37135,6.5,6.5,6.3,5.2,4.5,4.6,4.2,3.8,3.3,3.3,5.3,3.6,3.1
37137,10.1,9.7,9.2,8.2,6.5,5.9,5.3,4.6,4.2,3.7,5.5,4.4,3.7
37139,9.8,10.3,10.3,9.4,7.8,7.2,6.3,5.5,4.8,4.6,7.2,5.5,4.5
37141,11.3,11.3,10.7,8.8,6.9,6.0,5.3,4.6,4.2,4.0,6.4,4.3,3.5
37143,10.5,11.0,10.7,9.3,7.6,7.0,6.4,5.6,4.9,4.9,6.7,5.5,4.5
37145,12.3,11.9,11.3,9.8,7.5,6.7,5.5,4.7,4.2,4.2,7.1,5.2,3.8
37147,10.1,10.1,9.3,7.8,6.3,6.0,5.6,4.9,4.3,4.2,6.7,5.3,4.1
37149,10.0,9.3,8.7,6.4,5.2,5.0,4.6,4.2,3.8,3.7,6.1,4.8,3.8
37151,11.9,10.9,10.2,8.4,6.4,5.6,4.9,4.4,3.8,3.8,7.2,4.8,3.7
37153,14.7,14.6,13.7,11.4,8.7,7.8,6.9,6.0,5.5,5.2,9.0,7.3,5.1
37155,13.6,14.2,13.6,11.5,9.2,8.4,8.0,6.5,5.9,5.3,8.7,7.6,5.6
37157,13.1,12.3,11.5,9.4,7.3,6.5,5.7,5.2,4.6,4.4,8.2,5.6,4.2
37159,13.9,12.4,11.1,9.0,6.9,6.0,5.6,4.7,4.0,4.0,7.9,5.1,3.7
37161,16.6,14.6,13.5,10.9,8.3,7.7,6.7,6.1,5.2,4.8,9.2,6.5,4.8
37163,9.6,9.8,9.6,7.9,6.3,5.8,5.5,4.8,4.1,3.8,5.8,4.6,3.8
37165,17.5,18.0,17.5,14.7,11.6,10.5,9.1,7.7,7.4,6.5,11.9,9.5,6.5
37167,13.1,11.8,10.2,7.9,5.9,5.3,4.6,4.1,3.6,3.7,6.2,4.4,3.3
37169,11.3,10.4,9.5,7.6,5.9,5.4,4.8,4.2,3.7,3.6,6.3,4.3,3.4
37171,11.9,10.8,9.9,8.1,6.0,5.4,4.8,4.2,3.6,3.6,6.8,4.5,3.5
37173,14.6,15.6,15.0,12.1,8.7,7.6,6.1,5.1,4.3,3.9,8.4,4.6,3.3
37175,9.7,9.4,8.9,7.2,5.7,5.4,4.9,4.3,3.8,3.7,6.0,4.2,3.5
37177,14.7,14.9,13.9,12.6,9.7,9.4,8.5,7.7,6.3,5.9,9.2,7.0,5.3
37179,9.9,9.1,8.0,6.4,5.1,4.8,4.4,4.0,3.5,3.5,5.9,4.0,3.2
37181,14.0,14.9,13.8,11.2,9.1,8.5,7.2,6.2,5.9,5.7,10.0,7.9,5.9
37183,8.2,7.8,7.3,5.8,4.8,4.7,4.3,3.9,3.5,3.4,6.3,4.1,3.1
37185,13.6,13.9,12.7,10.6,8.6,8.2,7.3,6.9,6.0,5.6,9.7,7.8,6.4
37187,14.1,16.9,15.7,12.1,9.4,8.6,7.4,6.6,6.0,5.7,8.0,7.0,5.1
37189,7.8,7.9,7.6,6.2,5.0,4.8,4.5,4.1,3.6,3.4,6.2,3.8,3.3
37191,9.1,9.0,8.7,7.5,6.2,6.0,5.8,5.0,4.4,4.1,6.3,5.2,4.1
37193,13.3,11.8,10.6,8.7,6.4,5.6,4.8,4.3,3.8,4.0,6.7,4.9,3.9
37195,13.8,13.9,13.3,11.4,9.2,9.4,8.2,7.2,6.2,5.7,8.7,6.8,5.2
37197,10.9,10.3,9.4,7.5,5.5,4.9,4.4,3.9,3.4,3.4,7.0,4.3,3.4
37199,11.7,11.3,10.9,9.3,6.6,5.8,5.2,4.6,3.6,3.7,6.5,4.4,3.6
38001,2.8,2.7,2.7,2.5,2.6,2.9,2.6,2.5,1.9,1.9,3.6,2.9,2.0
38003,4.4,3.8,3.3,3.2,3.0,3.2,3.2,2.8,2.5,2.8,3.7,2.6,2.1
38005,5.3,5.8,6.7,7.5,6.3,4.6,4.0,3.6,3.6,3.8,6.6,4.1,2.8
38007,3.1,3.7,3.2,2.8,2.9,3.0,3.0,2.9,2.6,2.2,3.7,2.4,1.8
38009,3.9,3.6,3.2,3.8,3.3,4.4,4.7,3.3,3.1,3.0,5.2,3.9,2.9
38011,2.5,2.1,1.8,2.0,1.8,1.8,2.2,1.7,1.7,1.5,3.3,2.1,1.6
38013,2.7,2.3,1.9,2.2,2.5,3.3,4.5,3.1,2.1,2.1,5.1,3.5,1.9
38015,3.5,3.1,2.7,2.5,2.4,2.4,2.6,2.4,2.4,2.2,4.2,2.6,1.9
38017,3.5,3.1,2.8,2.7,2.4,2.2,2.2,2.1,2.1,1.9,4.2,2.4,1.7
38019,3.0,2.9,3.0,3.3,2.8,2.8,2.7,2.6,2.4,2.5,3.3,2.5,2.3
38021,3.2,2.8,2.6,2.3,2.0,1.9,1.9,1.7,1.6,1.7,3.2,2.2,1.7
38023,2.0,1.7,1.5,1.4,1.5,1.8,2.6,1.6,1.2,1.3,3.1,2.0,1.3
38025,3.1,2.0,1.5,1.4,1.2,2.0,3.1,2.1,1.5,1.5,4.4,2.7,1.3
38027,4.7,4.7,4.9,6.0,5.4,4.8,4.3,4.7,4.6,4.0,4.5,3.3,2.8
38029,6.7,5.8,5.1,5.3,5.5,4.9,4.4,4.0,4.5,3.8,4.6,3.8,4.1
38031,3.4,3.1,3.0,3.4,3.0,2.9,3.0,2.4,2.4,2.5,3.3,2.3,2.0
38033,2.6,2.5,2.4,2.2,2.1,2.3,2.7,2.0,1.8,1.6,3.0,2.2,1.6
38035,3.4,3.5,3.2,3.0,2.7,2.4,2.4,2.2,2.1,1.9,4.4,2.7,1.8
38037,3.6,3.5,3.0,2.9,2.7,3.1,3.0,2.9,2.4,2.1,2.6,2.2,1.9
38039,2.9,2.9,2.5,2.4,2.3,2.4,2.9,2.8,2.1,2.2,2.8,2.3,2.0
38041,3.0,2.8,2.6,2.7,2.0,2.5,3.0,1.9,1.9,1.7,3.8,2.7,1.7
38043,5.2,5.0,4.9,4.7,3.8,3.7,3.8,3.6,4.0,3.7,4.9,4.2,3.8
38045,3.5,2.9,2.4,2.3,2.4,2.5,2.4,1.9,1.8,1.9,2.5,1.8,1.8
38047,3.5,3.0,2.9,3.1,2.9,2.9,3.4,2.5,2.3,2.1,3.1,2.5,2.1
38049,4.7,4.4,4.1,4.1,4.1,4.2,4.9,4.2,3.7,3.2,5.2,3.6,3.1
38051,4.3,3.6,3.1,3.0,2.9,3.2,3.1,2.6,2.5,2.8,3.1,2.8,2.1
38053,2.1,1.7,1.5,1.5,1.5,2.5,3.8,2.5,1.6,1.5,7.3,4.4,1.8
38055,5.0,4.6,4.2,4.2,3.9,3.7,3.5,3.1,3.1,2.9,4.3,3.0,3.0
38057,5.1,5.2,5.1,4.6,3.9,4.2,4.4,4.0,3.9,3.8,5.5,3.8,3.1
38059,4.5,3.9,3.4,3.3,3.2,3.1,3.3,3.1,3.0,2.7,4.9,3.2,2.4
38061,2.6,2.1,1.6,1.5,1.2,2.0,3.0,2.0,1.5,1.3,5.0,2.9,1.5
38063,4.0,4.2,4.0,4.3,3.7,3.7,3.4,3.1,3.1,2.8,4.3,3.0,2.8
38065,5.6,5.9,6.4,6.1,6.2,5.9,5.5,4.1,3.7,3.4,4.9,3.2,3.2
38067,6.2,6.7,6.1,6.0,5.5,5.3,5.0,4.2,3.7,3.1,5.5,4.0,3.2
38069,5.2,4.6,4.1,4.2,4.1,4.2,4.0,3.1,2.9,2.9,4.1,2.8,2.4
38071,3.7,3.7,4.0,3.7,3.5,3.4,2.9,2.7,2.6,2.7,4.3,2.7,2.1
38073,4.5,3.4,2.9,2.9,2.8,2.5,2.3,1.9,1.7,1.6,4.0,2.1,1.7
38075,2.7,2.7,2.2,2.4,2.6,3.3,3.9,2.6,2.2,2.3,4.7,2.8,1.9
38077,3.8,3.7,3.5,3.3,3.0,2.7,2.7,2.4,2.4,2.1,3.7,2.3,1.8
38079,10.7,10.6,10.1,12.3,11.2,10.3,10.8,10.2,8.7,7.5,13.0,8.6,6.4
38081,4.2,2.9,2.5,2.5,2.2,1.8,1.9,2.0,1.7,1.6,4.1,2.2,1.7
38083,3.8,3.9,3.5,3.9,4.9,5.0,5.6,4.4,4.2,4.0,5.6,4.2,2.6
38085,5.0,5.2,4.9,4.6,4.6,4.4,4.4,3.7,3.7,3.5,3.9,3.0,2.4
38087,2.1,2.0,2.1,2.1,2.0,2.6,2.5,1.9,2.0,2.0,2.8,2.2,2.4
38089,2.7,2.1,1.7,1.7,1.6,2.7,3.9,2.7,2.2,1.9,7.0,3.8,1.8
38091,2.7,2.5,2.6,2.4,2.2,2.3,2.1,1.7,1.9,1.9,2.8,2.4,1.9
38093,4.1,3.7,3.3,3.1,2.7,2.6,2.5,2.3,2.3,2.1,3.3,2.5,2.0
38095,2.6,2.9,3.2,3.8,3.4,2.7,2.2,2.5,2.3,2.5,2.7,2.7,2.2
38097,3.6,3.5,3.0,2.9,2.6,2.8,2.8,2.4,2.4,2.4,3.5,2.5,1.9
38099,5.0,4.8,4.7,4.9,4.5,4.2,3.8,3.3,2.9,3.0,4.3,3.7,3.0
38101,3.4,3.1,2.5,2.7,2.6,3.2,4.1,3.2,2.6,2.3,5.8,3.5,2.2
38103,3.9,4.2,3.8,4.3,4.3,4.0,3.8,3.2,2.8,2.8,4.1,3.4,3.0
38105,2.1,1.4,1.1,1.2,1.2,2.4,4.4,2.5,1.8,1.7,9.4,5.3,2.2
39001,16.0,14.3,12.5,12.7,9.2,7.9,7.6,7.2,7.0,6.9,9.3,6.4,5.4
39003,10.7,9.5,7.7,7.8,5.8,4.9,5.0,5.0,4.5,4.1,8.6,5.8,4.2
39005,11.9,9.9,8.0,8.1,6.0,5.1,5.1,4.9,4.6,4.2,6.5,4.4,3.9
39007,13.0,10.9,9.4,9.5,7.2,6.0,6.1,5.9,5.2,4.8,8.3,5.6,4.4
39009,10.7,9.9,8.5,9.0,6.9,6.3,6.4,6.0,5.6,5.3,7.6,5.6,4.8
39011,10.0,8.1,6.2,5.9,4.3,3.7,3.8,3.7,3.3,3.0,6.9,3.8,3.1
39013,11.3,9.5,8.2,8.2,6.7,6.4,7.5,6.3,5.5,5.7,10.1,6.2,5.1
39015,13.3,11.8,10.0,10.1,7.4,6.3,5.8,5.7,5.4,5.0,8.3,5.4,4.5
39017,10.1,9.1,7.7,7.5,5.5,4.6,4.5,4.4,4.1,3.8,7.3,4.5,3.6
39019,13.0,10.2,7.9,7.9,6.1,6.0,6.9,5.8,5.3,5.0,8.8,5.7,4.3
39021,11.6,9.4,7.4,6.9,5.1,4.4,4.5,4.1,3.8,3.7,7.2,4.5,3.7
39023,11.1,9.5,7.8,7.5,5.8,5.1,5.3,4.8,4.6,4.3,8.1,5.4,4.1
39025,10.4,9.2,7.4,7.3,5.5,4.6,4.5,4.4,4.1,3.8,6.9,4.4,3.6
39027,17.1,13.5,10.7,10.4,7.7,6.3,5.9,5.5,5.2,4.7,8.4,5.5,4.4
39029,12.6,10.1,8.2,8.2,6.5,5.9,6.7,5.9,5.1,4.9,9.4,5.8,4.6
39031,12.7,11.4,10.0,9.7,7.5,6.4,7.1,6.8,6.2,5.9,8.9,5.9,4.9
39033,12.9,11.5,9.0,9.1,6.7,5.9,6.1,5.7,5.2,4.7,9.3,5.9,4.8
39035,8.6,7.6,6.8,7.0,6.3,5.2,5.6,5.8,4.8,4.2,10.5,6.2,4.8
39037,11.3,9.2,7.2,7.0,5.3,4.3,4.1,4.2,3.9,3.7,6.7,4.0,3.5
39039,12.2,9.6,7.7,7.5,5.5,5.0,5.0,4.8,4.4,4.3,8.2,4.8,4.0
39041,7.3,6.2,5.2,5.3,4.1,3.6,3.6,3.5,3.4,3.2,5.4,3.7,3.0
39043,11.3,9.5,8.0,8.1,6.4,5.6,5.5,6.1,5.6,5.0,10.4,6.4,4.9
39045,9.3,8.1,6.6,6.6,5.2,4.4,4.3,4.3,4.1,3.8,6.6,4.4,3.5
39047,13.1,10.5,8.3,7.6,6.0,5.0,4.5,4.2,4.1,3.9,7.4,4.9,3.9
39049,8.9,7.8,6.4,6.4,4.9,4.1,4.1,4.1,3.8,3.6,7.6,5.0,3.4
39051,11.9,9.6,7.7,7.9,5.9,4.9,4.7,4.9,4.4,4.2,7.9,4.8,4.0
39053,11.8,11.2,9.7,9.7,7.7,6.6,6.9,6.6,6.0,5.4,8.0,5.7,4.7
39055,6.9,6.0,5.4,5.8,5.0,4.2,4.5,4.7,4.0,3.5,6.7,4.0,3.9
39057,9.6,8.2,6.9,7.0,5.2,4.4,4.4,4.3,4.0,3.8,6.5,4.4,3.6
39059,12.8,10.8,9.0,8.6,6.7,6.3,7.1,6.0,5.5,5.5,8.7,5.6,4.9
39061,9.9,8.8,7.4,7.3,5.5,4.5,4.5,4.4,4.1,3.8,7.9,4.9,3.6
39063,9.1,7.8,6.4,6.2,4.4,3.7,3.7,3.6,3.4,3.2,6.8,4.2,3.3
39065,11.2,9.5,7.5,7.7,5.7,4.9,5.0,4.9,4.4,4.2,8.1,5.2,4.2
39067,12.5,10.6,8.5,7.9,6.0,6.4,7.7,6.0,5.2,5.3,9.3,6.3,4.9
39069,13.1,10.7,8.7,8.8,6.5,5.7,5.4,5.2,4.9,4.7,8.1,5.2,4.5
39071,17.3,13.4,10.4,10.5,7.8,6.4,6.4,5.9,5.5,5.2,8.7,5.8,4.9
39073,11.7,9.9,8.3,8.1,6.5,5.7,5.6,5.4,5.1,4.7,7.5,4.9,4.1
39075,7.7,6.3,5.1,5.2,4.0,3.5,3.6,3.5,3.3,3.0,3.9,2.8,2.8
39077,13.2,11.4,9.9,10.2,8.0,6.7,6.6,6.4,5.9,5.8,9.5,5.9,5.1
39079,12.5,11.8,10.3,10.5,8.8,7.6,7.9,7.1,6.5,6.2,8.7,6.2,5.0
39081,14.5,12.0,10.8,10.9,8.1,7.5,8.4,7.3,6.3,5.9,10.1,6.6,5.5
39083,9.7,8.7,6.9,6.9,5.3,4.7,4.7,4.5,4.3,4.0,6.2,4.1,3.5
39085,8.0,6.8,6.0,6.3,5.5,4.5,4.9,5.1,4.3,3.7,8.4,4.9,4.2
39087,10.3,9.5,8.5,8.8,6.7,5.9,6.6,5.9,5.6,5.2,8.5,5.2,4.6
39089,9.6,8.4,6.8,6.9,5.2,4.5,4.4,4.2,4.0,3.8,6.6,4.1,3.4
39091,11.8,9.7,7.1,6.8,5.0,4.3,4.2,4.1,3.7,3.7,8.2,4.2,3.5
39093,9.2,7.8,7.1,7.4,6.5,5.6,6.0,6.1,5.0,4.3,9.8,5.6,5.0
39095,11.6,9.9,8.3,8.7,6.4,5.4,5.2,5.9,5.2,4.7,10.3,6.2,4.4
39097,9.1,7.9,6.4,6.2,4.7,4.1,4.0,3.9,3.8,3.5,6.0,3.9,3.2
39099,11.7,9.8,8.3,8.5,6.7,6.2,6.4,6.9,5.9,5.8,10.2,6.4,4.8
39101,11.0,9.9,7.9,7.9,6.0,5.2,5.1,5.0,4.4,4.1,7.6,4.8,4.4
39103,7.5,6.4,5.5,5.8,5.1,4.2,4.4,4.6,3.9,3.5,7.5,4.2,3.9
39105,14.7,13.1,11.5,11.8,9.0,8.3,8.6,8.1,7.2,6.9,9.7,6.7,5.9
39107,8.5,6.8,5.1,5.1,3.8,3.3,3.3,3.1,2.7,2.6,5.4,3.2,2.7
39109,11.1,9.1,7.3,7.2,5.4,4.4,4.4,4.2,3.9,3.7,7.0,4.3,3.6
39111,12.3,9.8,8.4,10.0,11.0,10.0,11.2,8.4,7.7,8.3,10.7,7.4,6.4
39113,11.4,9.7,8.2,8.3,6.1,5.1,5.0,4.9,4.5,4.2,8.7,5.6,4.1
39115,13.4,11.3,9.9,10.1,7.8,7.4,8.3,6.8,6.0,6.5,9.2,6.3,5.3
39117,11.5,10.1,8.1,8.0,5.9,5.1,5.1,4.9,4.6,4.2,7.2,4.6,3.9
39119,12.6,10.9,9.2,9.1,7.1,6.3,6.1,5.7,5.3,4.9,7.8,5.2,4.3
39121,16.0,13.3,11.0,9.6,7.6,7.4,8.8,7.2,6.7,7.0,9.7,6.8,6.0
39123,12.4,11.0,9.5,9.7,7.6,6.7,6.5,6.7,6.3,5.7,9.1,6.1,5.2
39125,12.6,9.7,7.7,7.6,5.5,4.8,4.6,4.4,4.1,3.9,7.5,4.4,3.5
39127,13.4,11.6,9.8,9.6,7.4,6.6,6.4,6.0,5.6,5.2,8.5,5.6,4.4
39129,10.6,9.2,7.4,7.3,5.7,4.8,4.9,4.6,4.3,4.0,6.9,4.5,3.7
39131,14.8,15.2,13.0,12.2,9.1,7.4,7.6,7.0,6.5,6.2,9.4,6.4,5.1
39133,10.4,8.9,7.3,7.7,5.9,4.9,5.1,5.0,4.6,4.3,7.3,4.8,3.8
39135,11.0,9.5,7.7,7.5,5.7,4.9,4.8,4.4,4.1,3.8,6.8,4.1,3.4
39137,9.3,7.4,5.8,6.0,4.5,3.9,3.7,3.5,3.3,3.1,5.6,3.4,3.0
39139,12.2,10.6,8.7,8.6,6.5,5.6,5.6,5.4,4.9,4.6,9.0,5.6,4.5
39141,12.0,9.9,8.4,8.7,6.4,5.4,5.6,5.1,4.5,4.2,8.0,4.9,3.8
39143,10.8,9.1,7.5,7.5,5.7,4.9,4.8,4.7,4.5,4.3,8.1,5.3,4.7
39145,13.4,12.5,11.3,11.9,8.8,7.7,7.8,7.0,6.7,6.3,8.7,6.2,5.1
39147,12.0,9.6,8.0,7.7,5.7,4.9,4.9,4.7,4.4,4.2,8.1,4.8,4.2
39149,12.5,9.6,7.3,6.7,5.1,4.3,4.2,4.1,3.7,3.6,7.7,4.2,3.5
39151,11.4,9.3,7.5,7.5,5.8,5.3,5.5,5.2,4.9,4.6,8.1,5.2,4.0
39153,10.6,9.1,7.5,7.6,5.9,5.0,5.1,5.1,4.6,4.3,8.3,5.5,4.1
39155,13.3,10.7,9.0,9.3,7.3,6.5,6.8,7.2,6.2,6.2,10.4,6.4,4.9
39157,11.3,9.3,7.4,7.3,5.5,5.4,5.8,5.0,4.5,4.3,7.5,4.7,3.8
39159,8.4,7.2,5.8,5.8,4.5,3.9,3.8,3.7,3.5,3.2,5.8,3.6,3.0
39161,12.1,9.3,7.5,6.9,4.9,4.2,4.1,3.9,3.5,3.3,7.0,4.0,3.3
39163,13.5,11.9,10.8,10.6,8.0,6.6,7.1,6.8,6.2,5.7,9.2,6.2,5.0
39165,9.1,7.9,6.5,6.4,5.0,4.2,4.2,4.1,3.8,3.5,6.4,4.0,3.3
39167,11.4,10.1,8.6,8.6,6.4,6.1,7.0,6.2,5.6,5.4,8.6,5.6,4.7
39169,9.3,7.7,6.1,6.2,4.6,4.0,4.0,3.9,3.6,3.3,5.9,3.7,3.2
39171,13.2,10.7,7.9,7.4,5.5,4.5,4.5,4.4,3.6,3.3,7.7,4.4,3.4
39173,9.9,8.3,6.9,7.0,5.2,4.3,4.2,4.4,4.0,3.7,7.0,4.3,3.5
39175,11.1,9.2,6.8,6.3,4.4,3.7,3.7,3.7,3.2,3.1,6.9,3.6,2.9
40001,10.1,8.7,8.9,9.5,7.7,5.9,5.6,4.7,4.0,3.9,6.0,3.8,3.4
40003,4.7,3.9,2.8,3.2,2.4,2.9,3.2,2.5,2.1,1.9,3.7,2.5,2.0
40005,9.6,8.1,6.6,6.7,5.9,6.3,6.4,5.0,4.0,4.2,7.3,5.0,3.9
40007,3.8,3.4,2.9,3.3,2.7,2.6,3.0,2.4,1.9,1.9,2.7,1.8,1.9
40009,5.5,3.5,2.9,3.2,2.7,5.0,6.9,3.7,2.5,3.0,7.8,4.5,2.6
40011,6.2,5.1,3.8,3.9,3.3,3.7,3.6,2.6,1.9,1.9,6.1,3.1,2.3
40013,5.9,5.6,5.2,5.3,4.7,4.5,4.2,3.6,3.1,2.9,5.2,3.5,2.8
40015,6.7,6.8,5.8,6.1,5.2,5.0,5.1,4.2,3.4,3.4,6.1,3.9,3.3
40017,5.0,4.2,3.8,4.0,3.4,3.5,3.8,3.3,2.7,2.7,6.0,3.4,2.6
40019,6.8,6.1,5.4,5.2,4.3,4.4,5.0,4.3,3.4,3.3,7.2,4.6,3.5
40021,7.4,6.9,6.8,6.8,5.8,5.0,5.3,5.1,4.1,3.8,5.6,4.3,3.6
40023,8.8,8.6,8.2,8.3,8.0,7.5,7.4,5.8,4.8,4.6,7.7,5.4,4.7
40025,3.4,3.2,3.1,3.2,2.7,2.2,2.4,2.3,1.8,1.7,2.1,1.9,1.4
40027,5.1,4.3,4.0,4.1,3.6,3.4,3.7,3.3,2.8,2.7,5.7,3.4,2.6
40029,8.8,8.0,6.9,7.4,6.5,7.4,7.1,5.1,3.6,3.7,7.0,4.7,3.3
40031,5.5,5.5,5.8,5.6,4.5,4.2,4.4,4.2,3.8,3.5,6.8,4.3,3.7
40033,6.4,5.8,5.5,5.5,4.5,4.1,4.6,3.8,3.0,3.0,7.2,4.3,3.1
40035,6.4,6.0,5.5,6.3,5.3,4.7,4.7,4.1,3.3,3.4,5.5,3.8,3.1
40037,8.2,6.6,5.8,5.8,4.8,4.8,5.6,4.7,3.7,3.5,6.7,4.4,3.5
40039,4.9,3.8,3.5,3.6,3.0,3.9,4.4,3.1,2.4,2.4,5.5,3.4,2.7
40041,7.7,6.8,6.4,6.7,5.6,4.8,4.7,4.2,3.8,3.6,5.4,3.5,3.0
40043,5.0,3.7,3.1,3.4,3.0,3.5,3.9,2.7,1.8,2.0,5.0,2.9,2.0
40045,5.1,3.6,2.8,3.0,2.9,4.0,3.7,3.0,2.1,2.3,4.6,2.9,2.3
40047,5.3,4.2,3.9,4.0,3.4,3.8,4.2,3.7,2.9,2.9,5.6,3.6,2.9
40049,7.2,5.6,4.8,4.8,3.9,4.6,5.2,3.9,3.1,3.0,6.4,3.9,2.9
40051,6.2,5.0,4.6,4.6,3.9,4.4,4.8,3.8,2.9,3.0,6.3,3.6,2.8
40053,4.3,3.5,3.3,3.2,2.6,2.9,3.1,2.4,2.0,2.0,3.4,2.7,1.9
40055,7.4,6.0,5.2,5.2,4.5,5.5,7.1,4.9,3.8,4.1,7.7,5.3,3.5
40057,5.6,5.1,4.5,4.2,3.9,3.4,3.7,3.6,2.8,2.7,3.6,2.7,2.7
40059,4.3,3.5,3.1,3.2,2.7,3.0,3.7,2.9,2.2,2.7,3.5,2.6,2.0
40061,9.4,8.5,8.6,8.9,7.2,7.7,8.0,6.3,4.9,5.0,8.1,5.5,4.4
40063,10.5,8.9,7.8,7.8,6.8,7.3,7.0,5.3,4.0,4.6,7.7,5.4,3.9
40065,5.7,5.2,5.0,5.2,4.2,4.0,4.2,3.6,2.9,2.8,4.2,3.0,2.8
40067,7.2,5.8,4.8,5.1,4.5,5.6,6.9,5.3,3.3,3.1,6.7,4.1,3.1
40069,10.0,8.2,7.6,7.9,6.8,6.4,5.7,3.8,2.8,4.1,7.8,4.8,3.7
40071,8.9,7.4,6.9,6.7,5.5,5.5,6.1,5.1,4.5,4.1,6.8,4.5,3.5
40073,4.9,3.7,3.2,3.4,3.0,3.1,3.2,2.6,2.0,2.0,4.5,2.7,2.0
40075,5.8,4.9,4.6,4.7,3.9,4.5,5.1,5.0,4.0,3.6,5.2,3.5,3.3
40077,9.7,9.5,8.2,8.6,7.1,7.9,8.3,7.1,5.8,6.0,10.3,7.5,5.7
40079,9.0,8.4,8.3,8.6,6.6,6.7,6.7,5.5,4.4,4.5,7.1,4.8,3.7
40081,6.3,5.2,4.8,5.0,4.4,4.6,5.1,4.1,3.4,3.4,5.8,3.7,3.1
40083,5.4,4.6,4.2,4.4,3.9,3.7,3.9,3.5,2.9,2.8,5.3,3.4,2.7
40085,5.5,4.8,4.1,4.2,3.5,3.5,3.0,2.8,2.1,2.2,4.3,2.8,2.4
40087,5.4,4.5,4.1,4.2,3.6,3.6,4.0,3.3,2.7,2.6,5.6,3.3,2.7
40089,11.0,9.8,9.2,9.1,7.8,7.7,6.9,6.0,5.3,5.4,6.8,4.6,4.0
40091,10.5,10.1,9.9,9.5,8.9,8.4,8.6,7.3,5.7,5.6,8.7,6.3,4.9
40093,4.8,3.8,3.4,3.3,2.5,3.2,4.0,3.0,2.1,2.0,4.9,3.2,2.4
40095,6.9,5.7,5.6,5.6,4.6,5.3,4.9,4.4,3.6,3.3,6.6,3.8,3.1
40097,8.5,7.2,5.9,5.6,4.7,4.2,4.9,4.5,3.2,3.0,5.2,3.9,3.2
40099,5.9,4.7,4.5,4.9,4.0,4.1,4.4,3.5,2.8,2.9,6.3,4.1,3.1
40101,7.9,7.0,6.5,6.3,5.5,5.0,5.3,4.8,3.9,3.7,6.2,4.5,3.5
40103,6.5,4.9,4.3,4.3,3.5,3.5,3.4,3.1,2.5,2.3,4.2,2.7,2.2
40105,8.9,7.6,6.6,6.6,5.9,5.6,5.9,5.1,4.0,3.3,5.4,3.7,2.9
40107,9.4,8.1,7.4,6.9,5.8,5.7,5.9,5.7,4.6,4.4,6.9,5.1,4.0
40109,5.9,5.0,4.6,4.7,4.0,3.8,4.1,3.8,3.2,3.0,6.6,4.2,3.0
40111,9.4,8.6,7.7,7.3,6.6,6.5,6.9,6.0,4.8,4.7,7.5,5.4,4.2
40113,7.4,6.4,5.7,5.7,5.0,5.1,5.6,4.9,4.1,3.6,6.7,4.4,3.6
40115,7.8,7.2,7.6,7.8,6.5,5.0,4.9,4.1,3.3,3.2,5.8,3.4,2.8
40117,8.8,7.4,6.4,5.9,5.1,5.7,6.4,5.1,4.0,3.8,6.7,4.3,3.7
40119,5.5,4.7,4.6,4.3,3.6,3.4,3.6,3.4,2.8,2.8,5.4,3.4,2.8
40121,7.8,7.0,6.8,7.1,5.9,5.6,5.9,5.0,3.7,4.0,7.8,5.5,4.3
40123,5.9,5.2,4.9,5.3,4.2,3.9,3.9,3.6,3.0,3.0,5.3,3.5,2.8
40125,6.7,5.7,5.1,5.3,4.6,4.4,4.5,3.9,3.6,3.5,6.3,4.1,3.5
40127,9.5,8.3,7.0,8.7,7.2,7.6,7.0,5.9,5.0,4.7,6.8,4.5,3.9
40129,4.4,3.1,2.8,3.1,2.7,4.1,5.0,3.1,2.3,2.9,5.2,3.0,2.3
40131,6.6,5.5,4.8,4.9,4.1,4.3,4.8,4.2,3.2,2.9,6.0,3.7,2.9
40133,9.2,7.9,7.6,7.9,6.6,6.7,6.7,5.4,4.6,4.6,7.6,5.3,4.2
40135,9.1,8.7,8.1,8.1,6.6,6.2,6.0,5.2,4.2,3.9,7.0,4.5,3.5
40137,7.5,5.6,4.8,5.2,4.3,5.8,9.2,5.9,3.8,4.1,8.0,4.7,3.3
40139,4.7,4.2,4.0,4.3,3.6,3.1,3.3,3.0,2.6,1.8,2.4,1.9,1.8
40141,6.0,5.6,4.7,5.2,4.5,4.2,4.3,4.0,3.6,3.5,6.4,4.6,3.4
40143,6.8,5.7,5.0,4.9,4.1,4.0,4.5,4.0,3.2,3.0,6.7,4.2,3.1
40145,6.5,5.6,5.0,4.9,4.1,4.1,4.6,4.1,3.2,3.0,5.9,3.7,3.0
40147,6.4,5.5,4.7,4.7,4.1,4.2,4.7,4.3,3.8,3.3,6.0,4.0,3.3
40149,5.8,4.3,3.9,4.1,3.3,5.4,6.7,4.2,2.9,3.2,6.9,4.5,3.1
40151,4.1,3.3,2.7,3.2,2.6,2.7,3.1,2.5,2.1,2.0,3.5,2.2,1.9
40153,6.6,4.4,3.4,3.4,3.0,5.1,6.0,3.9,2.6,2.8,7.0,4.4,3.0
41001,10.3,11.0,10.5,9.5,8.2,6.6,6.2,5.4,5.2,4.6,7.2,5.1,4.5
41003,7.2,6.5,6.0,5.6,5.0,4.1,3.9,3.2,3.1,3.0,5.6,3.9,3.3
41005,10.1,8.9,8.0,7.0,6.0,5.0,4.3,3.7,3.6,3.4,7.2,4.8,3.6
41007,10.1,9.5,8.7,7.7,6.5,5.3,4.6,4.0,4.0,3.7,9.5,5.9,4.0
41009,13.0,11.4,10.7,9.5,8.3,7.0,6.0,5.1,4.9,4.4,7.9,5.7,4.5
41011,12.8,11.7,11.1,10.1,8.8,7.3,6.3,5.4,5.2,4.8,8.6,6.2,5.0
41013,16.1,14.4,13.5,12.0,9.6,8.2,6.8,6.2,5.8,5.1,8.8,6.6,5.1
41015,12.7,12.1,11.8,10.5,9.9,8.0,6.6,6.0,5.9,5.1,8.7,6.6,5.1
41017,13.9,12.4,11.2,9.4,7.6,5.7,4.8,4.2,4.1,3.9,7.9,5.3,3.9
41019,14.1,12.8,11.9,10.4,9.0,7.3,6.2,5.3,5.2,4.8,7.8,5.8,4.9
41021,9.1,9.8,10.1,9.5,7.8,6.3,5.9,4.2,3.8,3.6,6.2,4.8,3.7
41023,13.8,13.9,14.0,12.2,10.3,8.5,7.5,6.8,6.9,6.8,8.4,6.6,5.8
41025,14.3,13.4,11.8,11.4,9.4,7.0,6.1,6.2,5.8,5.3,6.0,5.1,4.6
41027,8.3,8.0,7.2,6.2,5.3,4.6,4.1,3.5,3.2,3.1,6.3,4.5,3.4
41029,12.6,11.8,11.1,9.6,8.3,6.6,5.6,4.7,4.6,4.3,7.8,5.4,4.4
41031,13.8,12.9,11.8,10.3,8.7,7.1,6.5,5.5,5.3,5.0,8.3,6.4,5.2
41033,14.1,12.8,12.1,10.9,9.2,7.5,6.4,5.3,5.4,4.9,7.9,6.2,5.3
41035,13.0,12.1,11.7,10.6,9.2,7.6,6.6,5.8,6.2,6.1,8.7,6.7,5.7
41037,13.6,13.3,12.9,11.2,9.4,7.5,6.2,5.6,5.4,5.4,5.7,5.5,5.1
41039,11.1,9.8,8.9,7.9,6.8,5.7,5.0,4.4,4.3,4.0,7.9,5.5,4.3
41041,11.1,10.5,9.9,8.7,7.7,6.5,5.5,4.7,4.7,4.3,10.8,6.7,4.9
41043,12.9,11.5,10.7,9.5,8.0,6.6,5.6,4.7,4.6,4.3,7.7,5.6,4.4
41045,9.7,9.5,9.4,8.4,7.8,6.2,5.4,4.6,4.4,4.1,5.3,4.4,4.1
41047,11.2,10.6,10.0,8.7,7.2,5.9,5.0,4.3,4.2,3.9,7.0,5.1,4.0
41049,9.4,8.3,8.1,7.6,6.8,5.6,4.8,4.4,4.2,4.1,5.2,4.6,3.9
41051,9.8,8.5,7.6,6.7,5.8,4.8,4.2,3.6,3.6,3.2,8.6,5.4,3.7
41053,9.8,9.4,8.9,8.0,6.7,5.5,5.0,4.3,4.2,4.0,6.5,4.8,4.0
41055,11.9,11.2,10.8,9.2,7.3,6.0,4.5,4.7,3.9,3.5,6.2,4.3,3.1
41057,10.5,10.0,9.7,8.3,6.8,5.5,4.8,4.2,4.2,3.8,8.0,5.4,4.2
41059,10.4,9.6,9.1,8.7,7.6,6.2,5.2,4.7,4.8,4.8,6.8,5.2,4.3
41061,10.4,10.1,9.4,8.3,7.1,6.0,5.8,5.2,5.2,4.8,7.9,5.6,4.5
41063,13.0,12.3,11.5,11.0,9.8,7.6,6.6,5.5,5.8,5.7,7.2,5.4,5.1
41065,9.6,8.9,8.4,7.5,6.4,5.5,4.7,4.1,4.1,4.1,7.1,5.2,4.1
41067,9.0,7.8,7.1,6.2,5.5,4.6,4.0,3.4,3.4,3.1,6.5,4.4,3.3
41069,9.6,8.6,6.9,6.2,6.1,5.1,4.1,3.8,3.4,4.2,4.5,3.3,3.2
41071,10.5,9.3,8.5,7.4,6.3,5.2,4.5,3.7,3.6,3.4,6.8,4.7,3.6
42001,7.5,6.5,6.3,5.7,4.6,4.3,3.9,3.7,3.4,3.3,6.7,4.1,3.1
42003,7.3,6.9,6.8,6.3,5.4,5.0,5.1,4.8,4.2,4.1,8.8,5.6,3.9
42005,8.8,8.0,7.9,7.4,6.5,6.8,7.4,6.3,5.2,5.0,9.6,7.0,4.9
42007,8.3,7.7,7.4,7.0,6.6,6.2,6.1,5.6,4.7,4.5,10.1,6.6,5.0
42009,9.8,8.9,8.4,8.1,6.7,6.2,5.8,5.3,4.6,4.6,8.8,5.5,4.2
42011,8.4,7.7,7.5,6.9,5.6,5.0,4.9,4.7,4.3,4.3,9.2,6.1,4.0
42013,7.8,7.1,7.3,6.7,5.8,5.2,5.2,4.9,4.3,4.5,8.5,5.6,4.2
42015,7.0,6.3,6.7,7.1,5.5,6.0,6.5,5.2,4.5,4.3,7.3,5.2,3.9
42017,7.4,7.1,7.0,6.4,5.3,4.8,4.6,4.3,3.9,3.8,8.1,4.9,3.6
42019,7.1,6.5,6.3,6.0,5.1,4.8,5.0,4.6,4.0,3.9,7.6,5.2,3.9
42021,9.2,8.5,8.6,8.4,7.1,6.7,6.7,6.1,5.3,5.3,9.3,6.5,5.0
42023,12.3,10.5,10.0,9.4,7.1,7.3,7.3,6.9,5.1,5.9,12.2,7.1,5.3
42025,10.3,9.8,9.8,9.0,7.2,6.2,5.9,5.7,5.2,5.3,9.5,6.2,4.7
42027,5.8,5.3,5.4,5.1,4.3,4.0,4.1,3.8,3.3,3.3,5.7,4.3,3.3
42029,6.0,5.6,5.5,5.1,4.2,3.9,3.8,3.7,3.3,3.2,6.2,3.9,3.0
42031,10.0,9.7,8.8,7.8,6.3,6.1,6.1,5.7,5.0,4.8,8.1,6.1,4.8
42033,10.1,9.2,9.2,8.7,7.3,6.8,7.2,6.0,5.1,5.1,8.9,6.5,5.0
42035,9.1,8.2,8.6,8.8,7.4,7.0,7.0,6.2,5.5,5.4,8.5,6.2,5.0
42037,9.1,8.5,8.2,7.4,6.3,5.8,5.5,5.3,4.9,4.7,7.9,5.4,4.2
42039,9.2,7.8,7.5,7.0,5.9,5.3,5.9,5.6,4.8,4.7,8.7,6.2,4.5
42041,6.6,6.2,6.0,5.5,4.5,4.1,4.0,3.9,3.4,3.3,6.5,4.3,3.2
42043,7.8,7.4,7.3,6.6,5.4,4.7,4.7,4.6,4.1,4.0,8.7,5.8,3.7
42045,7.7,7.6,7.5,6.8,5.6,5.0,4.8,4.6,4.1,4.0,9.0,5.8,3.9
42047,9.4,7.2,6.8,6.6,5.2,5.0,5.5,4.9,4.0,4.8,11.9,6.4,4.6
42049,9.0,8.0,7.6,7.2,6.3,5.6,6.4,5.9,4.8,4.5,9.6,6.8,4.6
42051,10.5,9.9,9.7,9.3,8.0,7.6,8.0,7.0,6.0,5.9,11.5,8.1,5.7
42053,11.0,9.3,9.6,9.6,8.1,8.0,7.8,6.8,6.4,6.8,10.3,7.7,6.0
42055,8.3,7.2,6.9,6.4,5.5,5.1,5.1,4.5,3.8,3.8,7.4,4.8,3.4
42057,11.9,9.9,9.0,8.9,7.2,6.4,6.2,5.2,4.1,4.4,11.6,5.8,3.9
42059,8.1,7.5,7.1,7.0,5.6,6.1,7.7,6.0,5.0,5.1,9.5,6.8,5.0
42061,10.4,9.9,9.7,9.5,8.0,7.2,6.9,6.1,5.5,5.8,10.2,6.8,5.2
42063,8.4,7.7,7.9,7.5,6.1,6.4,7.2,5.9,5.1,5.0,8.8,6.6,4.9
42065,9.8,8.6,8.1,7.9,6.5,6.2,6.8,5.7,4.8,4.7,8.5,6.1,4.5
42067,7.7,7.2,7.1,6.9,5.7,5.0,5.3,4.7,4.1,4.4,7.0,4.7,4.0
42069,8.7,8.6,8.6,8.0,6.6,5.9,5.6,5.2,4.7,4.8,9.4,6.3,4.4
42071,7.3,6.7,6.4,5.8,4.7,4.2,4.1,3.9,3.5,3.4,7.3,4.6,3.3
42073,8.9,8.2,7.7,7.3,6.3,6.4,6.6,6.2,5.2,5.1,10.1,7.0,5.0
42075,7.2,6.8,6.5,6.0,5.0,4.6,4.4,4.2,3.9,3.9,7.7,5.1,3.5
42077,8.9,8.5,8.3,7.6,6.1,5.4,5.3,5.1,4.7,4.5,9.3,6.3,4.1
42079,9.7,9.4,9.6,9.1,7.4,6.6,6.2,6.0,5.6,5.6,10.7,7.6,5.0
42081,8.7,7.6,7.7,7.6,6.2,6.2,6.6,5.7,4.9,4.8,8.6,6.2,4.4
42083,9.8,8.6,8.2,7.9,6.5,6.2,6.5,6.2,4.9,5.2,9.6,6.4,5.0
42085,9.2,7.7,7.4,7.0,5.9,5.6,5.9,5.6,4.8,4.8,9.4,6.6,4.7
42087,9.9,8.7,8.5,7.9,6.5,5.9,5.7,5.4,4.8,4.6,8.2,5.7,4.4
42089,9.4,9.5,9.6,9.1,7.6,6.6,6.2,6.0,5.5,5.3,11.2,7.1,5.4
42091,6.7,6.3,6.2,5.7,4.7,4.2,4.1,3.9,3.5,3.5,7.4,4.6,3.2
42093,6.5,6.1,5.7,5.3,4.7,4.4,4.2,3.9,3.6,3.5,6.1,4.1,3.2
42095,8.5,8.1,7.9,7.2,6.0,5.4,5.1,5.0,4.6,4.4,8.7,5.5,3.9
42097,9.7,9.0,8.9,8.5,6.8,6.2,6.2,5.8,5.4,5.5,9.1,6.3,4.6
42099,7.8,7.2,7.1,6.3,5.2,4.5,4.6,4.4,3.9,3.7,6.6,4.4,3.4
42101,10.3,10.5,10.6,10.0,8.2,7.2,6.7,6.3,5.7,5.5,12.2,8.3,5.0
42103,9.4,9.7,9.9,9.3,7.7,6.7,6.3,6.0,5.5,5.5,10.3,6.7,5.3
42105,10.1,9.0,8.9,9.0,7.5,7.2,7.8,6.6,5.5,5.8,9.1,6.4,5.5
42107,10.3,9.6,9.5,8.9,7.2,6.4,6.1,5.9,5.3,5.4,9.0,6.3,4.6
42109,8.1,7.5,7.4,6.6,5.2,4.8,4.6,4.5,4.1,5.4,7.4,4.8,4.0
42111,9.3,8.7,8.7,8.9,7.4,7.0,7.1,6.1,5.3,5.3,9.2,6.3,5.0
42113,7.8,7.2,7.7,8.0,6.2,6.3,7.1,6.1,5.1,5.2,8.3,6.9,4.9
42115,8.5,7.8,7.4,6.9,6.0,5.7,5.6,4.8,4.1,4.3,7.1,5.1,3.9
42117,8.0,6.8,7.5,8.3,7.0,6.6,7.1,6.1,5.3,5.2,8.8,6.2,4.6
42119,7.5,6.6,6.3,6.1,5.0,4.6,4.7,4.4,3.9,4.0,6.6,4.4,3.6
42121,8.2,7.2,7.5,7.5,6.0,6.1,7.2,6.2,5.0,4.8,8.7,6.3,4.7
42123,8.0,7.3,6.7,6.2,5.3,5.1,5.4,5.4,4.6,4.5,7.9,6.3,4.3
42125,7.9,7.2,7.0,6.7,5.8,5.7,6.0,5.3,4.4,4.4,9.1,6.1,4.3
42127,7.9,7.9,7.9,7.6,6.5,5.9,5.7,5.2,4.9,4.7,8.9,6.1,4.7
42129,8.0,7.4,7.2,6.8,5.8,5.5,5.8,5.3,4.6,4.4,8.9,5.9,4.3
42131,8.5,8.6,8.8,8.4,6.7,6.2,6.1,5.4,4.7,4.8,8.2,5.9,4.5
42133,8.2,7.3,7.3,6.5,5.5,4.8,4.6,4.4,4.0,3.8,7.8,5.1,3.5
44001,10.1,9.6,8.8,8.1,6.8,5.3,4.6,3.9,3.4,3.0,7.4,4.7,2.6
44003,11.5,10.6,9.8,9.0,7.2,5.6,4.7,4.1,3.7,3.2,8.6,5.1,2.9
44005,10.4,10.0,9.1,8.7,6.9,5.4,4.7,3.9,3.5,3.1,8.0,4.9,2.8
44007,12.2,11.6,10.8,10.0,8.2,6.4,5.5,4.8,4.4,3.8,10.0,5.9,3.5
44009,10.5,10.0,9.5,8.8,7.2,5.6,4.8,4.0,3.6,3.1,7.6,4.8,2.7
45001,13.8,12.3,10.4,9.3,7.5,6.8,5.4,4.5,3.9,3.3,6.4,4.5,3.8
45003,9.4,9.1,8.4,7.4,6.3,5.8,4.9,4.0,3.3,2.8,4.8,3.3,3.1
45005,19.3,18.1,16.6,13.7,11.9,11.2,8.4,6.8,5.6,5.2,9.2,7.5,5.6
45007,11.7,10.2,8.7,6.9,5.8,5.3,4.5,3.9,3.2,2.6,5.7,3.7,3.0
45009,16.3,16.0,15.6,13.2,11.3,10.4,8.8,7.4,6.4,5.4,8.7,7.2,5.4
45011,16.8,15.0,13.6,11.8,9.4,8.9,7.2,5.9,4.7,4.1,7.1,6.3,4.6
45013,8.8,8.6,7.4,6.2,5.5,5.4,4.7,4.0,3.2,2.6,5.3,3.4,3.1
45015,10.2,9.5,8.2,6.8,5.8,5.4,4.5,3.8,3.0,2.5,5.4,3.6,3.0
45017,12.5,12.2,11.0,9.3,7.8,7.1,6.0,5.1,4.2,3.5,6.0,4.4,3.5
45019,8.9,8.2,7.0,5.7,5.0,4.8,4.0,3.4,2.7,2.2,6.1,3.5,2.7
45021,16.0,14.5,12.6,10.2,8.1,7.1,5.8,4.9,3.6,3.0,7.8,4.9,4.1
45023,19.5,17.1,14.5,11.9,9.4,8.3,7.0,6.0,4.8,4.1,8.8,5.7,4.2
45025,14.6,12.7,11.1,8.9,6.7,6.0,4.9,4.3,3.2,2.8,5.9,4.4,3.5
45027,14.2,14.3,12.6,10.1,8.2,7.6,6.5,5.9,4.6,3.8,6.5,4.8,4.0
45029,13.9,13.9,11.8,9.7,7.4,6.9,5.5,4.7,3.9,3.1,5.9,4.3,3.5
45031,13.4,12.8,10.8,9.1,7.8,7.3,6.1,5.2,4.0,3.3,6.3,4.4,3.5
45033,16.1,15.6,13.8,11.5,9.4,8.5,6.6,5.6,4.7,4.0,5.9,5.7,4.5
45035,9.7,8.9,7.7,6.4,5.7,5.4,4.5,3.8,3.0,2.4,5.6,3.6,2.9
45037,10.1,9.8,9.2,7.8,6.5,6.3,5.5,4.5,3.4,2.7,5.0,3.4,3.2
45039,14.8,14.3,12.8,10.5,8.5,8.0,7.1,7.2,6.1,4.3,7.8,5.7,4.7
45041,11.5,11.1,9.4,8.0,7.0,6.5,5.2,4.5,3.6,2.8,5.4,4.0,3.2
45043,14.7,13.4,11.7,9.9,8.3,8.3,6.7,5.5,4.5,3.7,7.3,4.7,3.7
45045,9.8,8.6,7.3,5.9,5.2,4.9,4.1,3.6,2.9,2.4,5.5,3.4,2.8
45047,12.0,11.2,9.9,8.4,6.7,6.3,5.1,4.4,3.6,3.0,6.2,4.4,3.7
45049,13.0,12.8,10.9,9.1,7.5,8.3,5.7,4.4,3.3,2.6,4.8,3.5,2.9
45051,12.5,11.8,10.1,8.4,7.2,7.0,5.7,4.9,4.2,3.5,8.4,5.0,3.9
45053,10.0,9.8,8.3,6.7,5.5,5.1,4.3,3.6,2.9,2.5,4.9,3.4,3.0
45055,11.7,10.9,9.3,7.6,6.3,5.9,5.1,4.4,3.5,2.9,5.1,3.7,3.2
45057,14.9,13.2,11.0,9.1,7.0,6.2,5.2,4.6,3.7,3.3,6.6,4.2,3.5
45059,12.5,11.5,10.1,8.3,6.9,6.5,5.1,4.3,3.5,2.9,6.7,4.2,3.3
45061,16.4,16.0,13.8,10.8,8.8,8.4,6.9,5.9,4.5,3.9,7.4,5.4,4.6
45063,8.3,7.9,6.8,5.6,4.9,4.8,4.0,3.5,2.8,2.3,4.2,3.0,2.6
45065,14.2,13.5,11.5,9.6,7.7,7.1,5.5,4.5,3.4,3.0,6.5,4.7,3.6
45067,18.5,17.5,15.6,12.8,10.3,9.9,8.5,7.3,5.4,4.2,7.6,6.4,4.8
45069,21.5,19.5,17.2,13.5,10.3,10.0,8.2,6.4,4.9,4.6,9.4,7.4,6.6
45071,10.9,10.2,8.6,7.1,5.6,5.2,4.3,4.1,3.0,2.6,4.6,3.2,2.7
45073,11.5,9.9,8.6,7.5,6.1,5.7,5.0,4.3,3.3,2.7,5.2,3.6,3.0
45075,16.1,15.6,14.0,12.1,11.0,10.8,8.7,7.1,5.7,4.6,8.8,6.8,5.0
45077,11.0,9.8,8.8,7.2,6.1,5.7,4.9,4.1,3.3,2.7,5.1,3.4,3.1
45079,9.5,9.0,8.0,6.7,5.8,5.6,4.7,4.2,3.4,2.7,5.7,4.0,3.2
45081,10.2,9.6,8.3,6.7,5.5,5.2,4.4,3.9,3.1,2.6,4.2,3.1,2.8
45083,12.0,10.8,9.2,7.5,6.2,5.7,4.6,4.0,3.0,2.5,6.3,3.9,3.1
45085,12.6,11.9,10.4,8.5,7.1,6.8,5.8,5.1,4.0,3.3,6.5,4.5,3.8
45087,17.9,15.8,13.4,11.0,8.4,7.8,6.1,5.3,4.1,3.4,8.9,6.2,4.7
45089,17.5,16.5,15.5,12.2,9.7,9.1,7.6,6.3,5.4,4.4,8.0,5.9,4.7
45091,12.3,10.8,9.1,7.5,6.1,5.4,4.5,3.9,3.2,2.7,5.8,3.6,3.1
46003,3.4,3.0,2.8,2.7,2.5,2.2,2.2,2.6,2.7,2.3,2.9,2.0,1.8
46005,4.1,3.7,3.3,3.5,3.0,2.6,2.6,2.6,2.4,2.6,3.4,2.4,1.9
46007,7.2,7.1,6.4,6.2,5.3,4.9,4.0,4.1,4.1,4.6,4.6,3.6,3.2
46009,4.1,4.8,3.7,3.2,2.7,2.6,2.7,2.7,2.3,2.6,3.6,2.4,1.9
46011,4.6,4.3,3.7,3.3,3.1,2.9,2.8,2.9,2.6,2.8,3.9,2.7,2.0
46013,3.8,3.7,3.4,3.2,2.8,2.6,2.7,2.8,2.6,2.6,4.0,2.5,2.2
46015,3.7,3.9,3.4,3.4,3.2,2.6,2.6,2.8,2.5,2.7,4.0,2.1,1.7
46017,11.1,10.0,9.2,8.7,7.6,7.0,8.4,6.9,5.5,5.5,7.4,4.4,4.4
46019,5.0,4.8,4.4,3.8,3.3,3.3,3.5,3.3,3.0,2.9,4.9,2.9,1.9
46021,4.3,3.8,3.4,3.5,3.2,2.9,2.9,3.1,3.7,3.1,3.2,2.7,2.6
46023,4.8,4.8,4.7,4.3,3.7,3.4,3.2,3.4,2.9,3.2,5.7,3.1,2.2
46025,5.1,4.6,4.1,3.9,3.8,3.6,3.9,4.3,3.7,3.4,3.6,3.2,2.2
46027,4.2,3.9,3.6,3.6,3.4,3.0,3.0,3.0,2.6,2.8,4.1,2.5,2.1
46029,5.1,4.4,3.7,3.5,3.2,3.0,3.1,3.1,2.8,2.7,4.4,2.6,1.9
46031,6.9,7.3,7.6,6.8,5.7,5.0,4.5,3.9,3.7,4.9,4.4,4.0,2.9
46033,5.7,5.4,5.1,5.0,4.4,4.2,4.0,4.0,3.8,3.8,5.5,3.4,2.8
46035,4.4,3.8,3.2,3.1,2.7,2.5,2.4,2.7,2.4,2.5,3.7,2.3,1.8
46037,6.6,6.3,5.5,5.1,5.2,4.9,4.2,3.8,4.0,3.9,5.1,3.6,2.9
46039,6.6,5.9,5.6,5.5,5.2,4.9,4.9,4.5,4.1,4.1,4.8,3.5,2.8
46041,14.7,15.8,15.3,15.3,14.2,11.3,9.1,9.4,8.1,7.1,6.7,4.9,5.6
46043,4.4,4.0,3.2,3.1,2.8,2.4,2.6,2.8,2.4,2.4,2.6,2.1,1.9
46045,3.0,3.2,2.8,2.7,2.5,2.5,2.3,2.6,2.4,2.6,2.6,2.2,1.9
46047,6.1,5.8,5.4,4.9,4.6,4.4,4.4,3.7,3.5,3.6,5.3,3.4,2.3
46049,3.9,4.1,3.8,3.2,3.0,2.6,2.7,2.8,2.7,2.8,3.1,2.3,1.9
46051,4.6,4.7,4.2,4.1,3.5,2.9,3.2,3.3,2.9,2.8,3.6,2.9,2.5
46053,4.3,4.5,4.1,3.8,3.3,3.1,3.0,3.2,3.0,2.9,3.4,2.4,1.8
46055,3.4,3.7,3.0,2.8,2.6,2.3,2.4,2.6,2.4,2.6,2.3,2.3,1.9
46057,4.9,4.3,3.7,3.4,3.3,3.3,3.4,3.4,2.9,2.8,3.1,2.2,1.9
46059,3.2,3.2,2.9,2.7,2.5,2.3,2.2,2.3,2.1,2.3,2.3,2.1,1.7
46061,5.2,4.7,4.4,4.1,3.4,3.3,3.4,3.8,4.3,4.0,4.6,3.4,2.5
46063,3.5,3.9,3.4,2.8,2.3,2.4,2.9,2.8,2.3,2.4,3.2,2.2,1.9
46065,3.4,3.5,3.1,2.9,2.5,2.4,2.4,2.5,2.3,2.3,3.0,2.1,1.6
46067,3.9,3.7,3.3,3.2,2.8,2.4,2.6,2.8,2.5,2.6,3.4,2.6,2.2
46069,3.8,3.5,3.4,3.3,2.8,2.8,2.7,2.9,2.7,2.9,2.8,2.3,2.1
46071,6.7,7.3,6.7,6.1,5.3,4.2,4.2,5.2,4.5,4.7,3.8,3.8,3.0
46073,3.6,3.5,2.9,3.0,2.4,2.2,2.5,2.2,2.2,2.3,2.2,1.7,1.4
46075,2.9,3.1,3.6,3.5,3.6,2.9,2.4,2.7,2.4,2.6,3.3,2.7,2.3
46077,5.3,4.3,3.4,3.2,2.9,2.9,2.7,2.9,2.7,2.6,3.3,2.4,1.9
46079,5.6,4.8,4.0,3.8,3.5,3.6,3.4,3.5,3.1,3.0,3.4,2.6,2.0
46081,4.7,4.7,4.3,3.9,3.4,3.2,3.3,3.0,2.7,2.7,5.7,2.6,1.9
46083,3.9,3.5,3.1,2.7,2.4,2.2,2.2,2.3,2.1,2.2,3.3,2.1,1.6
46085,6.4,6.2,5.6,4.7,4.1,4.6,4.7,4.6,3.8,4.0,5.2,3.8,2.5
46087,4.9,4.3,3.6,3.2,2.6,2.3,2.5,2.6,2.3,2.5,3.4,2.3,1.6
46089,4.9,4.3,4.4,3.7,3.8,3.3,3.5,3.2,3.5,3.6,4.6,3.4,2.7
46091,5.3,5.4,4.5,4.3,4.0,3.8,3.9,4.1,3.5,3.2,4.3,3.0,2.7
46093,5.2,4.7,4.2,3.7,3.3,3.1,3.2,3.2,3.1,3.1,4.5,2.6,2.0
46095,6.3,6.2,7.4,7.4,5.9,5.1,4.3,4.6,4.4,4.9,5.6,3.9,2.9
46097,5.0,4.3,3.4,3.5,3.1,2.4,2.7,2.8,2.5,2.6,4.3,2.6,1.8
46099,4.9,4.4,3.8,3.2,2.9,2.7,2.6,2.6,2.4,2.4,4.1,2.4,1.8
46101,6.9,6.2,5.2,4.5,4.0,3.3,3.7,3.4,2.7,3.0,4.7,2.3,2.2
46102,12.8,13.7,13.5,13.3,13.0,11.3,10.9,10.7,9.6,8.3,8.8,7.3,4.8
46103,5.2,4.7,4.2,3.8,3.3,3.1,3.1,3.1,2.8,2.9,4.8,2.7,2.0
46105,4.1,4.2,3.8,3.6,3.3,3.1,2.9,2.6,2.6,2.6,3.3,2.5,2.0
46107,4.8,5.2,3.8,3.8,3.2,3.2,2.8,3.1,3.2,2.6,2.9,2.6,2.2
46109,5.7,6.5,5.4,5.1,4.7,4.3,4.2,4.4,4.0,3.6,5.7,3.9,3.2
46111,4.1,4.1,3.3,3.0,2.5,2.5,3.0,3.3,2.7,2.5,3.6,2.5,2.1
46115,3.7,4.0,3.9,3.5,3.4,3.0,3.1,3.2,3.2,2.9,3.6,2.7,2.4
46117,3.7,3.9,2.9,2.7,2.5,2.3,2.4,3.1,2.4,2.5,3.4,2.5,1.8
46119,3.6,3.7,2.9,2.8,2.7,2.5,2.3,2.9,2.5,2.5,2.5,3.2,1.6
46121,7.6,8.3,9.2,9.6,8.5,7.2,6.5,6.1,5.7,5.5,5.8,4.1,3.7
46123,3.6,3.7,3.5,3.4,3.1,2.6,2.2,2.6,2.3,2.4,2.8,2.0,1.7
46125,4.5,4.0,3.3,3.0,2.8,2.6,2.8,3.0,2.5,2.6,3.6,2.2,1.8
46127,5.7,5.0,4.5,4.1,3.6,3.3,3.1,3.4,2.9,2.9,4.5,3.0,2.2
46129,6.7,6.8,5.8,5.4,5.2,5.3,5.2,4.7,4.5,4.6,5.5,4.6,3.4
46135,4.8,4.3,3.5,3.3,2.9,2.6,2.6,2.7,2.4,2.4,4.1,2.3,1.8
46137,5.8,6.3,6.6,6.1,5.7,5.0,4.6,4.9,4.8,4.7,4.1,3.8,3.6
47001,9.5,8.9,8.1,7.9,6.8,5.8,4.9,3.9,3.8,3.5,6.7,4.0,3.3
47003,12.8,11.4,9.9,9.2,7.5,6.4,5.0,3.9,3.7,3.7,8.0,4.3,3.4
47005,12.5,11.6,10.0,9.7,8.8,7.6,7.1,5.4,4.9,4.4,7.9,5.0,4.1
47007,13.4,11.5,10.6,10.5,9.0,7.9,7.0,5.9,5.9,5.4,8.4,5.5,5.3
47009,9.2,8.3,7.2,6.9,6.0,5.1,4.4,3.5,3.2,3.1,6.4,3.6,3.1
47011,9.6,9.0,7.5,7.1,6.1,5.2,4.5,3.6,3.6,3.4,6.6,4.3,3.6
47013,12.7,11.9,11.2,11.0,9.4,7.9,6.9,5.2,4.8,4.5,7.6,5.0,4.1
47015,11.3,10.5,8.6,7.9,6.4,5.7,4.6,3.5,3.1,3.0,6.5,3.6,3.0
47017,14.9,12.3,11.1,11.8,10.1,8.2,6.7,5.1,4.9,4.8,7.4,4.7,3.9
47019,11.1,10.2,9.1,9.2,7.7,6.4,5.7,4.6,4.1,4.0,6.8,4.4,3.6
47021,9.1,8.6,7.3,6.6,5.5,4.8,4.0,3.1,2.7,2.6,5.7,3.3,2.7
47023,10.1,9.2,8.0,8.1,6.8,5.8,5.0,4.0,3.7,3.4,5.5,3.4,3.0
47025,11.0,11.2,10.0,10.7,8.7,7.2,6.2,4.7,4.2,4.1,7.4,4.3,3.8
47027,12.3,10.8,10.2,10.7,9.1,8.8,6.6,5.1,4.9,5.9,7.7,5.5,4.6
47029,13.8,13.4,11.7,10.9,9.1,7.7,6.3,5.3,4.7,4.5,10.3,5.8,5.1
47031,11.0,10.1,8.4,7.8,6.4,5.5,4.7,3.7,3.5,3.3,7.9,4.3,3.4
47033,11.8,10.7,9.3,9.1,7.7,6.4,5.3,4.1,3.9,3.4,5.7,3.7,3.2
47035,10.9,10.3,9.2,9.3,8.0,7.0,5.9,4.7,4.4,4.5,7.5,5.0,4.3
47037,8.3,7.6,6.3,5.9,5.0,4.3,3.6,2.8,2.6,2.5,8.2,4.4,2.8
47039,13.3,11.8,10.5,10.6,9.6,7.8,6.9,5.2,5.0,5.3,8.6,6.0,4.5
47041,11.9,11.3,9.8,10.1,8.2,6.8,5.6,4.8,4.5,4.3,9.2,4.8,3.9
47043,10.4,9.7,8.5,7.7,6.3,5.4,4.4,3.4,3.0,3.0,6.0,3.6,3.0
47045,12.3,12.6,11.2,10.4,8.3,7.1,6.2,4.8,4.5,4.8,7.9,4.8,3.6
47047,10.1,9.6,8.6,8.6,7.2,6.1,5.1,4.0,3.7,3.6,6.2,4.3,3.5
47049,12.6,11.6,9.9,9.7,8.5,7.2,6.2,4.5,4.1,4.1,6.3,4.2,3.8
47051,10.3,9.5,7.9,7.2,6.2,5.1,4.9,3.8,3.4,3.3,8.0,4.1,3.5
47053,12.2,11.6,10.5,11.0,9.0,7.3,5.9,4.6,4.3,4.2,6.8,4.5,3.5
47055,12.3,10.1,8.6,8.1,6.1,4.9,4.0,3.4,3.6,3.8,8.3,4.5,3.3
47057,13.0,11.8,10.5,10.0,8.2,6.6,5.4,4.3,3.9,4.0,7.1,4.4,3.8
47059,13.0,11.6,10.3,9.6,8.1,6.4,5.5,4.6,4.6,4.6,8.1,4.6,4.0
47061,12.8,12.6,10.2,10.0,9.4,7.7,6.5,5.0,4.4,4.1,9.9,5.7,4.5
47063,11.8,11.0,9.6,9.1,7.4,6.2,5.1,4.1,3.8,3.8,7.1,4.2,3.7
47065,8.5,7.9,7.0,7.2,6.2,5.3,4.6,3.7,3.4,3.2,7.1,4.3,3.4
47067,16.1,14.1,12.0,11.8,9.8,9.6,8.0,5.8,4.8,5.8,8.2,5.0,4.2
47069,13.4,12.3,11.1,11.1,9.3,7.5,6.2,5.2,4.9,4.9,7.9,6.2,4.2
47071,12.2,11.4,10.2,10.3,9.0,7.1,6.0,4.7,4.4,4.2,6.9,4.7,4.0
47073,11.1,10.1,9.0,8.7,7.4,6.3,5.4,4.3,4.0,4.1,7.7,4.7,3.9
47075,15.9,14.0,11.7,11.8,9.9,8.3,6.5,5.2,5.3,4.8,8.7,6.1,4.5
47077,14.5,11.3,9.8,10.5,8.7,7.9,6.9,5.2,4.7,4.3,8.0,4.6,3.7
47079,11.6,11.0,9.6,9.4,8.1,6.5,5.9,4.5,4.2,4.1,7.1,4.3,4.0
47081,11.3,10.4,9.0,8.3,6.6,5.6,4.6,3.4,3.2,3.0,5.8,3.7,2.9
47083,12.2,11.3,11.4,10.9,9.9,8.6,7.5,5.8,5.4,4.5,7.8,5.0,4.4
47085,11.4,10.6,9.7,8.8,7.8,6.7,6.0,4.3,4.3,3.8,6.1,4.1,3.5
47087,12.8,11.9,10.6,10.3,8.8,7.8,7.0,5.4,4.7,4.5,7.9,4.5,3.9
47089,11.7,10.6,9.5,9.0,7.4,6.3,5.3,4.0,3.8,3.7,7.5,4.3,3.7
47091,13.0,11.7,9.6,9.0,6.9,5.6,4.8,3.9,3.5,3.4,6.3,3.7,3.4
47093,7.6,7.0,6.2,6.3,5.5,4.6,4.0,3.2,2.9,2.9,5.9,3.4,2.9
47095,11.3,12.2,10.6,10.1,9.3,8.5,7.8,5.6,5.1,5.4,8.1,6.1,5.0
47097,14.4,12.6,11.1,11.6,9.8,8.8,7.8,5.8,5.8,5.3,8.8,6.2,4.7
47099,12.5,10.6,9.7,9.8,8.2,6.5,5.8,4.4,4.0,4.1,7.7,4.5,3.5
47101,15.3,13.1,11.0,10.6,9.0,7.2,6.0,4.6,4.4,4.0,7.5,5.0,3.6
47103,7.3,6.8,6.2,6.2,5.4,4.8,4.1,3.3,3.0,3.5,8.4,4.2,3.2
47105,9.4,8.8,7.7,7.7,6.7,5.6,4.7,3.7,3.4,3.3,6.2,3.6,3.3
47107,12.7,11.3,9.3,9.0,7.6,6.3,5.4,4.4,4.1,3.7,7.8,4.8,4.0
47109,13.1,11.5,10.4,11.7,10.6,8.4,7.0,5.6,5.5,5.2,8.4,5.5,4.6
47111,11.4,10.4,8.5,8.2,6.5,5.3,4.4,3.4,3.2,3.1,6.5,3.8,3.1
47113,10.2,9.5,8.3,8.0,6.8,5.8,4.9,3.9,3.8,3.5,7.5,4.6,3.4
47115,11.3,10.6,9.3,9.1,7.9,6.7,6.3,4.9,4.6,4.2,7.5,4.6,3.9
47117,14.2,11.6,9.5,8.1,6.3,5.5,4.6,3.5,3.4,3.5,9.1,4.7,3.3
47119,12.5,10.4,8.0,7.1,6.0,5.1,4.1,3.2,3.2,3.1,8.1,5.0,3.0
47121,13.3,12.1,10.5,10.2,8.7,7.6,6.9,5.2,4.6,4.5,8.7,5.1,4.4
47123,12.9,11.6,10.1,9.7,7.6,6.2,5.3,4.0,3.7,3.6,8.0,4.0,3.5
47125,8.7,8.7,7.7,7.5,6.7,5.8,5.1,4.1,3.8,3.7,7.6,4.7,3.7
47127,8.0,7.0,5.9,6.0,5.1,4.5,3.8,3.1,3.0,2.9,5.3,2.8,2.5
47129,11.6,11.0,10.4,10.2,8.8,7.4,6.5,4.9,4.5,4.0,6.3,4.5,3.8
47131,9.8,12.3,13.6,11.6,9.6,8.6,7.1,5.5,4.9,4.8,6.8,4.8,3.9
47133,10.9,10.4,9.1,9.0,7.9,7.1,5.4,4.1,3.7,3.7,6.3,3.8,3.4
47135,13.7,11.8,9.9,9.3,8.1,6.7,6.4,4.8,4.3,4.9,9.6,7.5,5.4
47137,11.3,11.4,9.5,9.5,8.9,7.6,6.7,4.4,3.8,4.6,6.0,3.9,3.9
47139,11.4,11.3,10.0,9.2,7.9,6.5,5.7,4.5,4.2,4.0,6.8,4.3,3.7
47141,9.6,9.0,8.2,8.0,6.9,5.8,4.9,3.8,3.6,3.5,6.5,3.9,3.4
47143,12.5,11.4,10.4,10.7,8.5,7.3,7.1,6.5,5.6,5.6,9.6,5.0,4.3
47145,9.3,9.2,8.8,9.0,7.7,6.4,5.6,4.4,4.1,4.0,6.3,4.2,3.7
47147,9.4,8.5,7.2,6.7,5.7,4.8,4.2,3.4,3.1,2.9,6.1,3.5,2.8
47149,9.0,8.1,6.6,6.2,5.3,4.4,3.7,2.9,2.7,2.5,7.0,3.6,2.7
47151,17.3,17.8,15.8,14.4,11.7,9.2,7.4,5.1,4.4,4.3,8.4,5.3,4.9
47153,12.3,10.4,8.5,8.6,7.5,6.4,5.9,5.0,4.3,4.2,7.8,4.7,4.1
47155,10.6,10.2,8.9,8.4,7.2,6.0,5.0,4.0,3.5,3.2,9.7,4.1,3.2
47157,9.9,9.7,8.8,8.8,7.6,6.4,5.4,4.4,4.1,3.9,9.6,7.0,4.5
47159,12.5,10.4,8.3,7.8,6.4,5.6,4.6,3.6,3.0,3.0,6.1,3.5,3.0
47161,12.6,12.6,11.2,10.9,9.3,7.6,6.8,5.4,4.9,4.4,6.3,4.3,3.9
47163,9.2,8.4,7.7,7.6,6.7,5.7,5.2,4.0,3.7,3.6,7.1,4.4,3.5
47165,9.0,8.0,6.6,6.2,5.3,4.6,3.9,3.0,2.8,2.6,6.5,3.5,2.7
47167,11.5,10.5,9.0,9.5,8.3,7.0,5.7,4.4,4.2,3.8,6.7,4.5,3.6
47169,11.1,10.6,8.8,8.4,7.1,5.9,4.9,3.5,3.2,3.0,6.2,3.8,3.0
47171,12.1,11.2,10.5,10.5,9.2,7.9,7.1,5.4,4.9,4.9,7.9,5.1,4.3
47173,10.9,10.3,9.6,9.6,7.9,6.7,5.8,4.4,4.0,4.0,6.8,4.2,3.8
47175,13.4,11.9,11.7,11.5,9.6,7.9,6.2,4.3,4.7,4.5,8.5,5.2,4.3
47177,11.1,10.4,8.9,8.5,6.8,5.6,4.8,4.0,4.0,4.0,8.9,5.0,4.2
47179,8.9,8.2,7.2,7.2,6.3,5.5,4.8,3.8,3.5,3.4,6.3,3.7,3.2
47181,11.6,10.9,9.6,9.6,8.7,7.3,6.6,5.3,4.8,4.6,6.8,4.3,4.5
47183,11.2,11.6,11.1,10.3,8.6,6.7,5.9,4.9,4.2,4.0,5.7,4.0,3.5
47185,10.7,10.0,9.9,9.4,7.4,6.0,5.0,4.0,3.6,3.6,7.1,4.1,3.5
47187,6.7,5.9,5.0,5.1,4.5,4.0,3.4,2.7,2.5,2.4,4.7,2.6,2.4
47189,8.5,7.7,6.5,6.3,5.3,4.5,3.9,3.0,2.8,2.7,6.3,3.4,2.6
48001,8.1,7.5,6.3,5.8,4.7,4.0,4.3,3.7,3.1,2.9,5.7,4.9,3.5
48003,6.2,5.2,4.0,3.8,3.0,3.5,4.7,3.1,2.4,2.3,8.2,5.7,3.2
48005,8.6,8.2,6.9,6.5,5.3,5.6,5.9,5.1,4.4,4.0,7.6,6.4,4.6
48007,9.2,9.0,6.9,6.6,5.6,5.1,5.6,6.9,6.0,4.3,8.4,7.2,5.3
48009,6.7,6.3,5.5,5.3,4.6,4.5,4.3,3.4,3.1,2.8,5.3,4.3,3.4
48011,4.9,4.9,4.4,4.0,3.3,2.7,2.8,2.6,2.7,2.7,4.2,3.6,2.8
48013,8.2,8.2,6.7,6.3,5.0,4.8,5.3,4.3,3.8,3.6,8.6,6.1,4.1
48015,8.1,8.1,6.4,5.9,4.8,4.6,5.3,4.4,3.7,3.4,6.7,5.5,4.0
48017,7.9,7.7,6.9,7.2,5.1,4.3,4.4,4.3,4.4,3.7,4.8,5.0,4.3
48019,7.8,7.7,6.5,6.1,4.8,4.0,4.1,3.6,3.4,3.3,5.8,4.8,3.7
48021,8.3,8.2,6.6,6.2,4.9,3.9,3.7,3.6,3.4,3.1,6.0,4.5,3.4
48023,7.1,6.2,5.1,5.3,4.3,3.6,3.6,3.4,3.2,2.2,3.4,3.4,2.8
48025,9.0,8.9,7.0,6.6,5.9,6.2,7.5,6.5,5.1,4.4,9.9,8.5,5.9
48027,7.8,8.3,7.4,7.0,5.9,4.7,4.5,4.3,4.2,3.9,7.0,5.8,4.5
48029,7.3,7.4,6.3,5.9,4.7,3.8,3.8,3.6,3.4,3.2,7.6,5.3,3.8
48031,6.0,5.9,5.1,4.7,3.7,3.2,3.1,2.8,2.6,2.4,3.9,3.4,2.8
48033,6.7,5.4,4.1,4.1,3.1,2.9,3.6,3.4,3.2,2.5,3.4,2.2,1.9
48035,8.8,8.6,7.2,6.5,5.2,4.5,4.3,4.0,3.7,3.4,5.5,4.6,3.7
48037,8.5,8.5,7.4,7.7,6.4,4.8,4.7,4.6,5.0,4.4,7.4,5.9,4.7
48039,8.5,8.3,6.6,6.2,5.2,4.6,5.2,5.3,4.6,4.2,8.6,6.8,4.6
48041,6.3,6.2,5.2,4.9,4.0,3.3,3.5,3.1,2.9,2.7,5.3,4.1,3.1
48043,5.5,5.7,5.1,5.6,4.7,4.0,3.8,3.5,3.4,2.9,6.6,4.6,3.5
48045,6.1,6.4,5.5,5.7,4.2,3.9,4.4,4.4,4.0,3.5,4.7,4.8,3.6
48047,12.0,11.0,8.7,9.1,7.8,10.0,11.8,8.3,6.5,5.1,10.7,9.1,6.1
48049,8.3,8.3,6.7,6.5,5.2,4.4,4.4,3.9,3.8,3.7,6.5,5.2,4.4
48051,7.9,7.5,6.3,6.2,4.8,4.4,4.7,4.2,3.6,3.1,6.4,4.9,3.6
48053,6.8,7.0,5.9,5.5,4.4,3.7,3.5,3.2,2.9,2.7,4.8,3.8,3.0
48055,8.7,8.7,7.1,6.6,5.3,4.4,4.3,4.0,3.7,3.4,6.5,4.9,3.5
48057,8.8,8.8,7.3,6.2,4.8,4.0,5.6,5.8,4.1,3.2,5.8,4.9,3.7
48059,7.3,7.4,6.0,5.8,4.5,4.3,4.3,3.7,3.4,3.1,5.5,4.7,3.6
48061,11.2,11.8,10.2,10.0,8.4,7.2,7.2,7.0,6.2,5.5,10.1,8.0,5.7
48063,9.2,9.3,8.0,7.4,6.2,6.2,6.9,5.7,4.9,4.2,7.4,5.9,4.5
48065,5.5,5.1,4.5,4.5,3.4,3.2,3.3,3.3,2.8,2.6,4.2,3.9,3.1
48067,11.3,11.0,9.1,9.3,7.7,6.8,7.2,6.0,5.1,4.3,7.9,6.6,4.7
48069,5.4,5.2,4.3,4.7,4.0,3.4,3.1,3.3,2.9,2.7,3.6,3.5,3.2
48071,9.7,9.6,8.0,7.4,5.8,5.4,6.1,6.6,5.4,4.5,9.4,8.1,5.4
48073,8.9,8.4,7.2,7.0,5.9,5.2,5.1,4.6,4.2,3.8,7.9,6.4,4.5
48075,5.7,5.3,4.4,4.3,3.7,3.1,3.0,3.0,2.7,2.7,3.7,3.6,2.9
48077,7.5,6.7,5.6,5.6,4.6,4.4,4.4,3.6,3.2,3.1,5.5,5.0,3.9
48079,8.2,8.8,7.5,6.7,5.2,5.2,5.0,4.6,4.4,3.4,7.2,6.3,4.8
48081,6.1,5.9,5.0,5.1,4.4,4.1,4.1,3.7,3.5,3.3,5.5,4.8,3.5
48083,9.1,9.1,7.5,7.6,6.2,5.6,5.8,4.5,4.0,4.1,7.4,6.0,4.4
48085,7.3,7.0,5.9,5.6,4.6,3.7,3.5,3.5,3.4,3.1,6.3,4.4,3.2
48087,5.6,6.0,4.9,5.2,4.1,3.7,3.5,3.5,3.2,3.1,4.2,4.4,3.5
48089,8.2,8.0,6.3,5.8,4.5,4.0,4.7,4.0,3.3,3.1,5.6,4.8,3.6
48091,7.1,7.1,6.0,6.0,4.6,3.7,3.6,3.4,3.2,3.0,6.1,4.6,3.5
48093,7.6,7.7,6.3,5.9,4.9,4.3,4.3,3.7,3.6,3.2,5.5,4.6,3.5
48095,5.8,4.8,4.2,4.0,3.0,3.3,3.4,4.2,3.7,3.2,4.5,4.3,3.2
48097,7.3,6.3,5.0,5.0,3.9,3.7,4.0,3.6,3.1,2.8,7.1,5.1,3.4
48099,7.5,7.9,7.3,7.2,6.0,4.8,4.7,4.4,4.2,4.0,6.6,5.7,4.5
48101,7.0,7.8,7.4,6.9,6.3,7.1,5.1,4.3,4.4,4.2,4.9,4.4,2.8
48103,7.7,6.9,4.9,4.5,4.1,5.8,8.6,5.3,3.9,4.0,13.7,9.3,5.0
48105,8.6,6.9,5.0,5.2,3.8,6.0,7.5,4.1,3.0,2.9,8.9,6.6,4.0
48107,8.0,8.7,7.1,6.0,4.8,4.4,4.4,4.2,4.7,4.0,5.3,5.6,4.2
48109,7.2,7.2,6.0,5.1,4.2,4.2,4.1,3.7,3.1,4.2,6.6,4.8,2.8
48111,5.4,4.5,3.7,3.5,3.0,2.2,2.2,2.2,2.0,2.0,2.8,2.7,2.4
48113,8.6,8.4,7.1,6.6,5.5,4.3,4.0,4.0,3.8,3.5,7.8,5.6,3.8
48115,7.7,7.7,6.4,6.4,4.9,4.6,5.0,4.9,4.3,3.9,8.7,6.8,4.4
48117,5.8,5.6,4.7,4.5,3.7,3.2,3.1,3.1,2.8,2.7,3.6,3.7,3.0
48119,8.0,8.3,6.7,6.4,6.1,4.6,3.8,3.4,3.5,3.4,5.5,4.9,4.1
48121,7.1,6.8,5.7,5.4,4.5,3.6,3.4,3.4,3.2,3.0,6.4,4.4,3.3
48123,7.8,6.7,4.8,4.8,3.9,4.0,5.5,4.4,3.2,2.6,6.1,4.9,3.5
48125,11.3,15.7,10.6,9.4,6.3,4.7,4.9,4.9,4.3,4.2,6.2,5.2,4.8
48127,10.6,8.0,5.8,5.1,3.8,4.7,7.1,5.1,3.0,2.5,6.4,5.5,3.9
48129,6.9,6.6,5.9,5.1,4.9,4.2,4.0,3.7,3.5,3.4,4.4,4.2,3.6
48131,11.7,9.7,7.0,6.4,5.6,8.1,10.9,7.7,5.3,4.5,12.2,8.0,4.5
48133,8.7,7.9,6.6,6.1,4.9,4.8,5.5,4.3,3.4,3.3,6.8,5.7,4.6
48135,8.4,6.3,4.6,4.4,3.5,4.7,6.4,4.1,2.7,2.7,11.1,8.0,3.9
48137,7.1,6.8,6.4,5.9,4.4,4.6,4.6,3.2,2.9,2.3,3.6,4.3,2.9
48139,8.0,8.0,6.7,6.2,5.0,4.0,3.8,3.5,3.3,3.1,6.0,4.5,3.5
48141,9.2,9.8,8.5,8.0,6.5,5.2,5.0,4.7,4.3,3.8,8.3,6.2,4.3
48143,6.5,6.2,5.5,5.4,4.3,4.0,4.1,3.4,3.1,3.2,5.7,4.5,3.5
48145,8.6,8.5,7.3,7.1,5.6,4.3,4.4,4.3,3.9,3.3,6.1,5.3,4.1
48147,8.2,8.5,7.0,7.0,5.4,4.1,3.8,3.4,3.1,2.8,4.7,4.1,3.5
48149,6.1,6.0,4.8,4.5,3.5,3.3,3.7,3.2,2.8,2.6,4.7,4.3,3.5
48151,7.1,6.9,5.4,5.5,4.6,3.9,4.3,3.6,3.2,3.0,4.5,4.3,3.6
48153,8.0,7.9,6.4,8.9,7.2,5.6,5.0,5.5,5.2,4.4,6.2,5.7,4.2
48155,6.8,7.6,5.8,5.2,4.3,4.2,3.7,3.6,2.9,3.0,4.0,3.4,3.2
48157,7.7,7.3,5.9,5.5,4.6,4.3,5.0,4.7,4.0,3.5,7.6,5.9,4.0
48159,8.7,8.4,7.4,6.6,5.2,4.9,4.9,4.7,4.2,3.6,5.3,4.4,3.3
48161,8.3,8.1,6.7,7.0,5.7,5.5,6.7,6.4,5.9,4.8,8.4,7.2,5.4
48163,7.3,6.7,5.0,4.7,3.6,3.9,4.9,4.0,2.9,2.6,5.7,4.8,3.4
48165,6.0,5.2,4.2,4.2,3.3,3.3,3.7,3.1,2.6,2.4,5.6,4.6,3.0
48167,9.2,9.1,7.6,6.9,5.7,5.0,5.3,5.3,4.7,4.1,8.8,6.6,4.4
48169,5.9,6.2,4.9,4.6,3.7,3.7,3.9,3.3,2.9,2.6,6.8,4.9,4.2
48171,5.5,5.5,4.7,4.4,3.6,2.9,2.8,2.6,2.6,2.4,4.8,3.4,2.7
48173,5.0,4.4,3.9,3.6,2.7,2.8,3.9,2.7,2.1,2.1,3.6,3.1,2.7
48175,7.4,6.7,5.5,5.2,4.2,4.5,5.8,5.0,3.8,3.4,7.8,6.5,4.5
48177,6.8,6.3,5.0,5.2,3.9,3.7,4.2,3.5,3.1,2.7,5.4,4.3,3.3
48179,8.7,7.1,5.6,5.2,4.1,5.7,6.9,5.3,3.9,3.6,8.1,6.6,4.5
48181,8.2,8.1,6.8,6.3,4.9,4.1,3.9,3.6,3.3,3.1,5.9,4.7,3.7
48183,8.0,7.4,6.2,6.0,4.9,5.0,6.1,5.2,4.2,3.8,8.3,6.4,4.3
48185,9.0,8.1,6.4,6.1,4.8,5.4,6.6,5.4,4.2,4.0,8.1,6.6,4.6
48187,6.8,6.7,5.6,5.5,4.4,3.6,3.6,3.4,3.2,3.0,6.1,4.5,3.4
48189,7.4,7.7,6.9,13.4,9.5,6.4,5.6,5.2,4.8,4.5,6.8,6.1,5.0
48191,9.1,8.9,7.8,7.1,6.3,5.4,6.7,6.2,4.4,4.2,5.8,5.5,4.2
48193,6.8,6.6,5.8,6.0,4.7,4.7,4.9,4.0,3.3,3.0,4.6,4.1,3.5
48195,4.4,4.2,3.4,3.3,2.6,3.0,3.1,2.6,2.3,2.4,3.5,3.1,2.4
48197,8.4,7.3,5.9,5.8,5.0,4.9,3.9,4.0,3.6,3.0,4.4,4.3,3.6
48199,10.0,9.9,8.4,8.1,6.4,5.7,6.1,6.2,5.2,4.6,8.9,7.8,5.2
48201,8.3,8.1,6.6,6.1,5.1,4.7,5.3,5.1,4.4,3.9,9.0,6.4,4.3
48203,9.4,8.8,7.4,6.9,5.6,5.3,6.0,5.3,4.4,4.0,7.9,6.5,4.5
48205,4.2,4.1,3.3,3.2,2.6,2.1,2.0,2.0,1.8,1.7,2.0,2.2,2.0
48207,5.5,5.5,5.3,5.0,4.0,3.5,4.2,4.8,3.9,3.3,4.3,4.0,3.0
48209,7.1,6.9,5.8,5.4,4.3,3.5,3.3,3.2,3.0,2.8,6.3,4.1,3.1
48211,3.9,3.6,2.9,3.0,2.4,3.2,3.7,2.5,2.1,2.6,4.6,4.4,3.4
48213,8.9,8.8,7.5,7.2,5.7,4.9,4.7,4.2,3.8,3.5,6.4,5.2,3.9
48215,11.8,11.9,10.5,10.4,8.9,8.0,7.8,7.5,6.6,6.3,11.7,9.1,6.6
48217,8.4,8.5,6.9,6.5,5.3,4.6,4.4,4.0,3.7,3.3,6.3,5.0,3.9
48219,7.1,6.6,5.3,5.1,3.9,4.2,4.7,3.7,3.1,3.0,8.0,5.9,3.7
48221,8.6,8.2,6.5,6.1,5.0,4.5,4.7,4.2,3.7,3.4,6.6,5.2,3.8
48223,7.5,7.6,6.4,5.8,4.8,4.2,4.0,3.6,3.4,3.1,5.1,4.4,3.6
48225,7.7,8.0,7.0,6.3,5.0,4.5,4.6,4.4,3.8,3.1,5.3,4.9,3.6
48227,7.2,6.7,5.6,5.4,4.4,4.6,5.5,4.3,3.3,3.1,8.1,6.4,5.1
48229,8.0,8.4,7.4,7.0,6.4,5.7,6.0,5.8,4.6,4.3,8.1,5.7,4.0
48231,9.0,9.1,8.2,7.5,6.0,4.8,4.3,4.0,3.8,3.6,6.6,5.2,4.0
48233,8.5,8.2,6.5,6.2,4.4,4.4,5.6,6.1,5.0,4.4,7.2,5.9,4.5
48235,5.3,5.6,4.5,4.2,3.7,3.6,3.2,3.1,3.2,2.4,6.0,4.9,3.0
48237,7.9,7.2,5.7,5.4,3.8,4.2,5.0,3.8,2.5,3.1,7.0,5.5,3.8
48239,7.1,6.4,5.1,5.0,4.0,3.8,4.7,4.0,3.3,3.0,5.8,5.0,3.5
48241,12.4,12.7,10.6,10.5,8.3,7.5,7.7,7.5,6.6,6.1,11.2,9.6,6.5
48243,4.9,5.1,4.9,4.1,3.7,3.3,3.0,3.2,2.9,2.9,5.1,4.3,3.5
48245,11.4,11.7,11.0,11.0,8.4,7.0,7.0,7.4,6.4,5.9,12.0,9.8,6.3
48247,10.3,8.9,6.5,7.2,6.1,7.2,9.6,7.3,5.7,4.8,9.6,8.6,5.4
48249,10.1,8.2,6.1,6.2,5.3,7.9,10.6,7.6,5.5,4.7,13.0,9.9,5.8
48251,8.7,8.0,6.6,6.2,5.1,4.4,4.4,3.8,3.5,3.2,6.5,4.9,3.5
48253,8.8,8.5,7.2,6.8,5.6,5.5,5.8,5.4,4.8,4.3,7.1,6.1,4.4
48255,9.2,8.0,6.0,5.4,3.7,4.3,4.9,3.5,2.9,2.5,6.3,5.2,3.3
48257,8.5,8.3,6.9,6.4,5.2,4.1,3.8,3.6,3.5,3.2,6.4,4.9,3.8
48259,6.2,6.3,5.4,5.1,4.1,3.3,3.2,3.1,2.9,2.7,5.1,3.9,3.2
48261,6.8,6.7,5.1,4.1,3.0,3.2,4.6,3.3,3.7,3.5,5.6,5.9,6.2
48263,4.8,4.9,3.8,4.0,3.5,2.6,3.0,2.7,2.5,2.3,3.9,2.9,2.0
48265,6.7,6.9,5.8,5.6,4.4,3.7,3.6,3.4,3.3,2.9,5.9,4.6,3.6
48267,6.0,6.4,4.9,4.9,3.9,3.7,3.8,3.6,3.0,3.0,5.0,4.2,3.4
48269,4.3,4.2,4.5,4.6,4.0,3.5,3.9,3.7,2.9,2.1,1.7,0.9,0.9
48271,11.2,10.5,8.7,9.6,7.3,6.4,5.8,5.6,4.4,3.5,6.0,5.6,4.8
48273,8.4,8.3,6.9,6.5,5.5,5.9,6.7,6.0,5.0,4.3,8.5,7.0,4.8
48275,5.9,6.0,5.2,5.4,4.4,3.8,4.2,4.0,3.6,3.2,5.6,4.7,4.0
48277,9.3,10.1,9.2,8.2,6.2,4.8,4.6,4.2,3.8,3.4,6.4,5.5,4.3
48279,7.6,7.8,7.9,6.9,5.9,9.0,6.5,5.2,4.4,3.8,5.2,5.0,4.0
48281,7.1,7.8,7.1,7.2,5.7,4.4,4.2,3.8,3.8,3.3,5.4,4.9,3.7
48283,9.1,7.0,4.4,3.8,3.1,4.2,5.1,3.7,2.4,2.4,6.7,4.3,2.9
48285,6.9,6.1,4.8,4.7,4.0,3.8,4.2,3.6,3.1,3.0,5.2,4.5,3.4
48287,7.3,6.7,5.4,5.1,4.0,3.6,3.8,3.3,3.1,2.6,4.9,4.4,3.6
48289,8.9,9.0,7.3,7.0,5.4,5.4,6.5,6.4,5.0,4.4,7.8,7.0,5.2
48291,11.7,11.5,9.5,9.0,7.3,7.0,7.5,7.2,5.9,5.0,10.5,9.0,5.9
48293,7.9,8.6,6.8,6.8,5.9,5.1,5.6,5.6,4.7,3.9,7.1,6.2,4.6
48295,5.9,4.7,3.8,4.0,3.4,3.9,4.4,3.2,2.7,2.7,4.1,3.8,3.1
48297,7.4,6.2,4.6,4.4,3.6,4.0,5.9,4.7,3.8,3.1,7.5,6.6,4.2
48299,8.1,8.0,6.7,6.5,5.2,4.3,4.2,3.8,3.7,3.5,5.8,4.9,3.8
48301,5.6,6.1,6.0,5.3,5.1,5.2,4.7,5.0,1.5,0.8,1.7,1.0,0.6
48303,6.3,6.2,5.3,5.0,4.0,3.4,3.4,3.2,3.1,2.8,5.8,4.5,3.4
48305,6.6,6.8,6.0,5.3,4.4,4.1,4.0,3.8,3.3,3.0,5.5,4.3,3.6
48307,7.0,6.1,5.4,5.3,4.3,4.8,4.5,3.6,3.3,5.2,7.6,6.4,4.2
48309,7.4,7.7,6.6,6.2,5.1,4.1,4.0,3.9,3.6,3.3,6.2,4.8,3.6
48311,4.3,3.2,2.3,2.7,2.0,2.1,2.1,1.9,1.8,1.6,2.8,2.3,1.9
48313,8.4,8.6,7.0,6.5,4.9,4.3,5.1,4.8,4.5,4.2,7.2,6.2,4.4
48315,11.9,10.8,9.1,8.1,6.5,6.5,7.0,5.7,4.5,4.2,8.3,6.8,5.0
48317,6.0,5.7,4.5,4.3,3.4,3.5,4.4,3.3,2.5,2.6,6.1,4.8,3.1
48319,6.3,6.2,5.2,5.5,4.6,3.9,3.6,3.4,3.1,3.2,5.6,4.7,3.4
48321,11.5,12.0,10.1,9.8,8.0,6.8,7.3,7.4,6.2,5.7,10.5,8.1,6.0
48323,15.2,14.4,12.4,12.6,11.1,10.7,11.3,9.4,8.2,7.6,15.1,12.3,8.0
48325,7.6,7.7,6.5,6.1,5.0,4.4,4.4,3.9,3.5,3.2,6.3,5.0,3.9
48327,7.5,7.4,6.3,5.9,4.8,5.3,4.5,4.9,4.1,3.5,5.1,4.8,3.7
48329,5.9,4.9,3.9,3.7,2.9,3.5,4.4,3.0,2.1,2.1,8.1,5.5,3.0
48331,11.3,10.5,8.5,7.9,6.3,5.3,5.2,5.1,5.5,5.0,7.2,5.8,4.3
48333,6.4,6.5,5.4,5.3,4.4,3.7,4.2,3.6,3.6,3.3,4.1,4.5,4.3
48335,8.3,7.8,5.9,5.6,4.3,5.7,7.0,5.5,4.2,3.7,7.9,7.0,4.5
48337,8.1,6.7,5.4,5.0,4.0,4.3,5.0,4.0,3.2,2.9,6.6,5.2,3.6
48339,7.6,7.3,5.9,5.5,4.5,4.3,4.9,4.4,3.8,3.4,7.5,5.7,4.0
48341,5.4,5.0,4.3,4.3,3.5,3.1,3.0,2.9,2.7,2.3,3.7,3.4,2.7
48343,13.8,12.4,9.7,9.7,7.9,8.9,10.9,8.7,6.6,5.3,11.2,10.2,6.3
48345,6.3,7.1,6.0,6.0,4.2,3.7,3.5,3.7,3.7,3.4,4.4,5.1,4.1
48347,7.1,7.2,6.6,6.6,5.4,4.7,4.7,4.3,3.9,3.7,6.6,5.5,4.3
48349,8.4,8.4,7.2,6.6,5.3,4.2,4.2,4.0,3.7,3.3,6.2,5.1,3.9
48351,12.8,13.1,11.0,10.8,8.4,7.6,7.9,8.0,6.8,6.3,11.2,10.2,6.9
48353,7.5,7.3,5.9,5.7,4.3,4.1,4.8,4.1,3.3,2.9,5.4,4.7,3.8
48355,8.2,8.2,6.5,6.2,5.2,5.0,5.6,5.5,4.7,4.1,8.9,6.8,4.7
48357,5.9,5.0,3.8,3.8,3.0,4.3,5.3,3.7,2.8,2.7,5.8,4.6,3.4
48359,4.7,4.5,4.2,4.5,3.7,3.0,3.0,2.6,2.7,2.9,3.9,3.6,3.0
48361,11.7,11.9,10.4,10.5,8.1,6.6,6.7,7.0,5.8,5.2,10.6,8.8,5.8
48363,8.7,8.2,6.7,6.6,5.2,5.2,5.5,4.1,3.4,3.2,7.0,5.7,3.8
48365,9.1,8.4,6.8,6.2,5.0,5.3,7.2,5.5,4.2,4.1,8.4,6.6,4.7
48367,7.6,7.1,5.9,5.6,4.6,4.2,4.1,3.5,3.1,2.9,5.8,4.5,3.3
48369,4.4,4.6,4.1,3.9,3.1,2.4,2.5,2.5,2.4,2.2,2.6,2.9,2.4
48371,7.3,6.2,5.1,5.5,4.2,5.2,5.9,4.7,3.7,3.3,8.3,6.9,4.1
48373,9.8,9.7,8.0,7.8,6.5,6.1,6.3,6.1,5.1,4.8,8.8,7.9,5.6
48375,6.3,6.1,5.3,5.1,4.0,3.4,3.4,3.2,2.9,2.7,5.5,4.3,3.3
48377,18.5,15.6,13.2,13.0,11.8,10.7,10.7,9.5,7.0,6.4,14.9,10.2,6.2
48379,8.8,8.5,6.9,6.2,5.0,4.6,4.0,3.6,3.5,3.0,4.7,3.9,3.5
48381,5.2,5.1,4.4,4.3,3.5,2.9,3.0,2.8,2.6,2.4,4.5,3.6,2.9
48383,5.6,4.5,3.4,4.0,3.2,4.6,6.2,3.9,2.5,2.6,9.8,7.3,3.6
48385,9.1,10.1,9.3,8.1,6.3,5.2,5.7,5.7,5.0,3.9,6.5,5.9,4.7
48387,11.6,12.5,10.6,10.1,7.9,6.4,5.8,5.3,5.4,4.6,6.4,5.9,5.1
48389,8.9,8.2,6.7,5.8,4.1,4.8,5.3,3.6,2.1,1.8,7.2,5.8,3.5
48391,8.8,7.8,6.0,5.4,4.3,5.4,6.6,5.6,4.6,3.7,8.3,6.6,4.8
48393,5.4,5.0,4.9,4.5,3.8,3.9,4.5,3.9,2.8,2.9,4.5,4.2,4.0
48395,9.3,9.5,8.0,7.1,5.4,4.8,5.1,4.8,4.2,3.6,6.4,5.2,3.9
48397,7.4,7.3,6.1,5.8,4.6,3.8,3.5,3.4,3.3,3.1,5.9,4.4,3.4
48399,8.4,7.6,5.5,5.3,4.3,3.7,4.0,3.7,3.2,2.8,4.9,4.1,3.4
48401,7.9,7.3,6.2,6.3,5.0,4.8,5.8,5.1,4.1,3.6,7.4,6.0,4.2
48403,16.4,16.2,14.4,13.0,10.7,9.4,9.4,8.7,8.0,6.6,10.8,9.4,7.2
48405,13.1,14.6,12.0,11.7,9.7,9.1,8.9,7.5,6.5,4.8,9.6,8.1,5.9
48407,10.0,10.0,8.2,7.6,5.8,5.6,6.3,5.8,5.0,4.6,8.1,7.3,4.9
48409,10.6,10.0,7.5,7.2,6.3,6.6,7.5,7.7,6.4,5.5,10.2,8.7,6.1
48411,6.2,6.2,6.2,5.8,4.2,3.7,3.4,3.3,3.1,2.9,5.2,4.7,3.6
48413,7.7,5.9,4.0,3.6,3.0,5.3,5.2,3.8,2.9,2.8,7.0,5.5,3.6
48415,6.8,5.9,4.4,4.2,3.4,4.2,5.9,4.4,3.4,3.2,8.2,6.6,4.2
48417,5.6,4.9,3.5,3.3,2.8,2.9,3.8,3.0,2.3,2.2,5.3,4.0,2.7
48419,8.5,8.8,7.2,7.5,5.9,5.3,6.0,5.2,4.3,3.9,6.8,5.4,4.3
48421,4.6,4.7,4.1,4.1,3.2,2.7,3.0,3.1,2.7,2.4,3.1,3.1,2.8
48423,8.0,8.0,7.0,6.6,5.3,4.5,4.5,4.1,3.7,3.3,6.8,5.2,3.8
48425,8.0,8.1,6.6,6.1,5.2,5.1,4.8,4.6,4.2,3.6,6.5,5.2,3.9
48427,17.4,16.7,14.4,15.1,13.8,13.6,13.4,11.9,10.2,9.9,17.5,15.6,11.0
48429,7.5,8.1,5.9,5.2,4.4,4.2,5.3,4.6,3.6,3.0,6.1,4.9,3.8
48431,4.9,5.0,3.5,3.9,3.0,3.5,3.9,3.7,3.5,3.2,6.5,5.1,4.0
48433,5.8,5.6,4.3,4.8,3.9,4.4,4.4,3.6,3.4,2.9,5.1,4.2,3.0
48435,9.8,7.1,4.8,4.6,3.6,6.1,8.0,5.1,3.9,3.8,9.8,8.1,5.7
48437,6.6,7.0,5.9,8.5,6.2,4.8,4.3,4.1,4.3,3.7,5.2,5.0,4.1
48439,8.2,7.8,6.5,6.1,5.1,4.2,4.0,3.8,3.5,3.3,7.4,5.3,3.7
48441,6.8,6.8,5.6,5.3,4.3,3.7,3.7,3.6,3.2,2.9,5.5,4.4,3.4
48443,6.8,6.4,4.6,5.0,4.6,4.8,4.2,4.6,3.5,3.5,4.5,3.4,3.7
48445,7.5,7.3,6.5,6.0,4.4,4.7,4.8,5.1,4.1,3.7,7.3,6.0,4.2
48447,6.0,7.2,5.3,5.0,4.0,3.2,3.5,4.4,3.3,3.7,4.7,2.9,3.2
48449,8.6,8.5,7.5,7.5,6.4,5.8,6.2,5.4,5.1,4.1,6.7,5.4,4.4
48451,6.6,6.5,5.3,5.2,4.1,4.1,4.5,3.7,3.2,3.0,6.3,4.8,3.5
48453,6.8,6.6,5.5,5.1,4.1,3.3,3.2,3.1,2.9,2.6,6.4,4.0,2.9
48455,9.6,9.9,8.2,7.5,6.1,5.9,6.1,5.6,5.2,4.8,8.1,7.3,5.3
48457,11.8,12.4,10.6,10.3,8.1,7.1,7.3,7.4,6.7,5.7,9.9,8.4,6.1
48459,8.8,8.2,6.7,6.4,5.2,5.3,6.4,5.3,4.2,3.7,7.7,6.2,4.3
48461,6.2,5.5,4.0,4.2,3.3,3.9,5.3,3.8,3.4,3.0,5.7,5.2,2.7
48463,9.0,9.2,7.9,7.1,5.8,5.1,5.3,4.7,4.3,3.8,6.4,5.5,4.4
48465,9.3,9.3,7.6,7.5,5.8,6.0,6.3,5.1,3.9,3.3,8.3,5.9,4.6
48467,8.4,8.2,6.9,6.6,5.4,4.5,4.3,3.8,3.5,3.3,6.2,4.8,3.5
48469,7.7,7.0,5.6,5.4,4.2,4.2,5.4,4.9,3.9,3.5,8.3,6.3,4.2
48471,7.8,8.1,6.9,6.7,5.5,5.1,5.3,4.7,4.2,3.9,7.2,6.3,4.8
48473,8.7,8.5,7.0,6.5,5.2,4.8,5.6,4.9,4.3,3.8,7.6,6.3,4.4
48475,8.5,6.7,4.8,4.7,3.6,4.3,5.7,4.1,2.6,2.4,9.5,6.9,3.7
48477,7.2,6.8,5.6,5.5,4.7,4.8,5.1,4.3,3.7,3.4,5.7,5.3,4.0
48479,8.3,7.7,6.4,6.2,5.2,4.8,4.9,4.2,3.8,3.7,8.5,6.3,4.2
48481,8.7,8.5,6.7,6.0,4.7,4.4,5.0,4.5,3.7,3.4,6.8,5.7,3.8
48483,6.1,5.1,4.3,4.3,3.6,3.9,4.8,4.0,3.2,3.0,6.1,6.2,3.9
48485,7.8,7.1,6.0,5.9,4.9,4.3,4.4,3.7,3.4,3.2,6.6,5.3,4.0
48487,7.9,7.5,6.0,5.8,5.0,4.9,4.7,4.7,4.2,3.6,5.9,6.6,4.9
48489,14.5,16.9,15.7,15.9,12.5,13.1,12.3,11.1,9.9,8.2,12.0,10.1,8.2
48491,7.3,7.0,5.8,5.3,4.4,3.5,3.4,3.3,3.1,2.8,5.8,4.0,3.0
48493,6.9,6.7,5.5,5.3,4.2,3.8,3.9,3.5,3.1,2.8,5.7,4.4,3.3
48495,9.3,7.4,5.6,5.3,4.4,5.7,7.7,5.2,2.9,2.9,9.4,7.5,4.0
48497,8.7,7.8,6.4,6.0,4.9,4.7,4.7,4.0,3.5,3.2,6.6,4.9,3.6
48499,9.1,8.9,7.8,7.3,6.0,5.3,5.3,4.7,4.3,3.9,6.6,5.7,4.5
48501,7.0,5.4,4.0,3.9,3.1,3.8,4.8,3.6,2.9,2.9,12.0,7.6,4.1
48503,7.7,7.4,5.7,5.2,4.1,4.3,4.4,3.8,3.3,3.0,5.3,4.6,3.5
48505,10.4,8.4,6.3,6.3,5.3,7.7,10.8,7.5,5.6,5.1,12.2,11.7,7.0
48507,13.9,14.5,13.4,14.6,12.3,11.3,13.9,11.3,9.7,8.5,14.3,12.4,8.7
49001,10.1,8.4,5.4,4.3,3.8,3.7,4.8,3.9,3.3,2.9,4.1,2.9,2.8
49003,8.6,7.8,5.1,4.3,3.7,3.6,3.4,3.2,2.8,2.6,4.5,2.5,2.3
49005,6.2,5.5,4.0,3.6,3.1,3.0,3.0,2.7,2.5,2.1,3.0,2.0,2.1
49007,8.7,7.9,6.2,5.8,4.9,5.6,5.8,4.9,4.2,3.6,5.4,4.0,3.6
49009,7.3,6.4,4.4,4.5,4.0,4.5,5.0,4.9,4.2,3.8,4.6,3.6,4.7
49011,7.1,6.3,4.3,3.9,3.4,3.3,3.1,3.0,2.7,2.4,4.2,2.5,2.2
49013,9.6,6.9,4.1,3.9,3.5,7.4,8.6,5.5,4.3,3.8,8.0,4.9,3.3
49015,7.4,7.7,6.3,5.6,5.1,5.9,6.1,4.9,4.5,3.9,4.8,3.9,3.3
49017,10.4,11.1,8.4,8.5,8.4,8.7,8.1,7.3,7.3,6.0,10.4,6.4,6.0
49019,10.7,10.1,7.5,7.1,6.1,6.0,5.7,5.2,4.5,3.8,9.6,4.4,3.3
49021,9.7,8.6,6.0,5.1,4.3,4.4,4.2,4.0,3.3,2.9,4.6,2.9,2.5
49023,9.3,8.6,5.4,4.6,3.9,3.9,3.5,3.3,2.8,2.4,3.0,2.1,2.0
49025,8.1,7.8,5.9,4.9,4.6,4.3,3.7,3.3,3.0,2.8,5.4,2.9,2.5
49027,6.3,5.6,4.1,3.8,3.3,3.4,3.2,3.2,3.1,2.6,3.3,2.4,2.3
49029,7.0,6.0,4.3,3.7,3.2,3.1,2.9,2.8,2.6,2.4,3.4,2.2,2.0
49031,10.0,10.4,7.5,7.1,6.8,6.3,5.7,4.7,5.0,4.5,6.2,4.5,4.1
49033,7.4,7.6,4.7,4.2,3.7,3.6,3.1,3.1,3.0,3.0,3.5,2.3,2.6
49035,7.8,6.9,4.6,4.0,3.5,3.3,3.1,3.0,2.8,2.4,5.2,2.8,2.4
49037,11.1,10.4,7.8,7.3,7.4,7.7,7.8,6.8,5.9,4.9,10.5,6.3,4.5
49039,9.1,8.2,5.7,5.2,4.3,4.1,3.9,3.8,3.5,3.1,3.8,2.9,2.8
49041,8.4,7.7,5.4,5.0,4.3,4.4,4.3,3.7,3.3,3.0,4.3,3.3,2.9
49043,7.5,6.4,4.4,3.8,3.3,3.2,3.0,3.0,2.8,2.4,7.4,2.9,2.2
49045,8.5,7.5,5.3,5.0,4.6,4.1,3.7,3.5,3.2,2.8,4.8,2.9,2.6
49047,8.6,6.3,3.9,4.0,3.4,6.7,9.1,5.9,4.4,4.1,9.5,5.6,3.7
49049,7.5,6.6,4.4,3.9,3.3,3.2,3.0,2.8,2.7,2.3,3.9,2.4,2.2
49051,8.5,7.3,5.1,4.3,3.6,3.4,3.3,3.2,3.0,2.7,6.6,2.9,2.4
49053,10.6,9.3,6.1,5.1,4.2,4.0,3.6,3.4,3.2,2.9,5.5,3.0,2.6
49055,8.7,10.4,9.5,10.1,9.0,8.9,7.5,7.1,5.7,5.3,7.7,4.8,4.4
49057,8.9,8.2,5.6,5.0,4.2,4.0,3.7,3.5,3.3,2.9,4.9,2.9,2.5
50001,6.0,5.0,4.4,4.1,3.8,3.4,2.9,2.8,2.4,2.0,4.6,2.9,2.1
50003,7.2,6.5,5.7,5.2,4.7,4.2,3.6,3.6,2.9,2.6,6.5,4.5,2.8
50005,7.0,6.4,6.1,5.3,4.9,4.6,4.0,3.7,3.1,2.6,6.0,3.9,2.7
50007,5.0,4.3,3.7,3.4,3.1,2.7,2.4,2.3,1.9,1.6,4.7,3.0,1.8
50009,10.3,8.5,7.8,6.7,6.0,5.7,4.8,4.6,3.4,2.8,7.6,5.1,3.5
50011,5.9,5.2,4.4,4.2,4.0,3.5,3.0,3.0,2.3,2.0,5.1,3.6,2.3
50013,7.2,6.4,5.3,4.5,4.5,3.9,3.6,3.5,3.0,2.5,5.8,4.0,2.9
50015,7.9,7.0,6.2,5.7,5.2,4.6,4.1,4.0,3.3,2.7,7.7,4.2,3.0
50017,6.1,5.4,4.6,4.1,3.9,3.4,3.0,3.1,2.5,2.1,5.2,3.4,2.3
50019,9.2,8.5,7.5,6.8,6.3,5.5,5.1,5.1,4.2,3.8,7.6,4.9,3.9
50021,7.7,6.9,6.1,5.3,4.8,4.2,3.6,3.5,2.9,2.4,6.7,4.4,2.9
50023,6.1,5.3,4.6,4.3,3.9,3.4,3.1,2.9,2.4,2.0,4.9,3.2,2.1
50025,6.4,5.7,5.0,4.7,4.1,3.5,3.2,3.1,2.6,2.2,6.7,4.6,2.6
50027,6.3,5.5,4.5,4.2,3.7,3.2,2.8,2.6,2.2,1.8,5.9,3.5,2.0
51001,8.1,8.4,7.7,7.0,6.6,5.4,4.8,4.5,3.8,3.5,6.7,4.3,3.2
51003,6.1,5.6,5.1,4.7,4.4,3.8,3.5,3.3,2.7,2.4,5.5,3.2,2.6
51005,8.8,7.8,6.9,6.4,5.8,5.0,5.0,4.5,3.7,3.3,6.8,4.1,3.2
51007,8.7,7.5,6.4,5.8,5.2,4.4,4.2,3.9,3.3,3.1,6.0,3.5,2.9
51009,8.2,7.2,6.6,6.0,5.3,4.7,4.3,4.0,3.3,3.2,5.8,3.7,3.0
51011,8.8,7.9,7.3,6.3,5.6,4.8,4.6,4.3,3.7,3.4,5.9,3.8,3.1
51013,4.2,3.7,3.4,3.4,3.2,2.8,2.6,2.5,2.0,1.9,4.6,3.0,2.0
51015,7.3,6.3,5.7,5.1,4.6,4.0,3.6,3.4,2.7,2.4,4.8,3.1,2.5
51017,7.7,6.3,5.7,5.2,4.4,4.0,3.6,3.0,2.5,2.4,10.3,4.4,2.4
51019,7.2,6.5,5.8,5.6,5.0,4.4,4.0,3.8,3.1,2.8,5.3,3.4,2.8
51021,8.8,7.4,6.9,6.6,5.9,5.6,5.1,4.0,3.2,2.7,5.8,3.4,2.8
51023,6.6,5.9,5.4,5.1,4.8,4.1,3.6,3.5,2.7,2.5,4.7,3.0,2.4
51025,11.5,10.5,9.9,9.2,7.9,6.7,5.9,5.2,5.0,4.6,8.2,6.1,4.5
51027,10.1,8.5,8.9,10.8,10.3,10.7,10.6,7.0,5.5,5.5,9.8,6.6,4.6
51029,10.9,9.5,8.4,7.7,6.7,5.8,5.3,5.3,4.5,4.1,7.6,5.1,3.8
51031,7.9,7.1,6.3,5.8,5.3,4.7,4.4,4.1,3.4,3.1,6.0,3.8,3.0
51033,9.7,8.9,7.6,6.9,6.1,5.0,4.4,4.2,3.5,3.2,6.9,4.3,3.1
51035,11.8,9.8,8.4,8.1,6.6,5.3,5.1,4.4,3.6,3.5,8.5,4.1,3.4
51036,9.8,9.0,7.7,6.6,5.8,5.3,4.5,4.7,4.0,3.4,6.9,4.3,3.0
51037,10.2,9.8,8.5,7.6,6.6,5.6,4.9,4.5,3.7,3.5,5.8,3.7,3.0
51041,7.5,6.7,6.0,5.5,5.0,4.2,3.8,3.6,2.9,2.7,6.1,3.6,2.7
51043,6.8,5.7,5.1,4.6,4.3,3.9,3.5,3.4,2.9,2.4,4.7,3.1,2.5
51045,8.1,7.5,6.9,6.9,6.2,5.4,4.7,4.3,3.6,3.1,5.3,3.3,2.9
51047,7.3,6.3,5.6,5.2,4.9,4.3,3.8,3.6,2.9,2.6,5.1,3.2,2.7
51049,8.6,7.6,7.0,6.5,6.0,5.1,4.5,4.1,3.3,3.0,6.3,4.2,3.3
51051,10.7,9.9,10.5,10.9,10.0,10.0,9.8,6.7,5.2,4.9,8.2,5.3,4.2
51053,9.1,8.0,7.4,7.2,6.3,5.3,4.8,4.4,3.5,3.2,6.6,4.4,3.2
51057,9.3,8.3,7.2,6.5,6.2,5.3,4.7,4.8,3.8,3.5,7.2,4.7,3.4
51059,5.2,4.7,4.4,4.3,4.1,3.5,3.2,3.0,2.5,2.3,6.0,3.5,2.4
51061,6.3,5.5,5.0,4.8,4.5,3.9,3.4,3.2,2.6,2.4,4.9,3.0,2.5
51063,7.1,6.3,5.6,5.3,4.6,3.9,4.0,3.6,2.7,2.5,5.2,3.1,2.4
51065,6.5,5.8,5.1,4.7,4.3,3.7,3.3,3.0,2.5,2.3,5.4,3.2,2.5
51067,8.9,7.5,6.4,5.8,5.3,4.6,4.2,3.9,3.1,2.9,5.6,3.5,2.8
51069,7.6,6.5,5.7,5.2,4.6,3.9,3.4,3.2,2.6,2.4,4.8,2.9,2.3
51071,9.8,7.9,7.1,6.8,6.1,5.1,5.3,4.6,3.4,3.2,6.4,3.5,3.0
51073,7.0,6.3,5.5,5.1,4.7,4.0,3.6,3.3,2.7,2.5,5.6,3.4,2.6
51075,7.3,6.3,5.5,5.0,4.7,4.1,3.7,3.5,3.0,2.7,5.0,3.1,2.6
51077,12.7,10.8,9.4,9.4,7.6,5.8,5.0,3.9,3.1,2.8,5.9,3.4,2.6
51079,6.9,6.0,5.4,4.7,4.3,3.7,3.2,3.0,2.5,2.3,5.4,3.0,2.3
51081,9.8,8.7,8.5,7.6,6.3,5.3,5.0,4.3,3.7,3.4,6.9,4.8,3.7
51083,12.5,10.9,9.3,8.9,7.7,6.3,5.7,4.8,4.1,3.9,7.3,4.7,3.8
51085,6.7,6.0,5.4,4.9,4.5,3.8,3.4,3.3,2.6,2.4,5.0,3.0,2.4
51087,7.5,6.7,5.9,5.4,5.0,4.2,3.8,3.6,3.0,2.8,6.7,3.9,2.7
51089,15.1,12.6,10.4,8.9,7.5,6.3,5.5,4.6,3.7,3.3,7.9,4.6,3.3
51091,6.4,5.6,4.8,4.2,3.8,3.5,3.1,3.2,2.8,2.6,3.9,2.9,2.3
51093,7.3,6.9,6.2,5.6,5.1,4.5,4.2,3.8,3.0,2.8,5.2,3.4,2.7
51095,6.5,6.1,5.6,5.2,4.8,4.3,3.8,3.5,2.9,2.6,7.1,3.9,2.8
51097,8.2,7.3,6.5,6.0,5.7,4.7,4.1,3.4,3.1,2.8,5.3,3.2,2.6
51099,7.5,7.0,6.4,5.7,5.3,4.7,4.2,3.7,3.0,2.6,4.6,2.9,2.5
51101,7.6,6.9,6.2,5.5,5.1,4.2,3.7,3.4,3.0,2.7,5.5,3.3,2.6
51103,10.0,9.2,7.8,7.3,7.5,6.5,5.5,5.2,4.4,4.3,7.5,5.3,3.5
51105,8.1,7.6,8.1,8.6,8.0,7.1,6.7,5.1,4.1,4.0,6.6,4.1,3.7
51107,5.2,4.7,4.4,4.3,4.2,3.5,3.1,3.0,2.5,2.3,5.5,3.1,2.3
51109,7.7,6.8,6.1,5.5,5.0,4.2,3.8,3.4,2.8,2.7,5.4,3.4,2.6
51111,9.7,8.5,7.4,6.9,5.8,5.0,4.5,4.1,3.2,3.1,5.5,3.8,3.3
51113,6.5,5.2,4.7,4.4,4.0,3.4,3.1,2.9,2.5,2.2,3.9,2.5,2.1
51115,6.5,6.5,5.6,4.9,4.5,4.2,4.0,3.7,3.0,2.8,5.1,3.2,2.8
51117,11.5,10.3,9.2,9.1,7.6,6.0,5.5,4.8,4.1,4.0,7.0,4.7,3.5
51119,7.4,6.5,5.9,5.4,5.0,4.2,3.8,3.2,2.7,2.5,5.3,3.4,2.7
51121,7.2,6.3,5.8,5.5,5.0,4.3,4.1,3.7,3.0,2.8,4.9,3.0,2.7
51125,7.3,6.3,5.7,5.4,4.8,4.0,3.5,3.5,3.1,2.7,5.9,3.5,2.7
51127,7.4,6.4,5.5,4.9,4.4,3.8,3.3,3.2,2.7,2.3,4.7,2.9,2.3
51131,8.7,8.9,9.1,8.9,7.4,6.0,5.7,5.6,5.4,4.4,8.1,5.2,3.4
51133,8.9,9.0,8.0,7.2,6.9,6.0,5.4,5.2,4.5,4.3,6.6,4.8,3.9
51135,7.8,7.1,6.2,5.9,5.2,4.5,3.9,3.8,3.1,2.7,5.2,3.7,2.9
51137,8.4,7.5,6.5,5.8,5.2,4.5,4.0,3.7,3.0,3.0,5.8,3.6,2.9
51139,11.9,11.0,10.0,9.0,7.9,6.8,5.5,5.1,4.2,3.8,7.6,4.6,3.3
51141,13.0,10.8,8.9,8.1,6.6,5.3,4.8,4.2,3.9,3.4,7.1,4.4,3.5
51143,11.1,9.1,7.6,6.9,6.2,5.2,4.7,4.2,3.6,3.3,6.7,4.0,3.0
51145,7.2,6.2,5.5,5.0,4.4,3.9,3.5,3.3,2.7,2.5,5.0,2.9,2.5
51147,9.9,9.0,8.3,8.2,7.5,6.2,5.3,4.8,3.9,3.7,6.7,4.8,3.8
51149,8.2,7.8,7.3,6.8,6.2,5.3,4.8,4.4,3.6,3.3,6.7,4.5,3.3
51153,6.2,5.6,5.2,5.1,4.8,4.1,3.6,3.4,2.8,2.5,6.7,3.9,2.6
51155,11.3,8.7,7.3,7.4,6.0,5.0,5.9,5.3,3.5,3.4,8.1,3.9,3.0
51157,6.5,5.6,5.3,5.0,4.7,4.1,3.5,3.5,2.8,2.5,4.7,2.9,2.5
51159,7.2,6.6,6.3,6.0,5.3,4.5,3.6,3.6,3.1,2.9,5.0,3.5,2.8
51161,6.5,5.7,5.1,4.9,4.5,3.9,3.5,3.4,2.7,2.5,5.3,3.1,2.5
51163,7.7,6.8,6.0,5.7,5.2,4.6,4.3,4.1,3.0,2.7,5.7,3.7,2.8
51165,6.9,6.0,5.6,5.0,4.6,4.1,3.5,3.2,2.7,2.3,4.9,2.9,2.5
51167,10.5,9.5,8.5,8.3,7.7,6.5,6.4,5.2,4.3,4.1,6.9,4.3,3.4
51169,8.6,7.3,7.4,6.8,5.7,5.1,4.8,4.0,3.3,3.1,5.5,3.6,3.1
51171,8.4,7.0,6.2,5.5,4.9,4.2,3.7,3.3,2.9,2.5,5.5,3.6,2.7
51173,12.4,10.9,9.4,8.9,7.8,6.4,5.7,4.9,4.0,3.7,6.7,4.1,3.1
51175,8.8,7.7,6.2,5.5,4.8,4.0,3.9,3.6,2.8,2.6,5.1,3.5,2.7
51177,7.2,6.7,6.0,5.7,5.3,4.6,4.0,3.7,3.1,2.9,6.2,3.8,2.9
51179,6.7,6.2,5.7,5.5,5.2,4.4,3.9,3.6,3.0,2.7,5.8,3.6,2.8
51181,9.2,8.4,7.6,7.1,6.1,5.0,5.2,4.3,3.4,3.4,5.9,3.7,2.8
51183,11.7,10.5,9.6,9.1,7.7,6.8,6.2,5.9,5.0,4.5,8.9,6.3,4.1
51185,9.0,8.0,8.1,8.4,8.0,7.3,7.4,5.6,4.4,4.3,7.9,5.2,4.1
51187,8.3,7.4,6.6,6.0,5.5,4.7,4.0,3.7,3.1,2.8,6.0,3.5,2.8
51191,8.1,7.1,6.6,6.2,5.7,4.7,4.4,4.1,3.4,3.3,6.0,3.6,2.8
51193,8.3,7.5,7.1,6.7,6.3,5.3,4.5,4.4,3.7,3.5,6.0,4.4,3.0
51195,8.5,7.6,8.8,10.1,9.3,8.2,8.3,6.3,5.0,4.6,7.8,5.2,4.0
51197,11.3,9.2,7.6,7.6,6.3,5.4,5.6,5.0,3.8,3.5,8.0,4.0,2.9
51199,6.3,6.1,5.7,5.3,4.9,4.2,3.8,3.5,2.8,2.6,5.7,3.3,2.7
51510,5.0,4.4,4.0,4.0,3.8,3.2,2.9,2.8,2.3,2.1,6.2,3.7,2.3
51520,9.0,8.3,7.1,6.8,6.3,5.3,5.0,4.5,3.8,3.7,7.8,4.7,3.3
51530,10.2,9.1,7.7,6.6,5.7,5.0,5.0,4.2,3.2,2.7,5.8,3.9,2.8
51540,6.2,5.6,5.0,4.6,4.2,3.6,3.3,3.1,2.6,2.3,6.7,3.6,2.5
51550,7.4,6.9,6.3,5.8,5.2,4.5,4.2,3.7,3.0,2.8,6.3,3.8,2.8
51570,8.5,7.5,6.8,6.3,5.7,4.7,4.4,4.0,3.4,3.2,7.4,4.7,3.1
51580,10.8,9.4,8.8,8.2,7.9,5.9,5.8,6.0,4.7,4.1,9.9,5.7,4.0
51590,13.8,11.6,10.1,9.6,8.5,7.1,6.0,5.6,5.1,4.9,10.0,6.3,4.5
51595,12.7,10.8,10.3,9.6,8.0,6.8,6.3,5.2,4.8,4.9,11.4,7.6,4.6
51600,5.6,4.9,4.2,4.1,4.0,3.5,3.0,2.8,2.3,2.1,6.0,3.4,2.4
51610,5.0,4.2,3.9,3.8,3.5,3.0,2.7,2.6,2.2,2.1,3.9,2.6,2.1
51620,12.9,11.4,9.8,9.1,7.7,6.6,6.0,5.2,4.4,3.9,8.6,6.6,3.9
51630,9.2,8.0,6.9,6.3,6.0,5.3,4.7,4.3,3.5,3.3,7.4,4.6,3.2
51640,11.2,10.3,8.7,8.4,7.2,5.4,4.9,4.1,3.5,3.2,8.0,4.1,3.0
51650,9.2,8.9,8.1,7.3,6.6,5.9,5.6,5.0,4.1,3.7,8.8,5.5,3.7
51660,8.5,7.8,7.2,6.6,6.0,5.2,4.7,4.4,3.5,3.2,6.6,4.1,3.3
51670,11.8,11.3,9.9,9.5,8.8,7.5,6.4,6.1,4.8,4.3,11.2,7.2,4.3
51678,9.5,9.1,8.6,8.3,7.6,6.7,6.0,6.0,4.7,4.7,7.2,4.9,4.0
51680,8.7,8.0,7.3,6.9,6.3,5.5,5.1,4.9,4.0,3.7,7.5,5.0,3.8
51683,7.2,6.1,5.5,5.3,4.9,4.1,3.6,3.3,2.7,2.5,6.8,3.9,2.5
51685,6.4,5.6,5.2,5.0,4.7,4.1,3.6,3.3,2.7,2.5,6.9,3.8,2.5
51690,17.8,15.2,12.6,11.0,9.7,8.7,7.0,6.2,4.6,4.1,11.3,7.3,4.5
51700,8.5,8.1,7.3,6.6,6.1,5.4,5.0,4.6,3.7,3.4,9.0,5.4,3.5
51710,9.0,8.3,7.5,6.8,6.2,5.5,5.2,4.6,3.7,3.4,9.0,5.5,3.4
51720,7.4,6.9,7.5,8.1,7.6,6.8,6.7,5.2,4.0,3.6,7.6,4.9,3.7
51730,14.3,12.8,11.7,11.4,10.5,9.1,7.7,7.2,6.2,5.6,14.7,10.1,5.5
51735,6.2,5.7,5.3,4.9,4.5,3.8,3.4,3.4,2.7,2.4,4.3,2.8,2.4
51740,9.8,9.3,8.6,7.9,7.1,6.1,6.0,5.3,4.1,3.9,9.8,6.4,3.7
51750,9.5,8.4,7.8,7.4,6.6,5.6,5.3,4.9,3.8,3.5,6.5,4.1,3.4
51760,9.7,8.5,7.3,6.6,6.0,5.1,4.6,4.3,3.6,3.3,9.1,5.3,3.3
51770,8.9,8.0,7.1,6.5,5.8,4.8,4.2,4.1,3.3,3.0,7.9,4.8,3.1
51775,7.0,6.3,5.8,5.7,5.1,4.4,3.9,3.7,3.0,2.8,6.0,3.6,2.8
51790,8.0,7.1,6.3,5.7,5.1,4.3,3.8,3.5,2.9,2.7,6.5,3.8,2.6
51800,7.8,7.4,6.9,6.2,5.7,4.9,4.6,4.0,3.2,3.0,6.6,4.3,3.0
51810,6.7,6.1,5.6,5.3,4.8,4.2,3.9,3.5,2.9,2.7,6.4,3.7,2.7
51820,9.2,8.1,6.9,5.9,5.2,4.7,4.1,4.0,3.2,2.9,6.8,4.1,2.9
51830,10.4,9.0,8.2,7.5,7.2,6.3,5.4,5.1,4.1,3.8,8.4,4.8,3.9
51840,8.5,7.4,6.5,5.7,5.0,4.3,3.9,3.6,3.0,2.8,6.1,3.5,2.6
53001,9.5,9.1,8.3,8.2,6.9,6.7,6.3,5.6,5.4,5.7,7.2,5.4,4.9
53003,8.5,8.0,7.1,6.5,5.2,4.6,4.9,4.1,4.3,4.1,5.1,3.8,3.7
53005,7.1,7.3,8.5,8.7,7.3,6.5,6.2,5.4,5.2,5.3,8.2,5.6,4.8
53007,8.1,7.6,7.3,7.1,6.0,5.4,5.6,4.8,4.6,4.9,8.3,5.4,4.6
53009,10.0,9.9,9.6,9.4,8.2,7.9,7.5,6.7,6.4,6.6,10.2,6.6,5.7
53011,11.7,10.5,8.6,8.3,6.8,6.2,6.0,5.0,4.8,4.7,8.4,5.5,4.5
53013,8.5,8.4,7.6,7.8,7.0,6.3,6.4,5.5,5.5,5.4,7.3,5.5,5.2
53015,11.7,10.7,9.8,9.6,7.8,7.5,7.1,6.0,5.9,6.0,9.3,6.4,5.4
53017,8.8,8.5,8.3,8.1,6.9,6.2,6.8,5.6,5.3,5.6,8.4,5.6,5.1
53019,16.0,15.8,14.4,13.2,11.1,9.9,10.1,10.9,11.6,11.3,11.5,8.9,9.0
53021,8.0,8.1,8.9,9.2,8.1,7.4,7.3,6.2,6.1,6.4,8.9,6.6,5.9
53023,7.4,6.8,7.0,7.2,6.5,6.0,5.8,5.3,5.7,5.5,8.4,6.0,6.7
53025,9.9,9.1,8.7,8.5,7.2,7.1,7.0,6.2,6.2,6.8,8.8,6.7,5.7
53027,12.6,12.3,11.9,11.6,9.9,8.8,8.2,7.0,6.7,7.1,11.7,7.7,6.4
53029,8.4,8.1,7.5,7.3,6.4,5.9,5.8,5.1,5.2,5.1,8.2,5.7,4.7
53031,9.3,9.4,9.1,9.2,7.8,6.9,7.0,6.0,5.8,5.7,9.4,6.2,5.3
53033,8.4,7.5,6.3,4.4,4.5,4.1,3.8,3.6,3.3,2.7,7.8,4.2,3.0
53035,7.8,7.5,7.2,7.1,5.9,5.4,5.5,4.8,4.6,4.6,7.7,5.1,4.3
53037,8.8,8.3,8.1,7.6,6.7,6.0,5.9,5.2,5.5,5.4,8.9,6.4,5.5
53039,11.0,10.6,9.4,9.2,7.5,7.0,6.7,5.9,5.7,5.9,8.2,6.2,5.5
53041,11.9,11.5,11.0,10.4,8.8,8.2,7.7,6.5,6.3,6.2,9.4,6.4,5.7
53043,7.5,7.3,6.6,6.7,5.6,5.7,5.5,4.9,4.9,5.0,6.7,5.0,5.1
53045,10.8,10.6,10.0,9.8,8.1,7.6,7.4,6.5,6.3,6.3,9.9,6.9,6.0
53047,9.7,9.2,8.7,8.4,6.9,6.7,6.5,6.7,6.4,6.7,8.9,6.7,6.1
53049,12.7,12.1,11.1,11.1,9.6,8.7,7.9,6.9,6.9,7.0,10.9,7.9,6.6
53051,13.9,12.7,11.7,11.7,9.7,9.4,8.8,7.3,7.1,7.9,10.4,7.6,6.6
53053,9.5,9.1,8.5,8.1,6.8,6.2,5.9,5.3,5.2,5.2,9.6,6.1,4.9
53055,6.6,6.5,5.9,5.8,4.9,4.7,4.6,3.9,3.9,3.8,8.1,5.0,3.8
53057,9.9,9.5,8.8,8.4,7.0,6.6,6.4,5.4,5.2,5.4,9.8,6.3,5.0
53059,11.6,11.0,9.7,9.8,8.0,7.2,6.8,6.0,5.6,5.4,9.2,6.4,5.0
53061,9.9,9.0,7.4,5.1,5.0,4.5,4.2,3.9,3.6,2.9,8.8,4.9,3.4
53063,9.1,8.7,8.3,8.0,6.8,6.3,6.0,5.3,5.2,5.3,8.7,5.4,4.6
53065,11.9,11.1,10.8,10.6,9.1,8.7,8.1,7.2,7.1,7.0,9.3,6.7,6.4
53067,8.1,8.1,7.7,7.4,6.3,5.8,5.6,4.9,4.8,4.9,8.2,5.2,4.4
53069,13.9,12.9,11.7,11.8,9.4,8.7,8.5,7.1,6.6,6.6,8.7,6.8,6.5
53071,7.2,7.2,6.8,7.0,6.0,5.7,5.3,4.9,4.7,4.9,6.8,4.8,4.4
53073,8.6,8.1,7.5,7.3,6.4,5.8,5.7,4.9,4.8,5.0,9.3,6.0,4.7
53075,6.1,5.8,6.0,5.9,5.1,4.7,4.9,4.3,4.4,4.4,5.7,4.3,4.4
53077,9.6,9.7,9.7,9.8,8.4,7.8,7.4,6.7,6.3,7.0,9.6,7.0,6.1
54001,10.1,9.1,8.0,7.1,6.6,7.2,6.8,5.8,5.9,6.0,8.2,5.3,4.5
54003,8.6,7.5,6.4,5.6,5.4,4.8,4.0,3.6,4.0,3.6,6.1,3.7,2.9
54005,8.8,7.8,10.1,9.5,9.1,9.5,9.1,6.4,6.0,5.5,10.4,6.2,4.4
54007,11.1,10.8,10.4,10.2,9.3,8.7,8.8,7.5,6.9,7.5,10.2,6.8,6.0
54009,11.5,9.5,8.4,7.6,7.1,7.1,7.1,6.1,6.0,5.2,8.8,6.1,4.6
54011,7.2,6.9,6.3,5.7,5.4,5.3,4.8,4.6,4.6,4.2,7.9,4.8,3.6
54013,14.0,12.3,10.7,10.0,9.6,12.2,12.9,10.8,10.3,13.0,15.9,10.5,8.1
54015,14.2,12.0,11.7,11.9,10.7,10.9,10.4,8.6,8.3,8.6,12.4,7.9,5.8
54017,7.2,6.9,6.1,5.3,4.9,5.4,5.2,4.3,3.9,4.5,6.0,4.2,3.1
54019,10.0,8.7,8.4,8.5,8.2,8.4,7.9,6.4,6.2,5.7,9.9,6.3,4.7
54021,8.9,7.9,7.5,6.6,6.4,7.6,8.2,7.2,6.2,6.8,10.1,6.9,5.3
54023,9.8,8.7,8.5,8.1,7.6,7.4,5.9,5.6,5.6,5.5,6.4,4.6,3.7
54025,8.8,8.1,7.7,7.4,6.8,6.4,5.4,4.9,5.0,4.7,8.0,4.5,3.8
54027,9.1,8.6,7.7,6.9,6.2,5.4,4.4,3.9,4.2,3.9,5.4,3.5,2.7
54029,12.2,10.3,9.0,8.0,7.9,7.6,7.0,6.1,5.8,5.2,9.9,6.3,5.0
54031,11.6,10.2,10.3,9.4,8.3,7.3,5.7,4.9,5.4,5.2,7.1,5.0,4.1
54033,7.6,6.9,6.3,5.5,5.3,6.2,5.8,4.8,4.4,4.5,7.8,4.8,3.6
54035,11.4,10.0,8.3,6.8,6.5,7.0,6.5,5.7,3.9,5.1,8.6,5.8,4.2
54037,6.7,6.1,5.2,4.7,4.6,4.0,3.4,3.1,3.3,3.1,5.9,3.2,2.5
54039,7.4,6.9,6.4,5.8,5.8,5.9,5.5,5.1,5.1,4.6,8.7,5.3,3.7
54041,8.8,7.3,6.8,6.3,6.2,8.0,8.5,6.6,5.5,6.3,10.8,7.0,4.8
54043,11.8,10.4,10.0,9.5,9.4,9.5,8.5,6.9,6.8,6.4,10.0,6.7,5.1
54045,10.2,8.7,9.4,9.7,10.4,11.0,10.2,7.5,6.8,6.0,12.0,6.6,4.3
54047,13.2,11.7,11.7,12.6,12.9,12.5,12.2,9.0,9.2,9.2,12.3,8.4,6.4
54049,7.3,6.7,6.2,5.9,5.9,6.7,6.5,5.3,5.6,5.1,8.6,5.3,4.4
54051,9.7,8.7,7.8,7.2,7.5,8.3,8.0,6.0,5.7,6.4,9.9,6.3,5.0
54053,11.5,10.6,9.5,9.3,9.2,8.3,7.1,6.7,6.9,6.0,8.4,5.5,4.4
54055,8.5,8.4,8.1,7.6,7.5,7.1,6.7,5.8,6.2,5.7,9.2,6.1,4.5
54057,9.4,8.6,8.2,7.8,7.8,7.2,6.0,5.3,5.4,5.8,7.5,4.8,3.8
54059,9.9,8.4,9.4,11.1,11.8,12.9,12.6,8.6,7.5,6.8,14.2,8.9,5.5
54061,5.6,5.4,5.0,4.5,4.3,4.6,4.3,3.7,4.0,3.7,6.3,4.1,3.4
54063,8.0,7.7,7.0,6.2,5.8,5.4,4.6,4.4,4.7,4.4,7.0,3.8,3.4
54065,9.1,8.1,7.1,6.1,5.8,5.4,4.4,4.0,4.2,3.9,6.0,3.6,2.8
54067,10.1,8.9,9.0,9.5,8.9,8.8,8.8,7.2,6.3,6.4,10.4,6.1,4.6
54069,7.9,7.1,6.1,5.6,5.5,5.5,5.6,4.7,4.5,4.5,8.3,5.2,4.0
54071,8.6,7.0,6.6,5.4,4.8,4.5,3.9,3.8,3.7,3.9,4.9,3.1,2.6
54073,10.6,9.5,8.4,7.2,7.0,8.3,8.2,7.1,6.1,6.9,11.1,7.2,5.3
54075,11.5,10.8,9.8,8.5,8.5,8.0,6.7,5.9,6.0,5.7,9.1,5.1,4.1
54077,8.4,7.4,6.8,6.5,5.9,6.1,5.7,5.0,5.1,4.6,7.3,4.7,4.0
54079,7.6,7.1,6.2,5.6,5.5,5.5,4.9,4.7,4.8,4.4,7.3,4.3,3.3
54081,8.2,7.0,7.0,7.2,7.0,7.2,7.0,5.4,5.1,4.7,8.8,5.4,3.7
54083,10.5,9.5,8.4,7.1,7.1,6.8,6.0,5.4,5.4,6.0,9.1,5.7,4.7
54085,9.7,8.8,7.1,6.1,6.1,6.8,6.5,5.5,5.3,5.7,8.3,5.6,4.1
54087,13.6,12.6,11.0,10.2,9.8,11.2,10.3,8.7,7.7,9.6,12.2,8.5,6.2
54089,9.5,9.0,8.5,7.5,7.0,6.9,6.1,5.9,6.0,5.5,7.7,4.8,3.7
54091,7.7,7.2,6.6,5.6,5.2,5.8,5.6,4.9,4.8,4.9,7.3,4.7,3.8
54093,11.0,9.1,7.8,6.7,6.3,6.0,5.4,5.2,5.4,5.2,8.3,5.4,3.8
54095,11.4,10.3,8.8,8.6,8.9,9.1,8.9,7.7,7.2,7.8,10.6,8.1,5.8
54097,9.3,8.5,7.5,7.0,6.6,7.8,7.5,6.2,5.6,6.0,9.4,6.3,4.8
54099,8.5,7.9,7.3,6.9,6.7,6.9,6.6,5.8,5.8,5.4,8.3,5.3,4.0
54101,10.2,9.2,10.3,10.2,8.4,7.4,8.4,6.3,6.2,6.3,9.3,6.2,4.4
54103,11.8,10.3,9.1,9.0,10.1,9.8,9.2,7.6,7.0,7.3,10.0,6.9,5.6
54105,12.5,11.3,10.6,10.0,9.5,10.1,8.8,7.9,6.9,7.9,10.7,7.7,5.9
54107,8.9,8.0,7.0,6.1,5.8,6.1,5.7,5.5,5.4,5.1,8.7,5.4,4.1
54109,10.4,8.6,8.9,9.1,9.4,9.4,10.2,7.1,6.9,7.0,9.8,6.0,4.3
55001,12.2,11.5,10.8,10.8,8.7,7.1,5.9,5.0,4.7,4.9,9.8,6.3,4.8
55003,10.9,9.9,9.1,9.1,7.4,6.1,5.3,4.5,4.2,4.6,8.8,5.2,3.9
55005,9.1,8.3,7.8,7.4,5.7,4.9,4.4,3.5,3.3,3.8,6.2,4.0,3.3
55007,10.9,10.5,10.6,10.9,9.4,8.1,6.7,5.1,4.8,5.4,9.4,5.9,4.8
55009,7.7,7.0,6.5,6.2,4.8,4.0,3.5,2.9,2.7,3.0,6.2,3.5,2.6
55011,7.6,6.8,6.2,6.5,5.5,4.8,4.3,3.7,3.4,4.0,7.6,4.3,3.9
55013,10.9,10.0,8.9,8.4,7.9,6.8,5.8,4.8,4.6,5.2,9.2,5.4,4.6
55015,6.7,5.8,5.3,5.2,4.1,3.5,3.1,2.8,2.6,2.7,4.8,2.9,2.3
55017,8.3,7.6,6.7,6.7,5.3,4.6,4.1,3.5,3.3,3.7,6.4,4.0,3.4
55019,10.1,8.2,7.3,7.0,5.4,4.3,3.8,3.0,2.8,3.2,4.6,3.3,2.6
55021,8.3,7.7,7.1,6.5,5.2,4.3,3.5,2.9,2.7,2.9,6.0,3.5,2.6
55023,10.3,9.0,8.3,8.1,7.0,5.7,4.8,4.1,3.7,4.1,7.5,4.6,3.8
55025,5.8,5.2,4.8,4.7,3.6,3.1,2.8,2.4,2.2,2.3,4.9,2.9,2.1
55027,8.9,7.6,7.0,6.8,5.3,4.3,3.6,2.9,2.6,2.9,5.4,3.2,2.6
55029,11.1,11.7,10.1,9.8,8.1,6.5,4.8,3.8,3.6,3.6,7.0,4.5,3.1
55031,8.2,7.3,6.8,6.6,5.6,4.8,5.1,4.4,3.9,4.0,9.3,4.5,4.1
55033,7.8,7.1,6.5,6.3,5.1,4.4,4.0,3.2,3.0,3.4,5.7,3.7,3.1
55035,6.8,6.3,5.7,5.6,4.4,3.7,3.3,2.9,2.6,2.9,5.7,3.3,2.5
55037,10.2,9.7,8.2,8.2,7.4,6.6,5.8,4.7,3.8,4.6,8.2,4.9,3.6
55039,8.3,7.1,6.4,6.1,4.8,4.0,3.4,2.8,2.6,2.8,6.0,3.3,2.6
55041,11.5,11.3,10.8,10.9,8.6,7.3,6.1,5.0,4.8,5.0,12.8,6.7,4.7
55043,7.5,6.6,5.9,5.8,4.7,4.3,3.8,3.1,2.8,3.1,5.3,3.1,2.7
55045,7.8,6.7,6.1,5.7,4.4,3.7,3.2,2.7,2.6,2.8,5.0,3.1,2.4
55047,9.1,8.0,7.4,7.9,6.3,5.3,4.8,3.7,3.3,3.7,7.0,4.4,3.4
55049,8.1,7.2,6.6,6.4,5.0,4.1,3.4,2.9,2.6,2.8,6.2,3.5,2.6
55051,11.2,10.5,10.3,10.6,9.3,8.6,7.3,6.1,5.8,5.8,11.5,6.5,5.2
55053,8.6,7.8,7.2,7.0,5.8,4.7,4.3,3.3,3.1,3.7,9.5,5.2,3.8
55055,8.6,7.4,6.6,6.2,4.9,4.1,3.8,3.2,2.8,3.0,5.6,3.4,2.7
55057,9.8,9.0,8.3,8.1,6.4,5.0,4.3,3.3,3.0,3.2,7.4,4.4,3.2
55059,10.1,8.8,8.0,7.6,6.0,5.0,4.6,3.8,3.5,3.8,7.2,4.4,3.3
55061,8.0,7.2,6.4,6.3,5.0,4.0,3.6,3.1,2.9,3.1,4.7,3.0,2.5
55063,6.5,5.8,5.4,5.3,4.3,3.8,3.5,2.9,2.6,2.8,5.5,3.1,2.5
55065,7.0,6.2,5.5,5.3,4.2,3.6,3.1,2.5,2.3,2.5,4.4,2.7,2.4
55067,10.8,9.9,9.1,9.0,7.4,5.9,5.1,4.2,3.9,4.0,6.6,4.6,3.6
55069,11.1,9.6,9.0,8.3,6.1,4.9,4.3,3.5,3.1,3.6,6.1,3.8,3.1
55071,9.7,8.2,7.6,7.3,6.0,4.9,4.2,3.5,3.1,3.3,6.3,3.5,2.8
55073,9.1,7.7,7.2,6.7,5.0,3.9,3.5,2.9,2.6,2.8,5.1,3.1,2.5
55075,10.9,9.5,8.2,7.9,6.7,5.7,5.3,4.4,4.0,4.4,8.0,4.5,3.8
55077,10.6,9.7,8.6,8.4,7.1,6.0,5.0,3.8,3.5,3.8,6.9,4.6,3.6
55078,17.2,16.8,16.1,15.7,12.2,9.4,7.5,5.9,5.8,7.8,15.7,8.5,5.4
55079,9.8,9.1,8.5,8.3,6.8,5.6,4.9,4.0,3.6,3.8,8.4,5.4,3.7
55081,7.8,7.2,7.2,6.8,5.3,4.4,3.7,2.9,2.7,2.9,5.7,3.3,2.6
55083,10.6,9.4,8.3,7.7,6.1,5.0,4.3,3.5,3.3,3.5,6.4,3.8,3.1
55085,10.0,9.2,8.6,8.5,6.6,5.6,4.7,3.8,3.5,4.2,7.4,4.4,3.3
55087,7.9,6.9,6.3,6.1,4.7,3.9,3.5,3.0,2.8,2.8,5.6,3.2,2.5
55089,7.0,6.0,5.4,5.2,4.2,3.6,3.3,2.7,2.5,2.7,5.5,3.1,2.4
55091,7.3,6.2,5.6,5.6,4.7,4.1,3.7,3.5,3.2,3.6,6.0,3.5,3.1
55093,6.8,5.9,5.4,5.2,4.4,3.8,3.9,3.3,3.2,3.3,7.1,3.7,3.3
55095,9.8,8.4,7.9,7.1,5.6,4.7,4.5,3.7,3.7,3.9,7.3,4.4,3.8
55097,7.9,7.3,7.2,6.9,5.5,4.5,3.7,3.0,3.0,3.1,5.5,3.6,2.9
55099,10.7,8.7,7.4,6.8,5.3,4.3,4.2,3.7,3.7,4.2,6.9,4.3,3.4
55101,10.0,8.8,8.2,8.3,6.5,5.5,4.8,4.0,3.6,3.9,7.4,4.8,3.5
55103,8.9,7.3,6.2,6.0,5.0,4.1,3.7,3.0,2.6,3.0,5.2,3.6,2.9
55105,11.1,9.3,8.2,7.7,6.0,5.1,4.3,3.7,3.2,3.6,7.3,4.5,3.4
55107,12.1,10.8,8.9,8.5,6.5,5.3,5.0,4.4,3.9,4.7,6.8,4.5,3.7
55109,7.5,6.2,5.7,5.3,4.4,3.7,3.7,3.1,3.0,3.2,7.2,3.6,3.1
55111,8.3,7.4,6.8,6.2,4.9,4.0,3.5,2.9,2.5,2.8,7.7,4.1,2.8
55113,11.1,10.8,10.6,10.9,8.8,7.7,6.1,4.6,4.3,4.6,8.0,5.2,4.0
55115,10.1,8.9,7.9,7.4,5.8,4.8,4.0,3.2,3.0,3.1,6.5,3.8,2.9
55117,9.1,8.0,6.7,6.0,4.5,3.7,3.3,2.8,2.5,2.6,5.8,3.2,2.4
55119,10.1,8.2,7.1,6.4,5.3,4.3,4.0,3.4,3.1,3.5,5.0,3.5,3.4
55121,7.4,6.5,5.6,5.5,4.5,3.8,3.6,3.0,2.8,3.5,7.1,3.8,3.1
55123,7.8,6.8,6.3,5.9,4.8,4.0,3.6,3.1,2.9,3.2,5.3,3.3,2.7
55125,11.1,10.7,9.9,10.1,8.3,6.9,5.5,4.3,3.9,4.1,7.3,4.9,3.9
55127,8.9,7.8,7.1,6.8,5.5,4.5,3.9,3.2,2.9,3.2,6.2,3.7,2.9
55129,9.5,8.7,7.8,7.4,6.1,5.2,4.9,3.9,3.9,3.9,7.0,4.7,3.7
55131,7.9,6.7,6.0,5.7,4.5,3.7,3.3,2.8,2.5,2.7,5.7,3.1,2.4
55133,7.2,6.3,5.7,5.5,4.4,3.7,3.4,2.9,2.6,2.8,5.7,3.2,2.5
55135,9.3,8.1,7.5,7.3,5.6,4.5,3.9,3.2,2.9,3.1,5.6,3.6,3.0
55137,10.6,9.6,8.6,8.5,7.1,6.1,4.9,3.9,3.5,3.9,6.5,4.3,3.4
55139,7.6,6.9,6.6,6.3,5.1,4.1,3.5,3.0,2.7,2.9,5.6,3.3,2.5
55141,9.1,8.1,7.4,7.2,6.6,5.4,4.6,3.7,3.4,3.7,6.8,4.5,3.3
56001,4.8,4.5,4.4,3.8,3.6,3.1,3.2,3.0,3.3,3.1,3.8,3.4,3.0
56003,7.2,6.5,5.8,5.2,4.7,4.4,5.0,4.4,4.7,4.4,5.0,4.5,4.0
56005,6.5,5.2,4.8,4.3,3.5,3.9,7.2,5.0,4.1,3.8,6.9,5.3,3.4
56007,7.2,6.3,5.3,4.4,4.2,3.7,4.7,4.1,3.7,3.5,4.6,4.0,3.5
56009,5.9,5.1,4.4,3.7,3.2,3.6,6.3,4.6,3.7,2.9,6.0,4.9,2.9
56011,5.4,5.2,5.0,4.5,4.1,3.5,4.6,3.6,3.2,3.3,3.9,3.4,2.9
56013,7.5,6.9,6.2,5.8,5.2,5.5,7.2,5.7,5.2,4.5,6.3,4.8,3.8
56015,5.3,5.1,4.8,4.2,3.8,3.2,3.5,3.0,3.3,3.8,4.4,3.5,2.8
56017,5.6,5.4,4.9,4.8,4.4,4.1,4.8,4.0,3.7,3.6,5.0,3.9,2.8
56019,7.4,6.6,5.5,5.1,4.7,4.8,5.4,4.3,4.0,3.8,5.6,4.2,3.3
56021,7.2,6.6,5.9,4.8,4.5,3.9,4.2,3.8,3.9,3.5,5.2,4.1,3.4
56023,9.0,8.3,7.4,5.8,5.4,4.7,4.7,3.8,3.8,3.4,5.0,3.9,3.3
56025,7.5,6.4,5.2,4.6,4.2,4.8,7.2,5.4,4.6,4.0,7.9,6.1,3.9
56027,4.9,4.4,4.0,3.5,3.5,3.0,3.3,2.8,2.7,2.9,3.7,3.7,2.8
56029,6.6,6.1,5.7,5.1,4.7,4.2,4.8,4.4,4.4,4.2,5.4,4.2,3.4
56031,6.0,5.3,5.1,4.4,4.0,3.9,4.8,3.8,3.7,3.6,5.1,4.1,3.4
56033,7.9,7.3,6.4,5.6,4.9,4.2,4.7,4.0,4.1,3.7,5.0,4.3,3.2
56035,6.3,4.9,5.0,4.8,4.5,5.1,6.5,4.6,4.3,4.7,7.3,5.7,3.9
56037,7.1,5.6,4.9,4.4,4.2,4.6,6.1,4.7,4.2,4.0,7.5,5.6,3.9
56039,8.3,8.0,6.9,5.7,4.9,3.8,3.5,2.9,3.0,2.8,5.9,3.3,2.6
56041,7.6,6.6,5.8,5.3,5.0,4.9,5.8,4.7,4.4,4.0,6.4,5.1,3.6
56043,6.4,5.9,5.3,5.0,4.5,4.1,4.8,4.1,4.2,4.1,5.3,4.1,3.9
56045,5.2,4.8,4.2,3.6,3.5,3.4,5.0,4.1,3.5,3.0,3.9,3.2,2.6
